Guid,Title,Time,Duration,Postcode,Latitude,Longitude,Venue,Address,What3Words,Day,Hearing,Wheelchair,Chit,Open,OpenFormat,Format,Note,Region,Area,Country,Type
e18f9cff-d1af-5579-92ac-010d49ae7cf9,Acton Oak Tree Beginners As Bill Sees It,19:30,"1hr ",W3 9NX,51.507875,-0.27298,Oak Tree Anglican Fellowship,216 High St,,Tuesday,False,True,False,True,Open,,,,,England,Alcoholics Anonymous
f0ec0c19-bd5a-53cf-a847-ba02e27f7253,Alton,20:00,1hr 15mins,GU34 1LG,51.146886,-0.977419,Alton Methodist Church,Drayman's Way,,Tuesday,False,True,False,True,Open,,Entrance to Methodist Church is opposite Wetherspoons,,,England,Alcoholics Anonymous
b9202e14-8f77-587e-bda9-e65c499babc7,Arsenal Polish Speaking,19:30,1hr 15mins,SE18 5QL,51.493785,0.053724,Clockhouse Community Centre,Defiance Walk,,Wednesday,False,True,True,True,Open,,,,,England,Alcoholics Anonymous
ef35d61e-c711-5372-a92a-0cb89c6c615a,Atherstone Topic,19:00,"1hr ",CV9 1NJ,52.566748,-1.528622,St Peter's Church,"Mancetter Rd, Mancetter",,Saturday,False,True,False,True,Open,,,,,England,Alcoholics Anonymous
d175a413-9f3e-54c9-a6f6-b81e5f687f71,Bournemouth 12 Step Study,19:45,1hr 15mins,BH6 4BJ,50.720614,-1.78984,Citygate Church,"Admiralty Rd,  Southbourne",,Tuesday,False,True,True,True,Open,,,,,England,Alcoholics Anonymous
0199251f-d8e9-51f0-ac21-b7556523ff26,Bournemouth Big Book Step,19:00,"1hr ",BH4 9AE,50.722419,-1.903843,Our Lady Immaculate Church Hall,"33 Seamoor Rd, Westbourne",,Friday,False,True,False,False,,,,,,England,Alcoholics Anonymous
e0994589-78de-582b-acf2-d15fad2df8f7,Bruton,11:00,"1hr ",BA10 0EB,51.111798,-2.452746,Bruton Community Hall,Silver St,,Thursday,False,False,False,True,Open,,,,,England,Alcoholics Anonymous
101a58d2-e276-51a6-ae7f-53cc1b849902,Christ Church,19:30,1hr 30mins,E14 3DR,51.489543,-0.006866,Christ Church,"151 Manchester Rd, Island Gardens",,Monday,False,True,False,True,Open,,,,,England,Alcoholics Anonymous
ce997777-c2af-5c12-8480-e02ec8d7557c,Covent Garden Newcomers Big Book Study,20:00,"1hr ",WC2N 4EH,51.510773,-0.126638,The Westminster Quaker Meeting House,8 Hop Gardens,,Saturday,False,True,False,True,Open,,,,,England,Alcoholics Anonymous
fd4959e5-9ed5-5755-ac70-a6056075c9cc,Daventry Just For Today,11:00,"1hr ",NN11 4BZ,52.254877,-1.161867,St Augustine Rc Church,32 London Rd,,Saturday,False,True,True,True,Open,,,,,England,Alcoholics Anonymous
99175335-93e4-5435-be34-901509f469c0,Daventry Just For Today Hybrid,19:30,"1hr ",NN11 4BZ,52.254877,-1.161867,St Augustine Rc Church,32 London Rd,,Wednesday,False,False,True,True,Open,,Meeting also held on Zoom ID: 8644437460 Passcode: JFT Email: nortonwednesday@gmail.com,,,England,Alcoholics Anonymous
b9300db9-e08f-5cab-9284-9bd8b938128b,Daventry Share,19:30,"1hr ",NN11 4BZ,52.254877,-1.161867,St Augustine Rc Church,32 London Rd,,Thursday,False,False,True,True,Open,,,,,England,Alcoholics Anonymous
0999d2dd-2e91-52a5-8713-66bc75bd69eb,Denby Dale,19:30,1hr 30mins,HD8 8RX,53.573607,-1.6531,Denby Dale Community Library,"Wakefield Road, Denby Dale",,Sunday,False,True,True,True,Open,,,,,England,Alcoholics Anonymous
a9a9ff51-21d9-5752-a19f-8ae5da0c9c2c,Didcot Midweek Recovery,19:30,1hr 30mins,OX11 8TP,51.604264,-1.229258,Fleet Meadow Community Hall,Sandringham Rd,,Wednesday,False,True,False,False,,,,,,England,Alcoholics Anonymous
941bf2e8-5bf5-53c5-bc07-2b0983697f3e,Dover Big Book Study,19:30,1hr 15mins,CT16 1PF,51.125884,1.313958,The Beehive,Stembrook St,,Monday,False,True,False,False,,,,,,England,Alcoholics Anonymous
b8434bbd-c6de-5b28-a37d-9e14929ee873,Ewell Newcomers Chip,18:30,"1hr ",KT19 9QZ,51.354347,-0.267049,Webber Hall,"All Saints Church, Fulford Rd",,Monday,False,False,False,True,Open,,,,,England,Alcoholics Anonymous
39d162f8-54a3-526c-9ec1-19a9466cf01c,Ewell Step & Tradition,18:00,"1hr ",KT19 9QZ,51.354347,-0.267049,Webber Hall,"All Saints Church, Fulford Rd",,Wednesday,False,True,True,False,,,,,,England,Alcoholics Anonymous
b1788877-f800-56b0-873a-a75388031782,Farnham Discussion,11:15,"1hr ",GU9 7QU,51.214617,-0.796594,Studio Room,"The Spire Church, South St",,Tuesday,False,True,False,True,Open,,,,,England,Alcoholics Anonymous
ccadf424-a339-5fef-8aee-faecba99a25f,Halstead Daily Reflection,19:00,"1hr ",CO9 2DA,51.945664,0.638435,The Baptist Church,Hedingham Rd,,Thursday,False,True,False,False,,,,,,England,Alcoholics Anonymous
b4bfd716-fa3b-5e13-9d7f-0c69add3eb84,Handsworth Punjabi/English,20:00,1hr 30mins,B21 9PB,52.511757,-1.935678,Laurel Road Community Sports Centre,"Laurel Rd, Handsworth",,Thursday,False,True,False,True,Open,,,,,England,Alcoholics Anonymous
4b428698-816b-5f2f-b69a-bf5991068441,Harrow Lunchtime  As Bill Sees It,12:30,"1hr ",HA3 5EE,51.601392,-0.338745,St Joseph's Church Hall,"191 High St, Wealdstone",,Thursday,False,True,False,False,,,,,,England,Alcoholics Anonymous
fbdc6488-cb97-5839-98ef-84e4da3bd8f3,Harrow Lunchtime Big Book,12:30,"1hr ",HA3 5EE,51.601392,-0.338745,St Joseph's Church Hall,"191 High St, Wealdstone",,Wednesday,False,True,False,False,,,,,,England,Alcoholics Anonymous
1b3c4908-5500-5ddc-bf55-50faa9ca7321,Helston,19:30,1hr 15mins,TR13 8EL,50.100405,-5.276944,Central Methodist Church,44 Coinagehall St,,Wednesday,False,False,False,False,,,The door is locked at 7.30 pm. Please ring the doorbell and we will let you in.,,,England,Alcoholics Anonymous
9982b515-22aa-5cc3-a711-e77b6215d398,Hindhead Discussion,20:00,1hr 15mins,GU26 6RB,51.124556,-0.743857,St Alban's Church,"Tilford Rd, Beacon Hill",,Tuesday,False,False,False,True,Open,,,,,England,Alcoholics Anonymous
f1d8f7d5-175b-5f03-928a-14d43d0e3854,Kentish Town Newcomers,18:30,"1hr ",NW5 2XT,51.551567,-0.137598,Our Lady Of Help Church,4 Lady Margaret Rd,,Wednesday,False,True,True,True,Open,,Entrance to the Hall in Falkland Rd,,,England,Alcoholics Anonymous
777fdfb7-e0e9-5d79-b54b-c3545bf4aab1,Kings Bromley,19:00,1hr 30mins,DE13 7HR,52.748127,-1.804082,Wat Mahathat Buddhist Temple,"Eastfields House, Alrewas Rd, Kings Bromley",,Thursday,False,False,True,False,,,,,,England,Alcoholics Anonymous
8422dc9d-db30-5fdb-a95a-e14ceb1fc081,Knightsbridge Kinnerton Street,19:00,"1hr ",SW1X 8ED,51.501335,-0.157092,St Paul's Church Hall,77-79 Kinnerton St,,Wednesday,False,False,False,True,Open,,,,,England,Alcoholics Anonymous
48c5fde1-5a9f-5696-ac34-7aae25c61f80,Lowestoft Big Book Stories,19:00,"1hr ",NR32 1EA,52.474786,1.75256,The Salvation Citadel,Beach Rd,,Friday,False,False,False,True,Open,,,,,England,Alcoholics Anonymous
48bac900-60e3-51f9-aa4e-3a9f4b58fb20,Lutterworth Ladies Big Book Study,19:00,"1hr ",LE17 4NA,52.464369,-1.202951,Churchgate Community Centre,Church Gate,,Monday,False,True,True,True,Open,,,,,England,Alcoholics Anonymous
b1e381c8-d046-5284-88e0-1c58820403e5,Margate Chair,19:30,1hr 30mins,CT9 1LN,51.383642,1.384608,St Johns Community Centre,"St Johns Church, Victoria Rd",,Friday,False,True,False,True,Open,,,,,England,Alcoholics Anonymous
aea3a314-ad02-5fac-9d19-3bba52ad72d2,Margate Sunrisers,07:00,"1hr ",CT9 1LN,51.383642,1.384608,St Johns Community Centre,"St Johns Church, Victoria Rd",,Monday,False,True,False,False,,,,,,England,Alcoholics Anonymous
f0ba3485-5e38-568e-9c51-09fa07d0b8e1,Market Harborough Women In Sobriety Big Book Study,12:00,1hr 30mins,LE16 7JD,52.481151,-0.922196,Market Harborough Congregational Church,Bowden Ln,,Saturday,True,True,True,True,Open,,"Car parking can be found to the rear of the church and it is pay and display. The meeting can be found through the glass doors on the Bowden lane entrance, up the stairs, the Ashley room is on the right.",,,England,Alcoholics Anonymous
81a2b67d-9d2a-5135-8c32-7bdd819cf734,Mayfair - A New Freedom Newcomers,19:30,"1hr ",W1K 2PA,51.509058,-0.151222,Grosvenor Chapel (Right-Hand Side Entrance),24 South Audley St,,Monday,False,False,True,True,Open,,,,,England,Alcoholics Anonymous
b68c1cb0-3c37-59dd-a1e5-12d4e3d61687,Mayfair Hybrid,19:00,1hr 30mins,W1K 2PA,51.509058,-0.151222,Grosvenor Chapel (Right-Hand Side Entrance),24 South Audley St,,Friday,False,False,False,True,Open,,https://us02web.zoom.us/j/85769418347?pwd=VVJQQWhkRTA3RDBjZFhJKzRBdFBjQT09  Zoom Meeting ID: 857 6941 8347 Passcode: 297547,,,England,Alcoholics Anonymous
c899be51-4ebe-5989-82e5-cb6d93259364,Midsomer Norton,19:30,1hr 15mins,BA3 2DR,51.286974,-2.480651,Midsomer Norton Methodist Church,High St,,Tuesday,False,True,False,True,Open,,,,,England,Alcoholics Anonymous
d70e9205-c25c-5a9f-bfd2-385d6b856abf,Newton Leys Life Starts Here,20:00,"1hr ",MK3 5SP,51.9926742,-0.7515198,Newton Leys Pavilion,"Furzey Way, Newton Leys",,Tuesday,False,True,False,False,,,,,,England,Alcoholics Anonymous
9493e30c-31d6-5861-9901-e3f1e193ecbd,Nottingham Sherwood,11:30,"1hr ",,40.2908242,-74.3274453,Methodist Church,"Devon Drive, Sherwood",,Tuesday,False,True,False,True,Open,,,,,England,Alcoholics Anonymous
37ff246f-03cb-5960-aefd-726329d0043c,Ockley Discussion,19:45,1hr 15mins,RH5 5SY,51.15178,-0.357884,Ockley Village Hall,Stane St (A29),,Sunday,False,True,False,True,Open,,,,,England,Alcoholics Anonymous
4e19d314-53cf-5156-9180-814b6cc954e4,Old Street Recovery Group  - Step Discussion,18:00,"1hr ",EC1V 8DA,51.527785,-0.097593,King Square Community Hall,"King Sq, Central St",,Tuesday,False,False,False,False,,,Doors open at 17:40,,,England,Alcoholics Anonymous
66d47b30-3465-5078-b49c-1516882e7167,Plawsworth Big Book Step Study,19:30,1hr 30mins,DH2 3NL,54.828081,-1.593157,Changing Lives Centre,"The Fells, Great North Rd",,Monday,False,True,True,True,Open,,,,,England,Alcoholics Anonymous
58e49244-71cc-5f0e-8967-6e35af9d3a6b,Portslade 999,19:30,1hr 30mins,BN41 2LE,50.842669,-0.219841,The Parish Centre,"South St, Portslade",,Tuesday,False,True,False,False,,,,,,England,Alcoholics Anonymous
d7722e0b-3db2-5908-9cc4-67f60f80f85a,Redditch Lunchtime,13:00,"1hr ",B98 7DQ,52.302213,-1.940752,The Redi Centre,54 South St,,Thursday,False,True,False,False,,,,,,England,Alcoholics Anonymous
f563d21e-4767-5bce-8d4a-05be0de6eed4,Reigate Woodhatch,20:00,1hr 15mins,RH2 7LR,51.225571,-0.196274,Reigate Baptist Church,"Sycamore Walk, Off Hornbeam Rd, Woodhatch",,Thursday,False,True,False,False,,,,,,England,Alcoholics Anonymous
5f9e6efb-548b-5434-9a8a-54d26743912f,Salisbury,19:30,1hr 15mins,SP2 7RG,51.068999,-1.798819,United Reformed Church,30 Fisherton St,,Friday,False,True,False,False,,,,,,England,Alcoholics Anonymous
e5305880-5ef2-5dc3-9977-fc929089ab43,Saltdean Lido Meditation,07:30,"1hr ",BN2 8SP,50.801792,-0.04198,Saltdean Lido,Saltdean Park Rd,,Wednesday,True,True,True,True,Open,,,,,England,Alcoholics Anonymous
081bd60a-1a81-5340-94e0-308fb6b73ffa,Seaham Literature,18:30,"1hr ",SR7 7PR,54.822128,-1.327699,,"1A Lighthouse View, First Floor, East Wing, Spectrum Business Pk",,Sunday,False,True,False,True,Open,,,,,England,Alcoholics Anonymous
22d91b40-6d77-5d9a-90a4-99aa4ea10c30,Sittingbourne Road To Recovery,20:00,1hr 30mins,ME10 4PB,51.340207,0.735773,Sittingbourne Methodist Church Centre,Grafton Rd (Off St Michaels Rd),,Friday,False,False,True,True,Open,,,,,England,Alcoholics Anonymous
3639c70c-941b-5ae0-b64f-b05a35119c08,Sober In Selston,19:15,1hr 30mins,NG16 6DJ,53.070869,-1.316755,The Old Council Offices,"Alfreton Rd, Selston",,Thursday,False,False,False,False,,,,,,England,Alcoholics Anonymous
2aab0ff0-fe40-5436-a743-1aa2af551e4a,Southbourne General Share,19:45,1hr 15mins,BH6 4BJ,50.720614,-1.78984,Citygate Church,"Admiralty Rd,  Southbourne",,Thursday,False,True,False,False,,,,,,England,Alcoholics Anonymous
aaa2175c-612c-5331-91ed-dd3f50b7ca01,Sunderland Lifeboat Multi-Group 12 X 12 Step Study,19:30,1hr 30mins,SR2 7QY,54.893725,-1.399695,St Nicholas Church,Dunelm South,,Tuesday,False,True,True,True,Open,,Chit system available.,,,England,Alcoholics Anonymous
72606dd1-8f8f-576b-8ec0-de6c6f930e44,Sunderland Lifeboat Multi-Group Big Book Study,19:30,1hr 30mins,SR3 3TE,54.872075,-1.444833,Middle Herrington Methodist Church,Crow Lane,,Sunday,False,True,True,True,Open,,Chit system available.,,,England,Alcoholics Anonymous
b0336fd6-e6e8-58b9-b521-2b84971b7a13,Sunderland Lifeboat Multi-Group Guided Big Book Study,19:30,1hr 30mins,SR2 7QY,54.893725,-1.399695,St Nicholas Church,Dunelm South,,Wednesday,False,True,True,True,Open,,Chit system available.,,,England,Alcoholics Anonymous
c8ce2f91-57bb-5cdb-9ff5-71fa75b520b9,Sunderland Unity,14:30,1hr 30mins,SR1 1UN,54.908106,-1.37716,,138 High Street West,,Thursday,False,False,True,True,Open,,,,,England,Alcoholics Anonymous
84876a27-bdeb-5f84-9a1d-857cdc2babb6,Sutton Inspire Newcomers,13:00,1hr 30mins,SM2 5JG,43.3599357,-72.1849899,Inspire,"Orion House, 19 Cedar Rd",,Wednesday,False,True,False,False,,,,,,England,Alcoholics Anonymous
95eaa7ef-1918-5f82-94fa-93d800d12ff7,Tetbury Steps 3 & 11,18:00,"1hr ",GL8 8DH,51.636393,-2.158028,St Michael's Catholic Church Hall,Entrance At 31 Silver St,,Sunday,False,False,False,True,Open,,,,,England,Alcoholics Anonymous
3b3a4a4d-5c17-564a-a03a-92be5e2543f7,The Infernal Circle  (2Nd & 4Th Week Each Month Only),20:00,"1hr ",BS37 6PA,51.573732,-2.394668,Oxwick Farm,"Oxwick, Yate",,Thursday,False,True,False,True,Open,,Meeting held on the 2nd and 4th Thursday of each month only. Email:  infernalcircleaa@gmail.com,,,England,Alcoholics Anonymous
79da7fc4-6788-5479-9d32-df2966a4eaa6,Torquay Babbacombe Lunchtime,12:30,1hr 30mins,TQ1 3QT,50.477034,-3.517523,The Church Hall Of All Saints Church,"Cary Ave, Babbacombe",,Monday,False,True,False,True,Open,,,,,England,Alcoholics Anonymous
cb72a1e7-ce36-593b-a5cf-f6110a61600b,United Under One Roof,12:30,"1hr ",SE1 6EU,51.496522,-0.105105,Missionaries Of Charity,"112 St George's Rd, Mtg Is In Basement. Access Via Iron Stairs Outside",,Saturday,False,False,False,True,Open,,A Roots & Culture Meeting. All are Welcome.,,,England,Alcoholics Anonymous
9fe22039-6350-5183-b8e0-0529de0c57c1,Waltham Cross,20:00,1hr 15mins,EN8 7DP,51.689028,-0.032986,St Josephs Church Hall,"204 High St, Access Is At Rear Of The Church Via The Car Park",,Sunday,False,False,False,True,Open,,Meeting will be open from 19.30 for 20.00 start.,,,England,Alcoholics Anonymous
70889871-4450-5a9c-bd8e-9fad77055b5f,Welwyn Garden City There Is A Solution,19:30,1hr 15mins,AL7 4JS,51.78556,-0.195116,St Mary Magdalene Church,Hollybush Lane,,Tuesday,False,False,False,False,,,,,,England,Alcoholics Anonymous
259860fb-6963-5f04-8d72-82acec64c306,Whaley Bridge,20:00,1hr 30mins,SK23 7HX,53.324748,-1.985352,Holy Trinity Church,Buxton Rd,,Saturday,False,True,False,True,Open,,,,,England,Alcoholics Anonymous
d92be611-ae0b-573e-bb1d-8c08fa5f5f7c,Whitley Bay Morning Womens,09:30,1hr 30mins,NE26 2LY,55.041465,-1.440614,The Big Local,158 Whitley Rd,,Sunday,False,True,False,False,,,,,,England,Alcoholics Anonymous
5404de29-0473-5b31-ae66-2a8f7db59e8b,Worthing Step One Newcomers,12:00,1hr 30mins,BN11 3DN,50.810792,-0.36916,St Clare's Community Hub,6-8 Marine Place,,Saturday,False,True,False,True,Open,,,,,England,Alcoholics Anonymous
969aab33-296e-5230-8832-b6e6badb7074,Wrexham Hybrid,19:30,1hr 30mins,LL14 3EA,52.976788,-3.067225,St John's Church,"Church Rd, Rhosymedre",,Friday,False,True,True,True,Open,,Ample free parking. Link to online meeting:  meet.google.com/xfj-hrvc-fmb,,,England,Alcoholics Anonymous
bfc6992e-d9a7-5339-a4c3-1a941c62dbe5,Birmingham Jednosc Polish Speaking,14:30,"2hr ",B4 7UG,52.480135,-1.892907,,6 New Meeting Street,,Sunday,False,False,True,True,Open,,,Birmingham,Midlands,England,Alcoholics Anonymous
2654a3d0-9c18-5e62-b9e5-226efd9480b6,West Heath,12:00,"1hr ",B31 3QY,52.398795,-1.963037,West Heath Community Centre,Condover Rd,,Friday,False,True,False,False,,,,Birmingham,Midlands,England,Alcoholics Anonymous
b70e0e04-86d5-594a-8dd8-ab3b694c6efb,Cannock Morning,08:30,1hr 30mins,WS11 5DD,52.702836,-2.015555,Chadsmoor Methodist Church,"Cannock Rd, Chadsmoor",,Saturday,False,False,False,False,,,"Experience, Strength & Hope (Last week of each month Step Meeting)",Black Country,Midlands,England,Alcoholics Anonymous
fcb827ba-c4b4-5212-aa8f-83e68f3f78ff,Cradley Heath,19:45,1hr 30mins,B64 5JG,52.476676,-2.073601,Cradley Heath Community Centre,Reddal Hill Rd,,Wednesday,False,True,True,True,Open,,,Black Country,Midlands,England,Alcoholics Anonymous
9064b11e-cdc4-521d-907d-c53871818b48,Lye Atlantic House,12:30,1hr 30mins,DY9 8BQ,52.463532,-2.115138,Atlantic House,Dudley Rd,,Monday,False,True,True,True,Open,,Chit system available. No mtgs held on Bank Holidays.,Black Country,Midlands,England,Alcoholics Anonymous
57b17eb5-afde-5c41-af0e-8d850f706df1,Pomocna Dlon (Polish Speaking),14:30,"2hr ",WV10 6DQ,52.608866,-2.131548,,265 Stafford Rd,,Sunday,False,False,False,True,Open,,,Black Country,Midlands,England,Alcoholics Anonymous
98ac70b3-6552-57e1-be43-150db4a44642,Tipton Women In Recovery,11:00,1hr 30mins,DY4 9BP,52.530275,-2.066948,St Paul's Community Centre,Brick Kiln St,,Thursday,False,True,True,False,,,,Black Country,Midlands,England,Alcoholics Anonymous
e83bdee3-3093-5bcc-8f39-2b80806c979d,Wolverley,19:30,1hr 30mins,DY11 5TH,52.411141,-2.253448,St John The Baptist Church,"Church Bank, Wolverley",,Wednesday,False,False,False,True,Open,,,Black Country,Midlands,England,Alcoholics Anonymous
c4de548e-265c-56b4-a765-4530c2b499e0,Blackpool Young Person's,19:00,"1hr ",FY1 3TE,53.818343,-3.043261,Recovery Hub,258 Church St,,Friday,False,False,False,False,,,,"Blackpool, Fylde and Wyre",North West,England,Alcoholics Anonymous
e977771a-98d5-5775-acfe-19b3f0d7d7e2,Lytham St Annes Living Sober,20:00,"1hr ",FY8 2EA,53.757471,-3.025504,Parish Rooms,2A Oxford Rd,,Thursday,False,True,False,False,,,,"Blackpool, Fylde and Wyre",North West,England,Alcoholics Anonymous
73c248b6-ed48-5b14-b74e-f8d6160ca67b,Bournemouth Back To Basics,10:30,1hr 10mins,BH8 8AJ,50.725394,-1.866081,The Night Shelter,10 St Paul's Lane,,Saturday,False,True,True,True,Open,,,Bournemouth District,South West,England,Alcoholics Anonymous
2f19d03a-baea-54d7-8856-6397a133b9d7,Bournemouth Big Book Study,12:00,1hr 15mins,BH8 9QQ,50.738025,-1.864563,Charminster Spiritualist Church,207 Charminster Rd,,Wednesday,False,True,False,False,,,,Bournemouth District,South West,England,Alcoholics Anonymous
2be0a5a4-0a80-5fcb-9205-a142ced8165e,Bournemouth Living Sober On Monday,12:00,1hr 15mins,BH8 9QQ,50.738025,-1.864563,Charminster Spiritualist Church,207 Charminster Rd,,Monday,False,True,False,True,Open,,Regrettably No Dogs.,Bournemouth District,South West,England,Alcoholics Anonymous
cfc885f3-4af1-544f-9d48-2cae6b224665,Brighton Big Book Study,18:30,"1hr ",BN1 1EA,50.822634,-0.13946,Chapel Royal,164 North St,,Wednesday,False,False,False,False,,,,Brighton Area,South East,England,Alcoholics Anonymous
f2d735a8-f523-579d-abfc-90c68915cc9d,Brighton St Mary Mags Candle Lit,18:30,"1hr ",BN1 3FH,50.825342,-0.148384,St Mary Magdalen's Church Hall,55 Upper North St,,Saturday,False,True,False,True,Open,,,Brighton Area,South East,England,Alcoholics Anonymous
8a5161cf-aefe-5560-b2c1-5f7ae60af791,Brighton Women's,10:00,1hr 30mins,BN2 1ED,50.818723,-0.121586,The Crypt,"St Georges Church, St Georges Rd, Kemptown",,Friday,False,False,True,True,Open,,Chit system available.,Brighton Area,South East,England,Alcoholics Anonymous
8456312a-2dab-5f52-9c0a-ca52b3ea83e0,Brighton Womens Step & Tradition,10:00,"1hr ",BN1 1YD,50.825952,-0.14055,Brighthelm Centre (Roof Room),North Rd,,Monday,False,True,False,True,Open,,,Brighton Area,South East,England,Alcoholics Anonymous
8209dbb6-3602-54d5-a4ab-3f075aa24ea9,Hove Newcomers,18:00,"1hr ",BN3 2FL,50.82696,-0.165955,Cornerstone Community Centre,"St John's Church, Corner Of, 1St Avenue & Church Rd, (Off Palmeira Sq)",,Friday,False,True,True,True,Open,,,Brighton Area,South East,England,Alcoholics Anonymous
bf41086c-c8ca-5f84-9871-8085dc61fee2,Hove Newcomers,19:30,1hr 30mins,BN3 2FL,50.82696,-0.165955,Cornerstone Community Centre,"St John's Church, Corner Of, 1St Avenue & Church Rd, (Off Palmeira Sq)",,Friday,False,True,True,True,Open,,,Brighton Area,South East,England,Alcoholics Anonymous
861137b9-65c2-58c3-9004-2b51b0abeab9,Southwick Step & Tradition,08:30,"1hr ",BN42 4TE,50.834501,-0.233899,Southwick Community Association,24 Southwick St,,Sunday,False,False,False,False,,,,Brighton Area,South East,England,Alcoholics Anonymous
a2c74a20-df03-5dc1-b86b-0b82c5962ef5,Bristol Downend,19:30,"1hr ",BS16 5RA,51.486996,-2.503478,Downend Baptist Church,"4 Salisbury Rd, Downend",,Monday,True,True,False,True,Open,,,Bristol and District,South Midlands,England,Alcoholics Anonymous
32260773-1098-5d72-b256-a78e681cb52e,Bristol Keystone Steps,18:00,"1hr ",BS1 3NZ,51.458687,-2.593009,St James Priory,1 Whitson St,,Thursday,False,False,True,True,Open,,,Bristol and District,South Midlands,England,Alcoholics Anonymous
2b4034d5-60e9-5f5b-8018-77e01efa52fc,Bristol Made A Decision,19:00,"1hr ",BS16 3QG,51.474492,-2.53123,St John's Church Hall,Lodge Causeway,,Friday,False,True,False,True,Open,,,Bristol and District,South Midlands,England,Alcoholics Anonymous
4e08d77c-c73f-586b-91ee-95014d9a2156,Bristol Mens - The Dog House,18:30,"1hr ",BS8 1NU,51.458581,-2.608394,Victoria Methodist Church,1A Whiteladies Rd,,Monday,False,True,False,True,Open,,This is a Men`s Meeting but all are welcome as per Tradition 3,Bristol and District,South Midlands,England,Alcoholics Anonymous
3f9ca26d-4edc-5fc9-a83a-89ba1fb5d0d0,Bristol The Park,13:00,"1hr ",BS4 2RB,51.432913,-2.569789,Redcatch Community Church,"Broad Walk, Knowle",,Thursday,False,True,False,True,Open,,,Bristol and District,South Midlands,England,Alcoholics Anonymous
c940e13e-6792-5bc1-9202-005a9e144407,Bristol Uwierzylismy Polish Speaking,17:30,"2hr ",BS6 5NW,51.46613,-2.580725,Unit 1,"Ashley Court, 153 Ashley Rd",,Wednesday,False,False,False,True,Open,,,Bristol and District,South Midlands,England,Alcoholics Anonymous
475a5f15-dd42-51f7-a55f-0a6679167878,Lodge Causeway,15:00,"1hr ",BS16 3QG,51.474492,-2.53123,St John's Church Hall,Lodge Causeway,,Sunday,True,True,False,True,Open,,,Bristol and District,South Midlands,England,Alcoholics Anonymous
20347fea-a49d-5ee5-9db2-a4188fa0eff7,Newcomers Feelings,19:00,"1hr ",BS8 1LL,51.456315,-2.613331,University Catholic Chaplaincy,"103 Queens Rd, Clifton",,Saturday,False,False,False,False,,,,Bristol and District,South Midlands,England,Alcoholics Anonymous
a3d21842-3f1f-5360-b477-19b6eb387fd1,Newcomers Speaker,20:00,"1hr ",BS8 1LL,51.456315,-2.613331,University Catholic Chaplaincy,"103 Queens Rd, Clifton",,Monday,False,False,False,True,Open,,Open speaker meeting.,Bristol and District,South Midlands,England,Alcoholics Anonymous
e0bc01e3-29d7-515c-81c5-386b28d274c6,Newcomers Step And Tradition,19:30,"1hr ",BS8 1LL,51.456315,-2.613331,University Catholic Chaplaincy,"103 Queens Rd, Clifton",,Wednesday,False,False,False,False,,,Email: Newcomers.clifton@gmail.com,Bristol and District,South Midlands,England,Alcoholics Anonymous
88e85129-3403-5318-8fea-a8d42f5f2b0a,Alderley Edge The Big Book Comes Alive,19:00,1hr 30mins,SK9 7NS,53.303252,-2.234033,St Pius Parish Room,Stamford Rd,,Wednesday,False,True,False,True,Open,,,Cheshire East,North West,England,Alcoholics Anonymous
da0601ea-5c9f-5c24-97b0-6d776558fe87,Altrincham Come And Stay,11:30,1hr 30mins,WA14 4NX,53.38868,-2.352024,Unitarian Chapel,"Small School Room, Sylvan Grove",,Friday,False,False,False,True,Open,,,Cheshire East,North West,England,Alcoholics Anonymous
bc06657a-f465-5fed-b757-ad3ac68ae2bf,Altrincham Priory,11:00,1hr 30mins,WA15 0NU,53.36643,-2.327118,Priory Hospital,"Rappax Rd, Hale",,Saturday,False,True,False,False,,,,Cheshire East,North West,England,Alcoholics Anonymous
8df84bc2-6f9f-5d40-bb74-d25fa96ed451,Handforth Step & Share,19:15,1hr 15mins,SK9 3LF,53.352582,-2.215572,St Mary's Methodist Church,Wilmslow Rd,,Thursday,False,True,True,False,,,,Cheshire East,North West,England,Alcoholics Anonymous
93041592-f11e-53ac-ab13-18ca07743a24,Heaton Chapel Big Book Study,19:00,1hr 30mins,SK4 5AE,53.4192235,-2.1875535,St Thomas's Church,"Wellington Rd North, Heaton Chapel",,Tuesday,False,False,False,False,,,,Cheshire East,North West,England,Alcoholics Anonymous
08723de9-3337-5261-87c4-3a47415b4249,Macclesfield Bollington,20:00,1hr 30mins,SK10 5EG,53.29146,-2.119478,St Oswalds Church,7 Bollington Rd,,Thursday,False,True,False,False,,,,Cheshire East,North West,England,Alcoholics Anonymous
01ea91e2-1809-55c3-a0be-50b21a9f6f7e,New Mills,19:30,1hr 30mins,SK22 4BR,53.36875,-1.999991,Revive Church,"High St, New Mills",,Monday,False,False,False,False,,,,Cheshire East,North West,England,Alcoholics Anonymous
082d5b0f-504d-517f-815e-05dbfaa6dfd4,Stockport Heaton Chapel Big Book Study,13:00,1hr 30mins,SK4 4QG,53.428982,-2.178753,St Thomas's Church,"Wellington Rd North, Heaton Chapel",,Wednesday,False,True,False,False,,,,Cheshire East,North West,England,Alcoholics Anonymous
c98c97a2-c2c9-5ea8-8f97-73b5731a35ed,Warrington,19:30,1hr 30mins,WA4 6PS,53.382679,-2.590049,St James Church,Wilderspool Causeway,,Friday,False,False,False,True,Open,,,Cheshire East,North West,England,Alcoholics Anonymous
1c309f4a-2a97-53d0-81a9-2c89d3cb3cc1,Warrington,19:30,1hr 30mins,WA4 2RP,53.377438,-2.571397,Latchford Baptist Church,Loushers Ln,,Thursday,False,True,False,False,,,,Cheshire East,North West,England,Alcoholics Anonymous
5c54dbe4-f0b0-565d-906b-9c6670a5ff0b,Bisham Women's,19:15,"1hr ",SL7 1RW,51.560808,-0.777695,All Saints Church,"Church Lane, Bisham",,Wednesday,False,True,False,True,Open,,No dogs please.,Chiltern and Thames,South Midlands,England,Alcoholics Anonymous
12f1b4ba-d900-51e5-90bf-dfaf273df2ee,Cippenham,20:00,"1hr ",SL1 5QS,51.518247,-0.644912,Cippenham Baptist Church,Elmshott Lane,,Monday,False,True,True,False,,,,Chiltern and Thames,South Midlands,England,Alcoholics Anonymous
f2279ca5-f5f1-5c6d-bb61-3444d4000539,Clewer Big Book Recovery Ii,11:00,"1hr ",SL4 5JH,51.486655,-0.625544,Gatehouse,"St Andrews Church, Mill Lane, Clewer",,Thursday,False,False,False,False,,,,Chiltern and Thames,South Midlands,England,Alcoholics Anonymous
78342f2f-589e-56ae-80bc-e9f6e2096e13,Cookham Morning,10:00,1hr 15mins,SL6 9SP,51.560604,-0.707445,Holy Trinity Parish Centre,Sutton Rd,,Friday,False,True,False,False,,,,Chiltern and Thames,South Midlands,England,Alcoholics Anonymous
70fa4eb7-3acf-54b7-a07a-ebd382e6801e,Loudwater Discussion,20:00,1hr 15mins,HP10 9QL,51.605385,-0.701047,St Peters Church Hall,Treadaway Hill,,Thursday,False,True,False,True,Open,,,Chiltern and Thames,South Midlands,England,Alcoholics Anonymous
e216bb0d-05ef-5ab2-80a9-62d75c9db3b1,Marlow,11:00,1hr 15mins,SL7 2AA,51.568711,-0.773284,All Saints Church Hall,87 The Causeway,,Monday,False,True,False,True,Open,,Public parking nearby.,Chiltern and Thames,South Midlands,England,Alcoholics Anonymous
c17be2eb-f237-537d-a4c6-7ce91d6d3bde,Marlow Step,20:00,"1hr ",SL7 1NQ,51.56893,-0.772171,Pugin Rooms,"St Peter's Church, 7 St Peter's St",,Friday,False,True,False,False,,,,Chiltern and Thames,South Midlands,England,Alcoholics Anonymous
fa5d174e-6060-5acd-b2e5-e4b950684e3f,Princes Risborough Big Book Monthly Mtg,07:30,"1hr ",HP27 0AT,51.724994,-0.832536,Back Room,"Three Chairs Barbers, 2 Duke St",,Sunday,False,False,False,False,,,This meeting is held on the first Sunday of each month only.,Chiltern and Thames,South Midlands,England,Alcoholics Anonymous
ea696b90-7eab-5c10-a420-a8c774cc85c8,Slough Lunchtime,13:00,1hr 15mins,SL1 1PJ,51.507065,-0.594091,St Marys Church,Church St,,Tuesday,False,False,True,True,Open,,Chit system available.,Chiltern and Thames,South Midlands,England,Alcoholics Anonymous
5670a5a4-af05-5e3d-8928-e4a0c0088be3,Studley Green & Stokenchurch Hope & Recovery Hybrid,18:30,1hr 15mins,HP14 3UY,51.651859,-0.866867,Studley Green Community Centre,Wycombe Rd,,Thursday,False,True,True,True,Open,,Zoom meeting link: https://us06web.zoom.us/j/7263871112?pwd=ZG55WktlTFZtTTRJdlFYRCtmUTM1Zz09,Chiltern and Thames,South Midlands,England,Alcoholics Anonymous
40dc83dc-1da1-5ec9-875c-585e8014f1d0,City Breakfast,07:30,"1hr ",EC3V 9EA,51.512477,-0.086272,St Edmund The King Church,Lombard St (Side Entrance In George Yard),,Monday,False,True,True,True,Open,,No mtg Bank Holidays.,City Of London,London (North),England,Alcoholics Anonymous
2ddb5e34-1b90-5b59-850d-2a6d8a14bf14,City Breakfast: 3-7-11 Step Hybrid,07:30,"1hr ",EC3V 9EA,51.512477,-0.086272,St Edmund The King Church,Lombard St (Side Entrance In George Yard),,Tuesday,False,True,False,True,Open,,Join URL: https://us06web.zoom.us/j/614220999?pwd=TGVLL0VZNW5pa1Bhejd0Q0E5Q0dUZz09,City Of London,London (North),England,Alcoholics Anonymous
ea293ee3-505d-535f-b1de-2cb6159f22f8,City Serenity,19:00,"1hr ",EC2V 6AU,51.513864,-0.093593,St Mary-Le-Bow,Cheapside,,Tuesday,False,False,False,True,Open,,,City Of London,London (North),England,Alcoholics Anonymous
75cc3894-d060-5447-a8ea-f5f5cfab2ebf,City Starters,07:30,"1hr ",EC4N 7HB,51.511378,-0.086791,St. Clement’S,Clements Lane,,Thursday,False,True,False,True,Open,,,City Of London,London (North),England,Alcoholics Anonymous
8a5a2fde-4dc7-5141-a669-ecca36eff52b,Liskeard Recovery - A Woman's Perspective,18:30,"1hr ",PL14 6BW,50.455703,-4.466183,The New Room,3-5 West St,,Thursday,False,True,False,True,Open,,Doors open from 18.00.,Cornwall,South West,England,Alcoholics Anonymous
bc8aeff3-45a0-556b-a316-8a2aa44f1721,Coventry Speaker,20:00,1hr 15mins,CV1 4AN,52.409458,-1.515502,Friends Meeting House,Hill St,,Saturday,False,False,False,False,,,,Coventry and Warwickshire,Midlands,England,Alcoholics Anonymous
88c1841d-d26b-5ace-ba02-cc005b9e5446,Wirksworth,19:30,1hr 30mins,DE4 4DS,53.08055,-1.573099,Wellspring Church,49 St Johns St,,Sunday,False,False,False,True,Open,,,Derbyshire,Midlands,England,Alcoholics Anonymous
5826c4b7-93dd-51f9-8fdc-b7916258d50c,Darlington Muti-Mtg Plomien Polish Speaking,19:00,"1hr ",DL3 6QB,54.534773,-1.569883,Community Centre,Willow Rd,,Tuesday,False,True,False,False,,,,Durham and Cleveland,North East,England,Alcoholics Anonymous
0e180cb1-d439-58aa-a90b-7f791441978a,Hartlepool Hope,12:00,"1hr ",TS24 9AH,54.702398,-1.227837,The Chapel,"University Hospital Hartlepool, Holdforth Rd",,Wednesday,False,True,False,False,,,,Durham and Cleveland,North East,England,Alcoholics Anonymous
d24cf7bc-08d3-55ae-9fce-c31c7b5e870f,Middlesborough There Is A Solution,19:00,"1hr ",TS6 8BL,54.565251,-1.136489,Whale Hill Community Centre,Birchington Ave,,Saturday,False,True,False,False,,,,Durham and Cleveland,North East,England,Alcoholics Anonymous
fe8f0baa-a28a-5c50-aa51-bfcf6d915a0d,Redcar Living Sober,18:30,"1hr ",TS10 4BQ,54.60504,-1.070983,Westmorland Community Centre,Westmorland Rd,,Tuesday,False,True,False,True,Open,,Daily reflecton - How it apples to me.,Durham and Cleveland,North East,England,Alcoholics Anonymous
3e080387-92e5-55f5-8a8b-a1d194293d8f,Stockton-On-Tees Step 11 Prayer & Meditation,19:00,"1hr ",TS20 1DU,54.593061,-1.310986,Friends Meeting House,"49 The Green, Norton",,Thursday,False,True,False,False,,,,Durham and Cleveland,North East,England,Alcoholics Anonymous
13072e08-667b-5e7f-bf81-0667f6fce0bb,Canterbury Meditation,17:15,"1hr ",CT1 1PA,51.284548,1.093323,All Saints Church,Military Rd,,Sunday,False,False,False,True,Open,,,East Kent,South East,England,Alcoholics Anonymous
13639cfb-72a5-59e6-a7fd-81cbc7f47a39,Canterbury Young At Heart Hybrid,19:00,"1hr ",CT1 1BE,51.283201,1.084712,Cityspace,47 Northgate,,Wednesday,False,False,False,True,Open,,Also held on zoom - Meeting ID: 852 0617 7828 Passcode: 088922,East Kent,South East,England,Alcoholics Anonymous
839d88d5-dba7-5aa2-88b1-fda14e5a6693,Dover Beginners,19:00,1hr 30mins,CT16 1RU,51.128877,1.31314,St Paul's Rc Church,103 Maison Dieu Rd,,Friday,False,True,False,True,Open,,,East Kent,South East,England,Alcoholics Anonymous
68c587d4-2291-5053-8009-7c749f5116d3,Sittingbourne Beginners,19:00,1hr 30mins,ME9 9NL,51.333493,0.765467,Bapchild & Tonge Village Hall,School Lane,,Sunday,False,False,False,True,Open,,,East Kent,South East,England,Alcoholics Anonymous
91247c5d-3d5b-557c-aad7-bdeb43192f76,Accrington,13:00,1hr 30mins,BB5 4HP,53.753092,-2.390508,Ernest Street Baptist Church,"Ernest St, Church",,Friday,False,True,False,True,Open,,,East Lancs,North West,England,Alcoholics Anonymous
f97b5312-2622-54f7-b9ca-8b4118223b87,First Clapton,19:30,1hr 30mins,E5 8DJ,51.556694,-0.056791,Rear Of St James The Great Church In Powell Rd,Hackney,,Tuesday,False,False,False,False,,,,East London,London (North),England,Alcoholics Anonymous
7d34c83d-2b6a-534c-8669-286f994901e2,Ilford Seven Kings Newcomers And Suffering Alcoholics Speaker,20:00,1hr 30mins,IG2 7BB,51.570971,0.093925,St Johns Church,"St Johns Rd, Seven Kings",,Thursday,False,True,True,True,Open,,Access is through the small porch located on Alborough Rd Sth - where the parade of shops are.,East London,London (North),England,Alcoholics Anonymous
10b1688f-85cb-5223-bdf9-d96f12d31898,Walthamstow,20:00,1hr 30mins,E17 9HU,51.581965,-0.006449,Our Lady & St George's Church Hall,132 Shernall St,,Saturday,False,True,False,True,Open,,,East London,London (North),England,Alcoholics Anonymous
99d02c58-7dc8-5c34-8338-2a9f1a0bff74,Walthamstow Big Book,12:00,"1hr ",E17 9HU,51.581965,-0.006449,Our Lady & St George's Church Hall,132 Shernall St,,Thursday,False,True,False,True,Open,,,East London,London (North),England,Alcoholics Anonymous
2219b09d-84c2-5df3-bd71-f1d66f69d2b5,Eastbourne Literature,18:45,1hr 15mins,BN21 1LQ,50.774289,0.269642,Emmanuel Church,Upperton Rd,,Monday,False,True,True,True,Open,,,East Sussex,South East,England,Alcoholics Anonymous
33816a47-ae9d-5ef0-a8e5-fb2ad16bb286,Lewes Step & Tradition,09:30,1hr 15mins,BN7 2FG,50.872738,0.017391,Linklater Pavilion,Railway Lane,,Monday,False,True,True,True,Open,,,East Sussex,South East,England,Alcoholics Anonymous
24bca9e6-6ccc-55ce-8bc6-650774b626c6,Newhaven How It Works,19:15,1hr 15mins,BN9 9LH,50.791432,0.049091,Hillcrest Community Centre,Bay Vue Rd,,Thursday,False,True,True,False,,,Plenty of free parking.,East Sussex,South East,England,Alcoholics Anonymous
89679423-efd6-581e-bbe4-abbbf3b4306b,Basildon Vnge Lunchtime,13:00,1hr 30mins,SS16 4NN,51.565301,0.485728,Trinity Methodist Church,481 Clayhill Rd,,Wednesday,False,True,False,True,Open,,,Essex,Eastern,England,Alcoholics Anonymous
f383ecff-7e64-5681-98ad-eed6c9418fb2,Colchester Easy Like Sunday Morning,10:30,"1hr ",CO7 0BP,51.810713,1.023697,The Parish Hall,"Victoria Pl, Brightlingsea",,Sunday,False,True,False,True,Open,,,Essex,Eastern,England,Alcoholics Anonymous
68fe1d0f-d3a7-51d2-929d-194eaebfe3c4,Hatfield Peverel,19:30,"1hr ",CM3 2LE,51.769799,0.603909,St Andrews Church,Hatfield Peverel,,Wednesday,False,True,False,True,Open,,,Essex,Eastern,England,Alcoholics Anonymous
6d9ff0b8-2fec-59d4-a6c7-9e4649dd6202,Leigh-On-Sea Keep It Simple,13:00,1hr 30mins,SS9 1ND,51.545141,0.664954,,9 Lord Roberts Ave,,Friday,False,True,False,True,Open,,Chip mtg.,Essex,Eastern,England,Alcoholics Anonymous
eb34311d-b7aa-5898-801e-09032d73583c,Cambridge Lunchtime,12:00,"1hr ",CB2 3EL,52.202978,0.123204,Downing Place United Reformed Church,Downing St,,Tuesday,False,True,False,False,,,,Fenland,Eastern,England,Alcoholics Anonymous
4eef3a44-a7c8-52b7-8fdb-e8846623209a,Cambridge Przebudzenie Polish Speaking,18:00,"2hr ",CB4 1AS,52.215827,0.131707,Polonia House,231 Chesterton Rd,,Saturday,False,False,False,False,,,,Fenland,Eastern,England,Alcoholics Anonymous
de18d76e-b52c-5381-9117-bf50f12414ca,Cambridge Women's,13:00,"1hr ",CB4 2BD,52.218476,0.127911,Milton Road Library,Ascham Rd,,Sunday,False,True,False,False,,,,Fenland,Eastern,England,Alcoholics Anonymous
a11692f2-d0df-573d-b5e3-3a9b1a3310b0,Peterborough Nadzieja Polish Speaking,19:00,1hr 30mins,PE7 8FF,52.538461,-0.265681,Silver Hill Hampton Centre,Braymere Rd,,Tuesday,False,True,False,True,Open,,The building is situated behind the CSL Hampton Church. Entrance to the car park from Braymere Rd.,Fenland,Eastern,England,Alcoholics Anonymous
0676c2de-1e7b-5ecb-901d-5c85a4889edf,Hull,10:30,1hr 30mins,HU6 9NA,53.781669,-0.361833,Cowes Methodist Church,29 Greenwood Ave,,Thursday,False,True,True,True,Open,,,Hull and East Riding,North East,England,Alcoholics Anonymous
52eb6ce2-eb65-565e-8ce2-68ec126ea190,Hull Lgbtq+ Daily Reflections/Traditions,19:30,1hr 15mins,HU5 2NB,53.767385,-0.358043,Oasis Hub Hull,310 Newland Ave,,Friday,False,True,False,False,,,,Hull and East Riding,North East,England,Alcoholics Anonymous
3a7a88ee-af9a-5740-a4f4-6dabf4c28aa1,Hemel Hempstead Just For Today,11:00,"1hr ",HP2 6BJ,51.773188,-0.457292,Grovehill Community Centre (Ann Fisher Hall),Henry Wells Sq,,Sunday,False,False,False,True,Open,,,Lea Valley,Eastern,England,Alcoholics Anonymous
b7b054df-0e96-5d04-bdad-ec12aadd2a27,Hemel Hempstead Lgbtq+ Rainbow Room,18:30,"1hr ",HP2 7AZ,51.768992,-0.44805,Dens - The Elms,Redbourne Rd,,Wednesday,False,False,False,False,,,,Lea Valley,Eastern,England,Alcoholics Anonymous
da4cb417-a10b-5d90-a4d8-505d0400a101,Grimsby,19:30,1hr 30mins,DN31 1NB,53.56454,-0.08411,The Comeback Building,8 Abbey Walk,,Tuesday,False,True,False,False,,,,Lincolnshire,Midlands,England,Alcoholics Anonymous
fd490b55-ff3e-5bd9-bd1a-fc0fdd79d6ba,Bootle St Leonards,19:00,1hr 30mins,L20 4RW,53.457932,-3.00678,St Leonards Church,60 Peel  Rd,,Tuesday,False,False,False,False,,,,Liverpool City,North West,England,Alcoholics Anonymous
c932ec15-aa8d-53d2-84d3-8c77c65ed317,Christ Church Anfield Soldier Bills,19:30,1hr 30mins,L5 1UW,53.429302,-2.96324,Christ Church Hall,Hartnup St,,Wednesday,False,True,False,True,Open,,,Liverpool City,North West,England,Alcoholics Anonymous
d45a1150-f1b4-583e-bdb1-05f993d4a570,Delamere,19:30,1hr 15mins,CW8 2EH,53.237276,-2.60568,Delamere Health Ltd,"7 Forrest Rd, Cuddington",,Wednesday,False,True,False,False,,,,Liverpool City,North West,England,Alcoholics Anonymous
1d3b679e-2042-5d13-81e8-a6b9de6bbfff,Liverpool,20:00,1hr 30mins,L17 9PG,53.377592,-2.945942,St Charles Church,Aigburth Rd,,Saturday,False,True,True,True,Open,,,Liverpool City,North West,England,Alcoholics Anonymous
8db2e38e-b99d-5c82-9960-2e82f7d1e4d9,Liverpool 'Bridge To Basics',19:30,1hr 30mins,L34 9EH,53.454924,-2.853026,St Mary's Church,"696 Knowsley Lane, Knowsley",,Wednesday,False,True,False,True,Open,,,Liverpool City,North West,England,Alcoholics Anonymous
7b4d7550-6eda-5b8c-9b61-24ad32a36ffc,Liverpool Elm Hall,19:30,1hr 30mins,L18 1LE,53.387508,-2.913745,Elm Hall Drive Methodist Church,Elm Hall Drive,,Monday,False,True,False,True,Open,,,Liverpool City,North West,England,Alcoholics Anonymous
a91136e5-9e96-5daa-97e2-697b80ebe5bc,Liverpool Just For Today,12:30,1hr 15mins,L5 8SN,53.420276,-2.984524,League Of Welldoers,Limekiln Lane,,Wednesday,False,True,False,True,Open,,,Liverpool City,North West,England,Alcoholics Anonymous
6861596a-7701-5c5c-bca8-5e5c9b28c3ba,Liverpool Newcomers,18:00,1hr 30mins,L1 4JJ,53.402173,-2.982135,,15-21 Parr St,,Thursday,False,True,False,True,Open,,,Liverpool City,North West,England,Alcoholics Anonymous
ea31c832-803b-51b6-ba0f-100abb7b60a2,Liverpool Principles Before Personalities,19:30,"1hr ",L17 2AA,53.389749,-2.936559,Unitarian Church,57 Ullet Rd,,Wednesday,False,False,False,False,,,,Liverpool City,North West,England,Alcoholics Anonymous
a0ec56f2-d332-505e-894c-773a2d8600a7,Liverpool St Andrews,19:30,1hr 30mins,L13 0AL,53.432827,-2.925735,St Andrew's Church Hall Clubmoor,176 Queens Drive,,Friday,False,True,False,False,,,,Liverpool City,North West,England,Alcoholics Anonymous
8e11e72e-fd25-5313-b8dd-95f5993c2385,Liverpool St Faiths,19:30,1hr 30mins,L22 4QQ,53.480148,-3.023143,St Faiths Church,"Crosby Rd N, Waterloo",,Wednesday,False,False,False,False,,,,Liverpool City,North West,England,Alcoholics Anonymous
77f06cc1-9779-573c-a456-faec8ead4516,Liverpool St Lukes,13:00,1hr 30mins,L14 8XG,53.430525,-2.87704,St Lukes,Princess Drive,,Monday,False,False,False,False,,,,Liverpool City,North West,England,Alcoholics Anonymous
658d6f71-32f2-566d-8006-40aafddaef9e,Liverpool Step 11,19:30,1hr 30mins,L10 1LD,53.471211,-2.924038,Seascope,"Newhall Campus, Clock Tower Pk, Longmoor Ln, Fazakerley",,Friday,False,False,False,False,,,,Liverpool City,North West,England,Alcoholics Anonymous
d05e0cd1-2446-5c6a-96bc-03c7770d37a1,Widnes,19:30,1hr 30mins,WA8 4NT,53.387525,-2.761403,Cronton Methodist Church,Chapel Lane,,Monday,False,True,False,True,Open,,,Liverpool City,North West,England,Alcoholics Anonymous
22948759-e4a5-5f5d-9a03-aaa3f20dc8c5,Widnes Thus We Grow Big Book Study,19:00,1hr 30mins,WA8 0QR,53.354554,-2.733862,Cgl Widnes,"Canal Side Idustrial Estate, Constance Way",,Friday,False,False,False,False,,,,Liverpool City,North West,England,Alcoholics Anonymous
24c472b0-318d-53fc-aa03-980b0e6e9d80,Knightsbridge Just For Today,11:30,"1hr ",SW1X 0BD,51.496553,-0.162317,St Columba's Church Of Scotland,Pont St,,Friday,False,False,False,False,,,,London Chelsea,London (North),England,Alcoholics Anonymous
83ad01fc-47d6-5bc7-baba-a895c748ef05,Knightsbridge Pont Street,18:00,"1hr ",SW1X 0BD,51.496553,-0.162317,St Columba's Church Of Scotland,Pont St,,Monday,False,False,False,True,Open,,No meetings Bank Holidays.,London Chelsea,London (North),England,Alcoholics Anonymous
83fcf98d-6fe0-5040-9fd0-34589efb533b,Knightsbridge Pont Street Beginners,18:00,"1hr ",SW1X 0BD,51.496553,-0.162317,St Columba's Church Of Scotland,Pont St,,Monday,False,False,True,True,Open,,No mtgs Bank Holidays.,London Chelsea,London (North),England,Alcoholics Anonymous
5c2c7647-572f-5518-96d9-08a8a6bfd918,Knightsbridge Pont Street Women's Tea Time Discussion,14:00,"1hr ",SW1X 0BD,51.496553,-0.162317,St Columba's Church Of Scotland,Pont St,,Thursday,False,False,False,False,,,,London Chelsea,London (North),England,Alcoholics Anonymous
b1a29bd6-3d5d-5746-9048-86ede2e5710f,Knightsbridge Women's Step,10:00,"1hr ",SW1X 0BD,51.496553,-0.162317,St Columba's Church Of Scotland,Pont St,,Monday,False,False,False,False,,,No mtgs held on Bank Holidays.,London Chelsea,London (North),England,Alcoholics Anonymous
5ab88145-7f86-5ad6-8824-89ad64e2005d,Wallington St Pauls,19:00,1hr 15mins,SM6 9HG,51.35314,-0.134038,St Pauls Church,Mollinson Drive,,Wednesday,False,True,False,True,Open,,,London Croydon Epsom and Sutton,London (South),England,Alcoholics Anonymous
8cf65702-fe68-55c4-b9c9-d7fe629448de,East Finchley,20:00,1hr 30mins,N2 0TH,51.591781,-0.174775,Holy Trinity Church,77 Church Lane,,Friday,False,False,False,True,Open,,,London North,London (North),England,Alcoholics Anonymous
7dcfa3e4-1bf5-5fa4-8809-aa0b2c4d1999,Fellowship In Whetstone,20:00,1hr 30mins,N20 9JU,51.630089,-0.163817,All Saints Church Hall,122 Oakleigh Road North,,Wednesday,False,False,False,True,Open,,,London North,London (North),England,Alcoholics Anonymous
329895ef-7720-5432-b897-a96367f6e700,Friern Barnet,20:00,1hr 30mins,EN5 1RF,51.648196,-0.177089,St Peters Parish Centre,63 Somerset Rd,,Monday,False,True,True,True,Open,,,London North,London (North),England,Alcoholics Anonymous
48aa4226-6a95-5a9e-808f-a0469ae5c34b,Islington Lgbtq+ Reflections Hybrid,19:30,"1hr ",N1 2TX,51.538405,-0.10201,Garden Rm,"St Mary's Church Community Centre, St Mary's Church Gardens, Upper St, (The Garden Rm Is Not In The Main Church, It Is Across The Garden, Behind Dansk Flowers)",,Tuesday,False,True,True,True,Open,,Mtg also held on Zoom - Meeting ID: 271 628 066 P/w: proud email: tueslgbtq@gmail.com,London North East,London (North),England,Alcoholics Anonymous
12c0bf5c-048b-5519-a4ae-fa954642952f,Islington Lunchtime,13:15,"1hr ",N1 0ES,51.536521,-0.110639,Church On The Corner,64 Barnsbury Rd,,Tuesday,False,True,False,False,,,,London North East,London (North),England,Alcoholics Anonymous
e041f452-bcaf-5361-8436-5e8a7951237d,Sroke Newington Big Book,19:30,"1hr ",N16 8DD,51.552496,-0.079354,St Matthias Church,Wordsworth Rd,,Tuesday,False,False,False,True,Open,,Access through gates on Wordsworth Rd,London North East,London (North),England,Alcoholics Anonymous
4c878978-47ee-59fb-9ba2-7e937c76334d,Camden Town Spiritual Awakening,10:00,"1hr ",NW1 9LQ,51.539824,-0.141809,St Michael's Church,Camden Rd,,Saturday,False,False,False,False,,,,London North West,London (North),England,Alcoholics Anonymous
b787297f-010f-57af-a603-420bd47871e1,Hampstead Big Book Study,12:00,"1hr ",NW3 6UU,51.555164,-0.181892,St John-At-Hampstead Church,Church Row,,Tuesday,False,False,False,True,Open,,,London North West,London (North),England,Alcoholics Anonymous
182d2f12-4ce6-51cf-afaa-3cfafeb53b0f,Hampstead Midday,12:00,"1hr ",NW3 6UU,51.555164,-0.181892,St John-At-Hampstead Church,Church Row,,Thursday,False,False,False,True,Open,,,London North West,London (North),England,Alcoholics Anonymous
2d0c0ef7-55de-50bd-8ce5-74de1abf0ba2,Hampstead Women,17:00,"1hr ",NW3 6UU,51.555164,-0.181892,St John-At-Hampstead Church,Church Row,,Sunday,False,False,False,True,Open,,,London North West,London (North),England,Alcoholics Anonymous
2dcea819-9120-5c6d-a370-e7be6493f8ec,Primrose Hill,19:00,1hr 15mins,NW3 3DU,51.541964,-0.162344,St Mary The Virgin Church,Primrose Hill Rd,,Wednesday,False,True,False,True,Open,,Dogs allowed.,London North West,London (North),England,Alcoholics Anonymous
1b80d07c-dda1-59b8-bfbd-d089c554174d,Clapham Lunch As Bill Sees It,13:30,"1hr ",SW4 0QZ,51.462432,-0.142234,Holty Trinity Clapham,"Clapham Common North Side, Cabin 2",,Wednesday,False,True,False,False,,,,London South,London (South),England,Alcoholics Anonymous
0d58c1b0-a638-5685-9826-c40d9d149aa9,Peckham Upon Awakening,07:00,"1hr ",SE15 4QS,51.46915,-0.070405,All Saints Church,7 Blenheim Grove,,Monday,False,False,False,True,Open,,,London South,London (South),England,Alcoholics Anonymous
ddd6a9db-fb14-56b9-a34e-799fe2c9ff2a,The Harbour Women And Trans/Non-Binary People,18:00,"1hr ",SW9 8RR,51.465104,-0.102897,The Harbour,245 Coldharbour Lane,,Sunday,False,True,False,True,Open,,"This meeting is an inclusive and supportive space for women, trans and non-binary people to talk about alcoholism and addiction.",London South,London (South),England,Alcoholics Anonymous
a8506629-a043-5b61-a704-7ff1edbf2684,Blackheath Newcomers,20:00,"1hr ",SE3 9LL,51.465077,0.006652,Quaker Meeting House,2 Lawn Terrace,,Saturday,False,False,False,False,,,,London South East (East),London (South),England,Alcoholics Anonymous
887610bc-1022-5e60-9d32-28edbec60b14,St. Johns Sobriety,11:15,1hr 15mins,SE8 4EA,51.468927,-0.024135,St Johns Church,St Johns Vale (Crnr Of St Johns Vale & Lewisham Way),,Saturday,False,True,False,True,Open,,"Buses 21,136,321,436. Rail: St Johns, New Cross DLR Lewisham",London South East (East),London (South),England,Alcoholics Anonymous
b139f4e8-337a-5b8b-9f42-becb7e5fe927,Nunhead Newcomers,19:00,"1hr ",SE15 3RT,51.466704,-0.059534,Salvation Army,Nunhead Grn (Entrance On Gordon Rd),,Tuesday,False,False,False,True,Open,,,London South East (West),London (South),England,Alcoholics Anonymous
c158da7f-dd32-5fef-a88e-55e759304a48,But For The Grace Of God (Konkani Language),19:00,1hr 15mins,TW3 1HG,51.468666,-0.363843,,6 High St,,Sunday,False,False,False,False,,,,London South Middlesex,London (North),England,Alcoholics Anonymous
78f6013f-666b-518a-8059-6ec9efb81afb,Staines Big Book Step,19:30,1hr 30mins,TW18 4ZB,51.435857,-0.518327,St Marys Church,Church St/Vicarage Rd,,Thursday,False,True,False,True,Open,,,London South Middlesex,London (North),England,Alcoholics Anonymous
1890c636-7997-52a1-a2c4-97590837dfc2,Staines Morning As Bill Sees It,11:15,1hr 30mins,TW18 4ZB,51.435857,-0.518327,St Marys Church,Church St/Vicarage Rd,,Saturday,False,True,False,True,Open,,,London South Middlesex,London (North),England,Alcoholics Anonymous
4d4c92aa-35f5-5b5b-a852-16f7aae59851,Barnes,20:00,1hr 30mins,SW13 9LD,51.473623,-0.248249,Rose House,70 Barnes High Street,,Sunday,False,False,False,True,Open,,,London South West,London (South),England,Alcoholics Anonymous
0078b68a-1595-596f-acec-c78a1b182876,Earlsfield Carry This Message Bb Discussion,19:00,"1hr ",SW18 3NZ,51.442082,-0.186434,Earlsfield Baptist Church,271 Magdalen Rd,,Tuesday,False,False,False,True,Open,,,London South West,London (South),England,Alcoholics Anonymous
d1083a48-648b-5498-a73e-e0be3b1f964b,Roehampton Attitude Of Gratitude,12:00,1hr 30mins,SW15 4HJ,51.450116,-0.23977,St Mary's Convent,Roehamption High St,,Saturday,False,True,False,True,Open,,Park on High St nr Convent,London South West,London (South),England,Alcoholics Anonymous
887ff7bb-ba4e-5674-87a9-ef404bd08fd3,Roehampton Step & Tradition,19:00,"1hr ",SW15 4HJ,51.450116,-0.23977,St Mary's Convent,Roehamption High St,,Wednesday,False,True,False,False,,,,London South West,London (South),England,Alcoholics Anonymous
104de718-c85c-5a15-871c-f4b160093356,"Roehampton Step 3,7,11 & Speakers Choice",19:00,"1hr ",SW15 4HJ,51.450116,-0.23977,St Mary's Convent,Roehamption High St,,Tuesday,False,True,False,False,,,,London South West,London (South),England,Alcoholics Anonymous
d0eea374-c2b2-5426-8c19-8c1f6dc2fdd9,Roehampton Steps 3 & 11,16:00,1hr 15mins,SW15 4HJ,51.450116,-0.23977,St Mary's Convent,Roehamption High St,,Sunday,False,False,False,False,,,,London South West,London (South),England,Alcoholics Anonymous
fe256d08-20b1-50dc-bb48-1026f36d32d9,Teddington Thought For The Weekend,19:00,"1hr ",TW11 9JQ,51.41884,-0.316933,Sacred Heart Church,262 Kingston Rd,,Friday,False,True,False,True,Open,,,London South West,London (South),England,Alcoholics Anonymous
55ca1973-a2d0-541c-9eec-380912b0d7db,West Molesey As Bill See's It,12:45,1hr 15mins,KT8 2QE,51.403355,-0.371653,St Peters Church Hall,"St Peter's Rd, West Molesey",,Thursday,False,True,False,True,Open,,,London South West,London (South),England,Alcoholics Anonymous
e321c682-74d8-5036-9265-64f151956567,Euston Tylko Dzisiaj Polish Speaking,15:00,"1hr ",NW1 1DT,51.528068,-0.131306,,2 Gratfon Pl,,Sunday,False,False,True,True,Open,,,London West End,London (North),England,Alcoholics Anonymous
a932e71d-49bb-54c5-9c69-de694992e338,Soho Sober Lgbt,18:00,"1hr ",WC2H 0EW,51.515056,-0.130224,Soho Recovery Centre,123 Charing Cross Rd,,Saturday,False,False,True,True,Open,,Daily Reflections meeting.,London West End,London (North),England,Alcoholics Anonymous
7473bc9e-0557-5700-8f79-6658c4365763,Soho These Are The Steps We Took,19:20,"1hr ",W1D 6AF,51.512437,-0.131899,St Annes Church,55 Dean St (Between Old Compton St & Shaftesbury Ave),,Thursday,False,False,False,True,Open,,,London West End,London (North),England,Alcoholics Anonymous
964ed301-34ce-5015-a012-ac78ef6410b0,"Hammersmith Don't Be Afraid,  Change",20:00,1hr 30mins,W6 0DT,51.496069,-0.232065,Hammersmith Quaker Meeting House,30 Bradmore Park Rd,,Friday,False,True,False,False,,,,London Westway,London (North),England,Alcoholics Anonymous
4fa59a55-1d2e-55cc-bf3c-8c24b73717ea,Notting Hill Newcomer A Vision For You,19:30,1hr 30mins,W11 3DB,51.511944,-0.200854,,"59A Portobello Rd, Upstairs Above Farm Girl Café, Tube: Notting Hill Gate.",,Friday,False,False,False,True,Open,,,London Westway,London (North),England,Alcoholics Anonymous
4bd56615-d72c-5668-be99-59089ac0f15c,Notting Hill Newcomers,10:30,"1hr ",W11 3DB,51.511944,-0.200854,,"59A Portobello Rd, Upstairs Above Farm Girl Café, Tube: Notting Hill Gate.",,Sunday,False,False,False,True,Open,,This meeting will be held on 26th December 2021.,London Westway,London (North),England,Alcoholics Anonymous
cb696a49-ce2b-5760-9c59-94055ac05c8f,Notting Hill Newcomers Chips,19:30,"1hr ",W11 3DB,51.511944,-0.200854,,"59A Portobello Rd, Upstairs Above Farm Girl Café, Tube: Notting Hill Gate.",,Wednesday,False,False,False,True,Open,,"Up one flight of stairs, no wheelchair access. Tea & coffe served before the meeting.",London Westway,London (North),England,Alcoholics Anonymous
5f3556f5-c321-5249-84bf-025646cad52c,Notting Hill Step One Newcomers Chips,19:30,"1hr ",W11 3DB,51.511944,-0.200854,,"59A Portobello Rd, Upstairs Above Farm Girl Café, Tube: Notting Hill Gate.",,Monday,False,False,False,True,Open,,,London Westway,London (North),England,Alcoholics Anonymous
1c6fad29-ae9d-5def-b6a3-1c473a2253c5,Portobello Lunchtime,12:30,"1hr ",W11 3DB,51.511944,-0.200854,,"59A Portobello Rd, Upstairs Above Farm Girl Café, Tube: Notting Hill Gate.",,Tuesday,False,False,True,True,Open,,Chits given if required.,London Westway,London (North),England,Alcoholics Anonymous
a014518b-7608-5df0-9b00-18909a23a738,Shepherds Bush Sisterhood & Sobriety,20:00,"1hr ",W12 8JJ,51.504862,-0.229054,St Stephen & St Thomas Church,1 Coverdale Rd,,Friday,False,True,False,True,Open,,,London Westway,London (North),England,Alcoholics Anonymous
bfed9662-2a02-5c64-9b67-c75c14a22ada,Ashton-Under-Lyne Womens,19:00,1hr 30mins,OL7 9QA,53.50141,-2.10353,The Hut,"Waterloo Park Centre, Store St",,Wednesday,False,True,False,False,,,,Manchester,North West,England,Alcoholics Anonymous
d0ac89d2-3ef1-5abe-9681-ab09d2688be0,One Day At A Time (Big Book Study),11:00,1hr 30mins,WA10 1SX,53.454712,-2.737364,Cgl St Helens,80 Corporation St,,Saturday,False,False,False,False,,,Bring your own book.,Merseyside and South West Lancs,North West,England,Alcoholics Anonymous
61f612d0-fdc0-56df-9a0f-c0e129393102,Warrington Pathways Big Book,17:00,1hr 30mins,WA1 1JB,53.38698,-2.596394,Pathways,14 Bold St,,Tuesday,False,False,False,True,Open,,,Merseyside and South West Lancs,North West,England,Alcoholics Anonymous
665f39f4-1493-535e-b752-e89c7ccf4bb9,Chobham,19:45,1hr 30mins,GU24 8NG,51.350589,-0.602273,Chobham Community Centre,"Macmahon Close, Chobham",,Monday,False,True,False,False,,,,Mid Surrey,South East,England,Alcoholics Anonymous
c9940ebf-ba37-5114-afb4-8341db1093df,Woking Brookwood & St Johns,19:30,"1hr ",GU21 7QN,51.310425,-0.592866,St John's Church Hall,"Church Rd, St Johns",,Wednesday,False,True,False,True,Open,,,Mid Surrey,South East,England,Alcoholics Anonymous
9cfbc03c-98eb-548a-9590-117c734cbe83,Bury St Edmunds Daily Reflections,12:00,"1hr ",IP33 3JT,52.241012,0.710843,Thomas Clarkston Centre,Hospital Rd,,Wednesday,False,True,False,False,,,,North East Anglian,Eastern,England,Alcoholics Anonymous
8ceff7c4-142c-568a-8e84-b1b6d936fc38,Lowestoft Primary Purpose,18:00,"1hr ",NR33 0RU,52.464307,1.739503,Salvation Army,9 Carlton Rd,,Sunday,False,True,False,True,Open,,,North East Anglian,Eastern,England,Alcoholics Anonymous
da5aaf8b-d9c6-5750-a734-842845464a2e,Norwich Big Book Step,16:00,1hr 15mins,NR2 1EW,52.629747,1.291399,Quaker Meeting House,Upper Goat Ln,,Saturday,False,True,False,False,,,,North East Anglian,Eastern,England,Alcoholics Anonymous
cb4883bc-0103-5147-9372-c5007d36b3d0,Norwich Primary Purpose,16:00,1hr 30mins,NR2 1EW,52.629747,1.291399,Quaker Meeting House,Upper Goat Ln,,Sunday,False,True,False,True,Open,,,North East Anglian,Eastern,England,Alcoholics Anonymous
6d555ec2-fedc-5ef8-a98e-c8be37a0cec0,Norwich Recovery,13:00,"1hr ",NR2 1EW,52.629747,1.291399,Quaker Meeting House,Upper Goat Ln,,Monday,False,True,False,True,Open,,,North East Anglian,Eastern,England,Alcoholics Anonymous
d82bbc18-4bbe-5cf5-9dc7-4186226bec59,Norwich There Is A Solution,09:45,1hr 15mins,NR2 1EW,52.629747,1.291399,Quaker Meeting House,Upper Goat Ln,,Friday,False,True,True,True,Open,,,North East Anglian,Eastern,England,Alcoholics Anonymous
450c955e-bb2f-57bc-ba52-25d54356a184,Oulton Broad Beginners,19:30,"1hr ",NR33 9JX,52.470707,1.709136,St Mark's Church,"Bridge Rd, Oulton Broad",,Wednesday,False,False,False,False,,,,North East Anglian,Eastern,England,Alcoholics Anonymous
848b3cfa-55e2-5a1b-9c3f-bba748bbc439,Oulton Broad Main Share,16:00,"1hr ",NR33 9JX,52.470707,1.709136,St Mark's Church,"Bridge Rd, Oulton Broad",,Sunday,False,False,False,False,,,,North East Anglian,Eastern,England,Alcoholics Anonymous
2c5cde86-ff3f-5edf-8931-5cf98e625b29,Oxted,19:45,1hr 30mins,RH8 9HT,51.255988,-0.005793,The Woodhouse Centre,"Hoskins Rd, (Nr Tandridge Leisure, Centre)",,Monday,False,True,False,True,Open,,,North East Surrey,South East,England,Alcoholics Anonymous
740abb7d-67aa-588f-acd7-5bbb2870c0cd,Oxted 12 X 12,19:00,1hr 30mins,RH8 9HT,51.255988,-0.005793,The Woodhouse Centre,"Hoskins Rd, (Nr Tandridge Leisure, Centre)",,Wednesday,False,True,False,True,Open,,,North East Surrey,South East,England,Alcoholics Anonymous
6a65f5b0-cc53-5340-9237-f50173c011ea,Holywell Big Book Well Being,19:30,1hr 30mins,CH8 7PN,53.277666,-3.22317,Well Being At St James,1 Greenfield St,,Friday,False,False,False,False,,,,North East Wales,North West,England,Alcoholics Anonymous
880df9a5-a2e4-55a1-bb98-dcc2f92762dd,Rhyl 164 Freedom,17:00,"1hr ",LL18 1BW,53.318787,-3.491415,Salvation Army,Windsor St,,Sunday,False,True,False,True,Open,,,North East Wales,North West,England,Alcoholics Anonymous
7cf4aca1-5f3e-5b51-90ee-a161f1c8eee5,Baldock Newcomers,19:30,1hr 15mins,SG7 6LQ,51.98404,-0.183537,Holy Trinity & St Augustine Rc Church,London Rd,,Sunday,False,False,False,True,Open,,,North Herts and North Beds,Eastern,England,Alcoholics Anonymous
dda7ac3a-48e6-5e89-84a8-bca164396f36,Bedford A Bridge To Freedom,19:30,"1hr ",MK42 8DA,52.119534,-0.493908,Kempston East Methodist Church,"227 Bedford Rd, Kempston, Entrance And Car Park At Rear Of Building, Accessed On, Foster Rd",,Tuesday,False,True,False,False,,,"Strictly no smoking on church grounds. Entrance and car park at rear of building, accessed on Foster Rd.",North Herts and North Beds,Eastern,England,Alcoholics Anonymous
60d22766-82ab-5cc2-9bae-dfae2964b7d3,Bedford Emotional Sobriety And Introduction To Meditation,18:00,"1hr ",MK40 1SQ,52.135076,-0.467068,St Paul's Church,St Paul's Square,,Wednesday,False,False,True,True,Open,,,North Herts and North Beds,Eastern,England,Alcoholics Anonymous
079d4dee-7a1f-5f25-b142-eef238e8cb89,Bedford Wixams Beginners,10:00,"1hr ",MK42 6AE,52.0912079,-0.4601993,Lakeview Village Hall,"155-160 Brooklands Ave, Wixams, Bedford, Bedford",,Sunday,False,True,True,True,Open,,,North Herts and North Beds,Eastern,England,Alcoholics Anonymous
b0b34440-2c41-5c10-a314-71394ad2d245,Bedford Wixams Friday Night Vibes,19:30,"1hr ",MK42 6AE,52.0912079,-0.4601993,Lakeview Village Hall,"155-160 Brooklands Ave, Wixams, Bedford, Bedford",,Friday,False,True,False,True,Open,,Follow this link for directions https://w3w.co/quit.piano.spit,North Herts and North Beds,Eastern,England,Alcoholics Anonymous
f49f56bb-4d78-5491-972b-7687800b201d,Stevenage Steps,19:00,1hr 30mins,SG1 4DA,51.920909,-0.198185,St Nicholas Church,Rectory Lane,,Friday,False,True,False,False,,,,North Herts and North Beds,Eastern,England,Alcoholics Anonymous
7a2fc8a0-b7e1-559c-b9da-6be95636b4e9,Stotfold Topic (Formerly Baldock),19:15,1hr 15mins,SG5 4NE,52.015158,-0.22464,St Mary's Church Hall,"Church Rd, Stotfold",,Thursday,False,False,False,True,Open,,Chip meeting.,North Herts and North Beds,Eastern,England,Alcoholics Anonymous
4f155a8b-e8aa-51d9-8a38-e2ffbae5e858,Romford No Half Measures,19:00,"1hr ",RM2 5EL,51.586935,0.200518,Hedley Rm,"St Michaels Church, Gidea Park",,Friday,False,True,False,True,Open,,,North Thames,Eastern,England,Alcoholics Anonymous
becb126a-8776-5876-a8cf-b1a10c3006fe,Blackpool Principles Of Recovery,12:00,"1hr ",FY1 3TW,53.82593,-3.043161,Spencer Court Community Centre,Spencer Ct,,Tuesday,False,True,False,True,Open,,,North West,North West,England,Alcoholics Anonymous
5cb75337-33ff-5162-9789-bf888ce9ca85,Clitheroe,19:30,1hr 15mins,BB7 1HH,53.866126,-2.393066,St James Church,St James St,,Thursday,False,True,False,True,Open,,,North West,North West,England,Alcoholics Anonymous
b0a6b27e-7426-568f-aa36-a5cd7424bee1,Fleetwood Freedom,19:30,1hr 30mins,FY7 8AU,53.906636,-3.033907,St David's Church Hall,Larkholme Lane,,Tuesday,False,True,False,False,,,,North West,North West,England,Alcoholics Anonymous
aad88930-49f1-5a50-af5a-4424927eb556,Leyland Friends Of Bill W,19:00,1hr 30mins,PR26 7SH,53.690077,-2.730145,St James Church,Slater Ln,,Saturday,False,True,False,True,Open,,1st Sat of the month Step Mtg 2nd Sat of the month Tradition Mtg.,North West,North West,England,Alcoholics Anonymous
8e8c0ae6-3c22-50c6-9ae9-b2f3c3454c9c,Preston St Wilfrid's Afternoon,14:00,1hr 30mins,PR1 8BU,53.756904,-2.702999,St Wilfrids Church Parish Rooms,Chapel St,,Thursday,False,True,True,True,Open,,,North West,North West,England,Alcoholics Anonymous
36656ff9-ef5b-5879-a383-0786a3d49ff9,Preston You're Not Alone,18:00,"1hr ",PR2 1BU,53.766691,-2.727621,Ashton Methodist Church,"Wellington Rd, Ashton On Ribble",,Saturday,False,True,False,True,Open,,,North West,North West,England,Alcoholics Anonymous
b119b723-c7d9-556d-8739-b1c5cd9c347a,Southport Back To Basics,20:00,"1hr ",PR9 9ER,53.652084,-2.996742,Quakers Friends Meeting Hall,Court Rd,,Tuesday,False,False,False,True,Open,,,North West,North West,England,Alcoholics Anonymous
3bedbfdc-6b2d-5621-aec2-b45ec744d309,Zaczynamy ?Y? (Polish Speaking),18:30,1hr 30mins,FY2 0NB,53.858832,-3.024883,Kincraig Community Centre,"Kingcraig Place, Bispham",,Monday,False,False,False,True,Open,,,North West,North West,England,Alcoholics Anonymous
56b8f15b-6234-519d-8542-b48343c280b4,Heworth Lunchtime,13:00,"1hr ",YO31 1JG,53.97317,-1.047617,Christchurch (Coffee Shop Hub (Blue Door) Rear Of The Main Church) Stockton Ln,Heworth,,Thursday,False,True,False,True,Open,,,North Yorkshire,North East,England,Alcoholics Anonymous
3ae71130-e380-5dbf-9961-c91ec8b4316b,Ripon Morning Speaker,08:00,"1hr ",HG4 1QE,54.131608,-1.52055,St John's Chapel,94-99 Bondgate,,Saturday,False,True,False,True,Open,,No parking on site.,North Yorkshire,North East,England,Alcoholics Anonymous
2bd39cb4-676e-5aee-ad80-da09c57657d7,York Acomb Into Action,19:00,1hr 15mins,YO24 3BN,53.955258,-1.124512,The Gateway Christian Centre,"Shopping Precinct, Acomb, (Opp William Hill - Free Parking At Morrisons Nearby) (Intercom Entry)",,Wednesday,False,True,True,True,Open,,,North Yorkshire,North East,England,Alcoholics Anonymous
60ce0477-7c3f-56b3-8182-bed1e0936e56,York Staying Sober,09:30,"1hr ",YO31 7NB,53.967425,-1.079739,St Thomas' Church (Small Hall),Lowther St,,Saturday,False,False,False,False,,,,North Yorkshire,North East,England,Alcoholics Anonymous
a621c100-8cb5-5511-a60e-3cbc9c6fad4c,Corby 12 Steps & Traditions,13:00,1hr 30mins,NN17 1LG,52.496929,-0.704402,St Columba's Church Hall,157 Studfall Ave,,Saturday,False,True,False,False,,,,Northamptonshire,Midlands,England,Alcoholics Anonymous
60fa1799-3479-5605-b22b-b64dd147ac96,East Farndon Reflections,13:00,"1hr ",LE16 9SJ,52.457823,-0.946416,East Farndon Village Hall,Main St,,Wednesday,False,False,False,True,Open,,,Northamptonshire,Midlands,England,Alcoholics Anonymous
11faef68-f953-568c-a56c-9416a8aa864d,Northampton Uwolnienie Polish Speaking,17:30,1hr 30mins,NN1 1RA,52.236627,-0.899221,The Bridge,63C Gold St,,Sunday,False,False,False,False,,,"Entrance through the red doors onto 2nd floor over shops.  There is no car park, please find a public car park in the area.",Northamptonshire,Midlands,England,Alcoholics Anonymous
08bdadf3-2d71-50a5-85f3-4e44e0f1ce4e,Northampton Weston Favell Hybrid,19:30,1hr 15mins,NN3 8JR,52.257065,-0.833606,Emmanuel Church,"Ground Floor,  Weston Favell Centre",,Tuesday,False,False,True,True,Open,,Doors open at 19.00. For zoom details or any questions please email: AAwestonfavell@outlook.com,Northamptonshire,Midlands,England,Alcoholics Anonymous
b55feeb1-e120-59f6-b537-4a466b2427a0,Rothwell Rule 62,19:30,"1hr ",NN14 6BW,52.422762,-0.799725,United Methodist Church,"Market Hill, Rothwell",,Tuesday,False,True,False,True,Open,,,Northamptonshire,Midlands,England,Alcoholics Anonymous
2db0cf57-1f63-52a1-bfaf-a65f8997169b,Wellingborough Share,19:30,"1hr ",NN8 4HP,52.302302,-0.696844,Daylight Centre Fellowship,10 High St Place,,Wednesday,False,True,False,False,,,,Northamptonshire,Midlands,England,Alcoholics Anonymous
d297c114-e522-5d1b-aad9-c562914fd1c6,Bingham Living Sober,19:15,1hr 15mins,NG13 8AD,52.951664,-0.953476,Bingham Methodist Centre,Needham St,,Tuesday,False,True,True,True,Open,,,Nottinghamshire or Leicestershire,Midlands,England,Alcoholics Anonymous
26136a23-a533-5bda-9137-fa45ae4415f3,Bulwell Tesco,18:00,1hr 30mins,NG6 8EQ,53.003636,-1.192742,Tesco Community Room,"35 Jennison St, Bulwell",,Friday,False,False,False,True,Open,,,Nottinghamshire or Leicestershire,Midlands,England,Alcoholics Anonymous
4e8ecb74-8477-5b5d-9939-dda3eb933d65,Loughborough Daily Reflections,19:30,1hr 30mins,LE11 3BA,52.771293,-1.214702,Salvation Army Church & Community Centre,Burleigh Rd,,Friday,False,False,False,True,Open,,,Nottinghamshire or Leicestershire,Midlands,England,Alcoholics Anonymous
3bea8af1-617f-56d6-9bb2-532b9fe4ed61,Mansfield Just For Today,19:00,1hr 30mins,NG18 5SB,53.139977,-1.205051,Salvation Army,Victoria St,,Thursday,False,True,False,False,,,,Nottinghamshire or Leicestershire,Midlands,England,Alcoholics Anonymous
7ce77dd5-cb8b-5185-b769-42918f560b0e,Mansfield Steps To Life The Big Book Way,19:15,1hr 45mins,NG18 1RB,53.147333,-1.205347,Friends Meeting House,124 Rosemary St,,Saturday,False,True,False,False,,,,Nottinghamshire or Leicestershire,Midlands,England,Alcoholics Anonymous
0d7cf4ff-b72a-5381-9f85-58ce35a79586,Nottingham Beginners,19:00,1hr 30mins,NG4 2NN,52.963409,-1.076618,St Georges Centre,"91 Victoria Rd, Netherfield",,Thursday,False,True,False,True,Open,,,Nottinghamshire or Leicestershire,Midlands,England,Alcoholics Anonymous
191b2e5d-1c01-559d-82d7-bb8e1b602ca3,Nottingham Carlton,15:00,1hr 30mins,NG4 1FP,52.966248,-1.096256,Sacred Heart Church Hall,99 Carlton Hill,,Saturday,False,True,False,True,Open,,,Nottinghamshire or Leicestershire,Midlands,England,Alcoholics Anonymous
e58ca6c0-b83f-5d2f-ac9d-79c6b3a8d247,Retford Primary Purpose,19:30,1hr 30mins,DN22 6QW,53.327528,-0.934186,St Saviours Church Community Centre,Welham Rd,,Monday,False,True,False,True,Open,,,Nottinghamshire or Leicestershire,Midlands,England,Alcoholics Anonymous
aadea2e1-7765-5e16-8a40-d2f0de0715b9,Wimborne,19:00,1hr 15mins,BH21 1DY,50.798355,-1.988966,Wimborne Methodist Church,4A King St,,Saturday,False,True,True,True,Open,,,Poole and District,South West,England,Alcoholics Anonymous
33c3d3d8-f96e-5834-a913-39d5e3e9847c,Crewe Big Book,18:30,"1hr ",CW2 8LX,53.093183,-2.457061,All Saints Church Hall,79 Stewart St,,Sunday,False,True,False,True,Open,,,Potteries and District,Midlands,England,Alcoholics Anonymous
6ff8bcda-e3b4-5041-b00f-72d4f8bbc034,Newcastle-Under-Lyme,19:30,1hr 30mins,ST5 2UA,53.01201,-2.230427,Unitarian Meeting House,Lower St,,Sunday,False,False,False,True,Open,,,Potteries and District,Midlands,England,Alcoholics Anonymous
a7f5a1dc-80d5-5f96-8997-dd89f868bf7f,Stafford Big Book Study,15:00,"1hr ",ST16 3DU,52.8176047,-2.1273888,The Northfields Centre,Stafford,,Tuesday,False,True,False,False,,,Sat Nat users please use ST16 3BZ.,Potteries and District,Midlands,England,Alcoholics Anonymous
3e0ebbaa-be13-594e-a177-fc9d75c9b738,Stoke-On-Trent Hanley,19:30,1hr 30mins,ST1 3LL,53.020005,-2.168947,Stoke Recovery Service,"Old Wedgewood Johnson Bldg, Pelham St, Hanley",,Monday,False,True,False,False,,,,Potteries and District,Midlands,England,Alcoholics Anonymous
0a578884-56a4-5cfe-a2df-c3bb36cd66aa,Stoke-On-Trent Hanley,19:30,1hr 30mins,ST1 3LL,53.020005,-2.168947,Stoke Recovery Service,"Old Wedgewood Johnson Bldg, Pelham St, Hanley",,Thursday,False,True,False,False,,,,Potteries and District,Midlands,England,Alcoholics Anonymous
33ac227e-97b0-5d10-b744-d860abc1edb8,Stone Friends Of Bill W,19:30,1hr 30mins,ST15 8EW,52.904554,-2.149777,St Dominic's Social Club,Station Rd,,Monday,False,True,False,False,,,,Potteries and District,Midlands,England,Alcoholics Anonymous
99b70b2c-f050-52c4-b218-1f13746e4593,Cheltenham Lunchtime Discussion,12:00,"1hr ",GL50 1TP,51.895911,-2.075573,Ymca,6 Vittoria Walk,,Wednesday,False,False,False,False,,,,Severn,South Midlands,England,Alcoholics Anonymous
d2e4d31b-6307-5538-b1d7-6d84cd2d5b30,Cheltenham Our Primary Purpose,18:30,"1hr ",GL52 8LL,51.947557,-2.056753,St Michael's Centre,"School Rd, Bishops Cleeve",,Saturday,False,True,False,True,Open,,Car park at back of building accessed via Pecked Ln and Churchfields,Severn,South Midlands,England,Alcoholics Anonymous
ab31c2c1-bc8b-51fe-9d3f-bc3f5afd339d,Cheltenham Sunday Morning,10:00,1hr 15mins,GL50 3PR,51.900674,-2.080631,The Sober Parrot,7 St James Sq,,Sunday,False,False,False,False,,,,Severn,South Midlands,England,Alcoholics Anonymous
38db9c23-0fa0-5883-b044-8e45d3d55e48,Highnam Beginners,19:15,1hr 15mins,GL2 8DG,51.879164,-2.299733,The Old School Rm,"Highnam Community Centre Trust, Newent Rd, Highnam",,Tuesday,False,True,False,True,Open,,,Severn,South Midlands,England,Alcoholics Anonymous
cfa97198-0613-5052-a0a4-ec68400fd2e2,Nailsworth,11:15,"1hr ",GL6 0RA,51.694508,-2.221889,Quaker Mtg House,"1 Quaker Close, Chestnut Hill",,Saturday,False,True,False,True,Open,,,Severn,South Midlands,England,Alcoholics Anonymous
f87fdf0a-dd5c-5653-bd08-faf45682adf7,Out In The Woods,19:00,"1hr ",GL17 0EA,51.841134,-2.47347,The Asha Centre Garden,"Gunn Mill House, Lower Spout Ln",,Monday,False,False,False,True,Open,,Outdoor meeting,Severn,South Midlands,England,Alcoholics Anonymous
5d5516b6-d651-5c19-9738-dbd16afc5f1e,Telford Daily Reflections,19:30,1hr 30mins,TF1 3AP,52.702651,-2.516882,St Patricks Church,"King St, Wellington",,Monday,False,False,False,True,Open,,,Shropshire,Wales and Borders,England,Alcoholics Anonymous
b7e4bc4a-3b65-51ed-97c0-7047ac97cff9,Totton,19:30,1hr 30mins,SO40 8DA,50.918324,-1.489454,Totton Christian Community Centre,9 Ringwood Rd,,Monday,False,True,False,True,Open,,,Solent,South East,England,Alcoholics Anonymous
138ac0aa-840d-50a1-bd34-6c556f503e5c,Bridgwater Big Book & Tradition,19:30,1hr 30mins,TA6 3EQ,51.127409,-3.004715,St Mary's Church,St Mary St,,Tuesday,False,False,True,True,Open,,Chit system available.,Somerset,South West,England,Alcoholics Anonymous
9f707ede-15e5-50b6-8395-a626aa34cf88,Glastonbury Candlelit,19:30,"1hr ",BA6 9DZ,51.147887,-2.713384,United Reform Church,High St,,Sunday,False,False,True,True,Open,,Chit system available.,Somerset,South West,England,Alcoholics Anonymous
4032927f-2060-5c21-ab88-a525361525cf,Taunton Topic,19:30,1hr 30mins,TA1 1BA,51.021475,-3.104666,Albemarle Centre,Albemarle Rd,,Friday,False,True,True,True,Open,,,Somerset,South West,England,Alcoholics Anonymous
8d57aed7-7893-50a3-9848-527e1d7eacb0,"Totnes Experience, Strength & Hope",19:00,"1hr ",TQ9 5RU,50.431271,-3.686586,United Free Church,56 Fore St,,Wednesday,False,False,False,True,Open,,,South Devon,South West,England,Alcoholics Anonymous
c66b65c7-8a37-5282-a004-184ee9bd73b7,Ipswich Przystan Polish Speaking,19:00,"1hr ",IP4 4BD,52.061274,1.174214,St Mary Church,322 Woodbridge Rd,,Thursday,False,True,True,True,Open,,Polish speaking meeting but everyone is welcome as we speak in English if required,South East Anglian,Eastern,England,Alcoholics Anonymous
ecf6b590-6f50-5f6a-ae2e-14502a2e5e58,Cwmbran Big Book,20:00,"1hr ",NP44 1SB,51.669105,-3.020207,Pontrhydyrun Community Centre,1 Pontrhydyrun Rd,,Tuesday,False,True,True,True,Open,,,South East Wales,Wales and Borders,England,Alcoholics Anonymous
db15eacb-6a9d-5aa7-938e-1f20140cdd3b,Brackley Daily Reflections,19:00,"1hr ",NN13 7AB,52.026756,-1.149099,Brackley Town Hall,Market Place,,Tuesday,False,True,False,True,Open,,,South Midlands,South Midlands,England,Alcoholics Anonymous
9485fb54-ac1c-5df5-ae18-c23ac74eaec9,Charlbury Sunrise,07:30,"1hr ",OX7 3PH,51.873809,-1.483272,Friends Meeting House,Market St,,Friday,False,False,False,True,Open,,,South Midlands,South Midlands,England,Alcoholics Anonymous
17589c58-0d5f-5269-a5e9-6bad567d0123,Shipston-On-Stour A Women's Way Through The Twelve Steps,19:00,1hr 15mins,CV36 4EW,52.061157,-1.624002,Scout Hut,New St,,Sunday,False,True,False,False,,,,South Midlands,South Midlands,England,Alcoholics Anonymous
b4e1a189-6b73-5e20-b027-f89cd5d7630d,Chesterfield Step & Tradition,19:30,1hr 30mins,S41 7TH,53.234886,-1.42416,Derbyshire Recovery Partnerships,42 St Mary's Gate,,Thursday,False,True,False,True,Open,,,South Yorkshire and North East Derbyshire,North East,England,Alcoholics Anonymous
7bc61af1-7cf3-525b-9a76-e36e62624e70,Doncaster 3-7-11 Step,11:00,"1hr ",DN1 2EZ,53.523835,-1.127095,Aspire,41 Thorne Road,,Saturday,False,False,False,True,Open,,,South Yorkshire and North East Derbyshire,North East,England,Alcoholics Anonymous
cadc8bf1-78aa-523a-8baa-5425da0afd45,Doncaster Daytime Living Sober,10:15,"1hr ",DN1 1BZ,53.522656,-1.135177,Sober Social,18 Priory Place,,Tuesday,False,True,True,True,Open,,,South Yorkshire and North East Derbyshire,North East,England,Alcoholics Anonymous
05600e98-343a-5000-8a6f-2619bfab0563,Doncaster Living Sober,18:50,1hr 40mins,DN1 1BZ,53.522656,-1.135177,Sober Social,18 Priory Place,,Monday,False,True,False,True,Open,,,South Yorkshire and North East Derbyshire,North East,England,Alcoholics Anonymous
f6b7d308-269c-5d88-94e5-73d3314ca316,Doncaster Trzezwa Spolecznosc Polish Speaking,17:30,1hr 30mins,DN1 1BZ,53.522656,-1.135177,Sober Social,18 Priory Place,,Sunday,False,False,False,True,Open,,,South Yorkshire and North East Derbyshire,North East,England,Alcoholics Anonymous
c7dac6d6-54de-55a7-8ba6-2a46b253dd47,Sheffield Big Book Study,19:30,"1hr ",S7 2DL,53.352111,-1.489871,St Oswald's & St Peter's Church,Bannerdale Rd,,Friday,False,False,False,True,Open,,,South Yorkshire and North East Derbyshire,North East,England,Alcoholics Anonymous
c29ac796-60ef-50e5-a3d5-9432cf648e02,Sheffield Polish Speaking,19:00,1hr 30mins,S10 2FB,53.37798,-1.485594,,"93 Broomspring Ln, Broomhall",,Tuesday,False,False,False,False,,,,South Yorkshire and North East Derbyshire,North East,England,Alcoholics Anonymous
1f0a0724-330c-5642-91c9-61837c4a9814,Sheffield Women Living Sober,19:30,1hr 30mins,S7 2DL,53.352111,-1.489871,St Oswald's & St Peter's Church,Bannerdale Rd,,Monday,False,True,False,False,,,,South Yorkshire and North East Derbyshire,North East,England,Alcoholics Anonymous
7a12b7b5-17fe-5a15-9447-bc1a72b6f5c5,Chichester A Vision For You,19:00,"1hr ",PO19 1SW,50.833835,-0.779416,Christ Church Methodist And United Reformed Chruch,Old Market Ave,,Monday,False,True,False,True,Open,,,Southdown,South East,England,Alcoholics Anonymous
693e45f7-57ff-5763-9c2d-cd86758bdbb4,Chichester Hybrid,19:30,1hr 15mins,PO19 1NX,50.837956,-0.775384,,"1St Floor, Quaker House, Priory Rd",,Friday,False,False,True,True,Open,,Also on Zoom - https://zoom.us/j/805965268?pwd=Zi9oN2lpMXI2NlU5U3lrNlEyWXVtdz09 Meeting ID: 805 965 268 Password: Recovery,Southdown,South East,England,Alcoholics Anonymous
d89013b1-0340-5009-9bbd-da4e5d74913f,Denmead,19:00,"1hr ",PO7 6LU,50.906502,-1.079124,Denmead Community Centre,School Ln,,Tuesday,False,True,True,True,Open,,,Southdown,South East,England,Alcoholics Anonymous
0803570e-7938-5e88-94bd-431a9beb4f22,Haslemere Discussion,20:00,1hr 15mins,GU27 1LD,51.087652,-0.730664,Haslemere Methodist Church,Lion Green,,Sunday,False,True,False,True,Open,,,Southdown,South East,England,Alcoholics Anonymous
94eab1dd-bbc5-55d3-94fa-e03bb20ac5c3,Haslemere Evening,20:00,"1hr ",GU27 1LD,51.087652,-0.730664,Haslemere Methodist Church,Lion Green,,Wednesday,False,True,False,True,Open,,,Southdown,South East,England,Alcoholics Anonymous
4c5ea139-2763-50dc-820c-5801ef72696f,Havant,19:30,1hr 30mins,PO9 1PE,50.851558,-0.981773,St Faith's Church,West St,,Wednesday,False,True,False,True,Open,,,Southdown,South East,England,Alcoholics Anonymous
35cf9431-270b-5fe3-bafd-d8187a562345,"Hayling Island Experience, Strength & Hope",18:30,1hr 15mins,PO11 9EY,50.787729,-0.978918,United Reformed Church,Hollow Lane,,Sunday,False,True,True,True,Open,,,Southdown,South East,England,Alcoholics Anonymous
2a638ef3-8c4b-507f-a107-84447ecd2088,Hayling Island Living Sober,11:45,1hr 15mins,PO11 9EY,50.787729,-0.978918,United Reformed Church,Hollow Lane,,Friday,False,True,False,True,Open,,,Southdown,South East,England,Alcoholics Anonymous
f34571e7-d5bb-5150-a7c0-7f7f1e2ed20b,Liss,20:00,"1hr ",GU33 7DX,51.043134,-0.890192,Triangle Centre,Mill Rd,,Monday,False,True,False,True,Open,,,Southdown,South East,England,Alcoholics Anonymous
1ac568a5-82b7-5da8-a349-8a280a229f6d,Newport Morning,11:30,1hr 30mins,PO30 1BA,50.69918,-1.297331,Newport Health & Wellbeing Centre,62 High St,,Saturday,False,True,True,True,Open,,,Southdown,South East,England,Alcoholics Anonymous
c7454abf-01ef-5574-b600-e1c0f8e1389a,Petersfield,11:30,"1hr ",GU32 3HX,51.003114,-0.936356,St Peters Church Hall,St Peters Rd,,Thursday,False,True,True,True,Open,,,Southdown,South East,England,Alcoholics Anonymous
bc76215d-dce2-5ef5-b074-be329e30c263,Ryde Men's,19:00,"1hr ",PO33 2RJ,50.726351,-1.162938,,134 High St,,Tuesday,False,True,False,False,,,,Southdown,South East,England,Alcoholics Anonymous
eb291987-5ccd-577a-97b5-a14ec5835349,Reading Step And Share,18:00,1hr 15mins,RG30 1DH,51.45817,-0.995145,Valentia Rd Meeting Room,Valentia Rd,,Saturday,False,True,False,True,Open,,,Thames Valley,South Midlands,England,Alcoholics Anonymous
90df854a-9d90-5f48-8b1f-c9d9215ecc18,Streatley Lunchtime Daily Reflections,13:00,"1hr ",RG8 9HT,51.523043,-1.144603,The Morrell Room,Church Lane,,Monday,False,True,True,True,Open,,,Thames Valley,South Midlands,England,Alcoholics Anonymous
cf870921-09b2-519d-aefc-de9eae4aa5bf,Newcastle 12 Steps & Twelve Traditions Study,11:00,"1hr ",NE1 7BJ,54.974473,-1.61366,Brunswick Methodist Church,Brunswick Pl,,Saturday,False,True,False,False,,,,Tyne and Northumbria,North East,England,Alcoholics Anonymous
85619015-3c89-5a56-954e-403c4606d0d1,Newcastle George St Womens,10:00,1hr 30mins,NE4 7JN,54.967194,-1.625848,George Street Social,45-51 George St,,Tuesday,False,False,True,False,,,,Tyne and Northumbria,North East,England,Alcoholics Anonymous
104a6237-4300-5254-b387-a016a32490a2,Newcastle Pogoda Ducha Polish Speaking,18:00,"1hr ",NE4 7SF,54.967642,-1.631357,Polish Centre,2 Maple Terrace,,Saturday,False,False,False,True,Open,,,Tyne and Northumbria,North East,England,Alcoholics Anonymous
87a8bf9e-57e8-5035-860d-c2f606ab8f8a,Hereford Beginners,19:30,1hr 15mins,HR2 7JR,52.045944,-2.72519,Our Ladies Queen Of Martyrs Rc Church,101 Belmont Rd,,Monday,False,True,False,True,Open,,,Welsh Borders,Wales and Borders,England,Alcoholics Anonymous
7edd63a3-80a3-5b34-8fba-2fdcb6d07b97,Hereford Daily Reflections,12:30,"1hr ",HR4 9BX,52.054571,-2.718462,Friends Meeting House,21 King St,,Friday,False,True,False,False,,,,Welsh Borders,Wales and Borders,England,Alcoholics Anonymous
254e8905-1bb1-5346-a0a3-a98f8ee91871,Worcester Step & Tradition,12:30,"1hr ",WR1 1UG,52.19492,-2.220527,Quaker Meeting House,1 Sansome Walk,,Friday,False,False,False,False,,,,Welsh Borders,Wales and Borders,England,Alcoholics Anonymous
b331e9b2-ebf1-5a1a-9e91-ac8f8a0df3ce,Worcester Topic,19:00,"1hr ",WR1 3BZ,52.194495,-2.223608,Castle House,14 Castle St,,Wednesday,False,False,False,False,,,Doors locked at 18.50.,Welsh Borders,Wales and Borders,England,Alcoholics Anonymous
136f0716-3ac1-5eff-b1e6-63cf966fa2c7,Milborne Port Step 11/Meditation,15:00,"1hr ",DT9 5AN,50.964788,-2.462436,The Church House,"Bathwell Lane, Milborne Port",,Sunday,False,True,False,False,,,,West Dorset,South West,England,Alcoholics Anonymous
50e20f54-2abe-5d3c-bf08-97340bd8f9ec,Sturminster Newton,11:00,1hr 30mins,DT10 1DR,50.932999,-2.304559,Stour Connect,Stour View Close,,Sunday,False,True,True,True,Open,,,West Dorset,South West,England,Alcoholics Anonymous
1c620090-b286-5616-9e80-83aa1f2235e1,"Ditton Steps 1, 2, & 3 Big Book Study",19:30,"1hr ",ME20 6AE,51.296085,0.45275,Ditton Church Centre,New Rd,,Monday,False,True,False,True,Open,,,West Kent,South East,England,Alcoholics Anonymous
a9ef2a3b-19ea-5fd7-b18b-a03ffcb01706,Maidstone Aa For Beginners,19:00,1hr 30mins,ME14 1HH,51.27443,0.527089,,39-48 Marsham St,,Tuesday,True,True,True,True,Open,,,West Kent,South East,England,Alcoholics Anonymous
33070939-ccc7-5cfc-911a-f662f2e03eb2,Rochester Early Reflections,06:30,"1hr ",ME1 1LS,51.389826,0.504119,Friends Meeting House,3 Northgate,,Friday,False,True,False,True,Open,,,West Kent,South East,England,Alcoholics Anonymous
0380511a-c617-5a7a-8e68-c39227c9f39f,Bradford - Leeds Women,20:00,"1hr ",LS28 5DJ,53.810802,-1.671192,St John’S Church Hall,"New Street, Farsley",,Wednesday,False,True,False,True,Open,,,West Riding,North East,England,Alcoholics Anonymous
ab5e32f2-15b2-51bc-b4bd-544111b08cee,Featherstone Simply Recovery,19:00,1hr 15mins,WF7 5BB,53.677186,-1.358412,Featherstone Library & Community Centre,Victoria St,,Friday,False,True,False,True,Open,,,West Riding,North East,England,Alcoholics Anonymous
2f780583-21e7-59f0-bc10-752b48fc60f3,Kippax Step Multi-Mtg,19:30,"1hr ",LS25 7AR,53.764789,-1.365892,Mount Pleasant Gardens Community Centre,Mount Pleasant,,Wednesday,False,True,True,True,Open,,,West Riding,North East,England,Alcoholics Anonymous
1b375de8-dd1c-526d-aa0c-bfe1b35943ac,Kippax Step Multi-Mtg,19:00,"1hr ",LS25 7AR,53.764789,-1.365892,Mount Pleasant Gardens Community Centre,Mount Pleasant,,Sunday,False,True,True,True,Open,,,West Riding,North East,England,Alcoholics Anonymous
b375f7a0-e4c6-58fc-b891-ad5aeac38057,Wakefield Young Persons,10:30,"1hr ",WF1 2NE,53.707244,-1.506691,Outwood Memorial Hall,1-2 Victoria St,,Saturday,False,False,False,False,,,,West Riding,North East,England,Alcoholics Anonymous
b8f8aadc-b3bb-54ad-b583-a5806c3ad945,Crawley Step & Tradition,19:00,1hr 30mins,RH10 8ER,51.120692,-0.180254,St Pauls Methodist Church,Woodfield Rd,,Thursday,False,True,True,True,Open,,,West Sussex,South East,England,Alcoholics Anonymous
b7bf495c-d8ee-5196-9e72-028e423e079c,Haywards Heath Daily Reflections,12:30,"1hr ",RH16 1BJ,51.001405,-0.107675,The Yews,55 Boltro Rd,,Wednesday,False,True,False,False,,,,West Sussex,South East,England,Alcoholics Anonymous
9f3c3157-9204-5faa-b809-f43fed2d858f,Haywards Heath Women’S,13:00,"1hr ",RH16 1BJ,51.001405,-0.107675,The Yews,55 Boltro Rd,,Tuesday,False,True,False,False,,,,West Sussex,South East,England,Alcoholics Anonymous
cc3fcf8c-f6c9-543f-8564-cce4e08d86b7,"Horsham Experience, Strength & Hope",20:00,1hr 30mins,RH12 1SL,51.06288,-0.333344,Friends Meeting House,Worthing Rd (Opp Sainsbury's),,Friday,True,False,False,False,,,,West Sussex,South East,England,Alcoholics Anonymous
4921632e-727b-5101-9f65-93b5cc242d77,Horsham Step & Tradition,17:30,1hr 30mins,RH12 1SL,51.06288,-0.333344,Friends Meeting House,Worthing Rd (Opp Sainsbury's),,Sunday,True,False,False,False,,,,West Sussex,South East,England,Alcoholics Anonymous
d200bfa3-90fa-576e-8227-ac04199e5e10,Shoreham Lunchtime,12:30,"1hr ",BN43 5WD,50.834201,-0.273532,Shoreham Baptist Church,1A Western Rd,,Wednesday,False,True,True,True,Open,,,West Sussex,South East,England,Alcoholics Anonymous
b397f67f-2bf4-5b01-91bf-a4e095b4ec7d,Southwater Big Book Study,20:30,"1hr ",RH13 9BT,51.025259,-0.358537,Southwater Village Hall,Church Lane,,Monday,False,True,False,False,,,,West Sussex,South East,England,Alcoholics Anonymous
a9485602-7b69-5e66-a35d-c0be92893136,Worthing Gratitude,07:30,"1hr ",BN11 4LY,50.813249,-0.38608,St Botolph's Church Hall,Lansdowne Rd,,Friday,False,False,False,False,,,,West Sussex,South East,England,Alcoholics Anonymous
9875093a-67af-5590-b292-e705387de071,Holmfirth 12 & 12,19:30,"1hr ",HD9 6AH,53.60464,-1.792651,Parish Rooms,"Church St, Honley",,Friday,False,False,False,False,,,,West Yorkshire,North East,England,Alcoholics Anonymous
3066e35b-6410-57f7-a977-286fa53f1f0e,Huddersfield The Hub,15:00,"1hr ",HD1 2BP,53.644982,-1.783802,Tbrp Huddersfield,"Union Bank, 3A Union Bank Yard, New St",,Wednesday,False,True,False,True,Open,,,West Yorkshire,North East,England,Alcoholics Anonymous
7628ca74-d560-507d-8f0c-72fc24c15cee,Slaithwaite Step 11 Meditation Monthly Meeting,19:30,1hr 30mins,HD7 5JN,53.622505,-1.87998,Colne Valley Group Practice,"The Globe, Bridge St, Slaithwaite",,Tuesday,False,True,False,False,,,"Meetings are held on the last Tuesday of each month only. There is a car park but all cars MUST register their details, free of charge, via an app (details available upon arrival), failure to do so will result in a fine. Registration of car details is the full responsibility of the car driver. Alternatively there is ample on street parking on Bridge St.",West Yorkshire,North East,England,Alcoholics Anonymous
465738fc-078c-557f-b007-ce835eb221de,Bath A.M.,07:30,"1hr ",BA1 5LJ,51.3841,-2.3604,St Michaels Without,Broad St,,Friday,False,False,False,False,,,,Wiltshire and Bath,South Midlands,England,Alcoholics Anonymous
555284c5-c9a3-5cb1-b9a0-17084fa9a135,Frome Womens,17:15,"1hr ",BA11 2FH,51.237318,-2.311568,The Moxon Suite,"Frome Community Hospital, Enos Way",,Saturday,False,False,False,False,,,Small Big Book focused meeting for women.,Wiltshire and Bath,South Midlands,England,Alcoholics Anonymous
91c7af58-4989-5f9d-9099-1502c53f4278,Birkenhead Women In Recovery,11:45,1hr 30mins,CH42 3YN,53.379258,-3.015718,Neo Community Centre,"Beaconsfield Close, Rock Ferry",,Thursday,False,False,False,False,,,,Wirral,North West,England,Alcoholics Anonymous
b1843ed5-f2ae-5b2f-82d7-4636381aa3c4,Wallasey As Bill Sees It,19:30,1hr 30mins,CH45 3LP,53.427075,-3.066732,United Reformed Church,Wallasey Village,,Wednesday,False,True,False,False,,,,Wirral,North West,England,Alcoholics Anonymous
e4644edf-5445-51bf-a79c-1a1c22c90ee2,Blackwatertown The Womans Way,19:00,,BT71 7JZ,54.411342,-6.743651,Benburb Priory,"10 Main Street,Benburb,Dungannon",,Sunday,False,False,False,False,,,This is a closed meeting for women only.,,,Northern Ireland,Alcoholics Anonymous
7b4cfe3c-a37d-52b3-9b1b-e191b0f1ba0d,Derry Creggan AA,20:30,,BT48 9QE,54.996329,-7.34452,St. Mary's Church,"1 Fanad Drive,Creggan,Derry",,Thursday,False,False,False,False,,Steps,Upstairs Room,,,Northern Ireland,Alcoholics Anonymous
91f6a90c-53c0-53d5-851a-59da9e7c8a94,Derry Creggan AA,20:30,,BT48 9QE,54.996329,-7.34452,St. Mary's Church,"1 Fanad Drive,Creggan,Derry",,Sunday,False,False,False,False,,,Upstairs Room,,,Northern Ireland,Alcoholics Anonymous
cfebd229-6249-58df-9c92-de4c82b584ee,Groomsport Alcoholics Anonymous,20:30,,BT19 6JP,54.676044,-5.617067,The Boathouse,"Harbour Road,Groomsport,Bangor",,Monday,False,False,False,False,,,,,,Northern Ireland,Alcoholics Anonymous
e8072db5-8363-59d7-8ae8-a80e2719fa74,Newry Old Dublin Road,20:30,,BT35 8RL,54.124218,-6.35045,Cuan Mhuire,"200 Old Dublin Road,Newry,Co. Armagh",,Monday,False,False,False,False,,,,,,Northern Ireland,Alcoholics Anonymous
505c7437-4677-5d6d-893b-be222b27f6ce,Newry Old Dublin Road,20:30,,BT35 8RL,54.124218,-6.35045,Cuan Mhuire,"200 Old Dublin Road,Newry,Co. Armagh",,Wednesday,False,False,False,False,,Steps,,,,Northern Ireland,Alcoholics Anonymous
a36e935f-b7a3-55b3-87fb-392e5a2cacf7,Newry Old Dublin Road,20:30,,BT35 8RL,54.124218,-6.35045,Cuan Mhuire,"200 Old Dublin Road,Newry,Co. Armagh",,Friday,False,False,False,False,,,,,,Northern Ireland,Alcoholics Anonymous
4acb484b-a87e-501f-8213-e3a627e4a857,Newry Water Street,10:30,,BT34 1AT,54.174585,-6.338506,Newry Cathedral,"38-40 Hill Street,Newry,Co. Armagh",,Monday,False,False,False,False,,,,,,Northern Ireland,Alcoholics Anonymous
fb3410c0-ca08-52a3-a3b8-35709e0e3062,Newry Water Street,10:30,,BT34 1AT,54.174585,-6.338506,Newry Cathedral,"38-40 Hill Street,Newry,Co. Armagh",,Tuesday,False,False,False,False,,Steps,,,,Northern Ireland,Alcoholics Anonymous
60c350ad-ef76-5f11-983c-7d4f72665d89,Newry Water Street,10:30,,BT34 1AT,54.174585,-6.338506,Newry Cathedral,"38-40 Hill Street,Newry,Co. Armagh",,Wednesday,False,False,False,False,,,,,,Northern Ireland,Alcoholics Anonymous
5c0988f7-d7c9-5b30-b2f6-088a27f5e489,Newry Water Street,10:30,,BT34 1AT,54.174585,-6.338506,Newry Cathedral,"38-40 Hill Street,Newry,Co. Armagh",,Thursday,False,False,False,False,,Tradition,,,,Northern Ireland,Alcoholics Anonymous
1d439860-108d-5d65-ab9f-f6785bfad368,Newry Water Street,10:30,,BT34 1AT,54.174585,-6.338506,Newry Cathedral,"38-40 Hill Street,Newry,Co. Armagh",,Friday,False,False,False,False,,,,,,Northern Ireland,Alcoholics Anonymous
7aa1628f-3ad6-5849-a8ff-a1a05abbb6b3,Newtownards North Down,20:30,,BT23 4AS,54.594372,-5.706238,Lough House,"Ards Hospital,Church Street,Newtownards,Co. Down",,Monday,False,False,False,False,,,,,,Northern Ireland,Alcoholics Anonymous
a742345b-4b5b-524f-9c33-0dd05fc836e6,Newtownards North Down,20:30,,BT23 4AS,54.594372,-5.706238,Lough House,"Ards Hospital,Church Street,Newtownards,Co. Down",,Tuesday,False,False,False,False,,,,,,Northern Ireland,Alcoholics Anonymous
47b3fc9c-4c98-5a28-aca1-773578df1b14,Newtownards North Down,20:30,,BT23 4AS,54.594372,-5.706238,Lough House,"Ards Hospital,Church Street,Newtownards,Co. Down",,Friday,False,False,False,False,,,,,,Northern Ireland,Alcoholics Anonymous
07e22694-0651-5c9e-8f48-bdce63e52893,Newtownards North Down,20:30,,BT23 4AS,54.594372,-5.706238,Lough House,"Ards Hospital,Church Street,Newtownards,Co. Down",,Saturday,False,False,False,False,,,,,,Northern Ireland,Alcoholics Anonymous
9758a39f-eeb0-58a3-81cd-2ad50c56468e,Newtownards North Down,11:30,,BT23 4AS,54.594372,-5.706238,Lough House,"Ards Hospital,Church Street,Newtownards,Co. Down",,Sunday,False,False,False,False,,,,,,Northern Ireland,Alcoholics Anonymous
038c8b19-55aa-5a06-b655-9dc078522636,Newtownards North Down,19:00,,BT23 4AS,54.594372,-5.706238,Lough House,"Ards Hospital,Church Street,Newtownards,Co. Down",,Sunday,False,False,False,False,,,,,,Northern Ireland,Alcoholics Anonymous
464b1c09-7d0e-54d2-9200-948407b1b4ac,Whitehead Live,18:30,,BT38 9QD,54.753563,-5.710369,Community Centre,"20 Balmoral Avenue,Whitehead,Antrim",,Saturday,False,False,False,False,,,,,,Northern Ireland,Alcoholics Anonymous
eef8315a-30e8-574d-b7a7-965256b83c38,Ballymoney,20:00,,BT53 6JZ,55.0675068,-6.516587,,"75 Castle Street,Ballymoney,Antrim,BT53 6J4",,Tuesday,False,False,False,False,,,,Antrim,Northern Ireland,Northern Ireland,Alcoholics Anonymous
ad16bd8e-1931-584d-8464-95bf299bca71,Belfast Antrim Road Group,20:00,,BT15 2BP,54.609663,-5.935127,Ashton Centre,"5 Churchill Street,Belfast,Co. Antrim",,Tuesday,False,False,False,True,,,Open meeting on the last Tuesday of each month.,Antrim,Northern Ireland,Northern Ireland,Alcoholics Anonymous
08254794-c506-5aad-adf7-9dbaef64675c,Belfast Antrim Road Group,20:00,,BT15 2BP,54.609663,-5.935127,Ashton Centre,"5 Churchill Street,Belfast,Co. Antrim",,Friday,False,False,False,True,,Steps,Open meeting on the last Tuesday of each month.,Antrim,Northern Ireland,Northern Ireland,Alcoholics Anonymous
b086f6bf-8d67-51a7-87bd-9c8456e0e781,Belfast Antrim Road Group,20:00,,BT15 2BP,54.609663,-5.935127,Ashton Centre,"5 Churchill Street,Belfast,Co. Antrim",,Saturday,False,False,False,True,,,Open meeting on the last Tuesday of each month.,Antrim,Northern Ireland,Northern Ireland,Alcoholics Anonymous
3be38664-ba65-5f3b-bce8-7ab6d7bb588e,Belfast Antrim Road Group,20:00,,BT15 2BP,54.609663,-5.935127,Ashton Centre,"5 Churchill Street,Belfast,Co. Antrim",,Sunday,False,False,False,True,,,Open meeting on the last Tuesday of each month.,Antrim,Northern Ireland,Northern Ireland,Alcoholics Anonymous
ea1af1be-b6ff-5a33-a219-b77c4b7a59ab,Belfast Donegal Pass,12:00,,BT7 1BL,54.591193,-5.929007,Community Centre,"25 Apsley Street,Belfast,Co. Antrim",,Thursday,False,False,False,False,,,,Antrim,Northern Ireland,Northern Ireland,Alcoholics Anonymous
27c50730-3051-5da4-8a7b-614c5b9ffa8a,Lisburn 23 Railway Street,12:30,,BT28 1XG,54.51214,-6.043159,,"23 Railway Street,Lisburn,Co. Antrim",,Saturday,False,False,False,False,,,,Antrim,Northern Ireland,Northern Ireland,Alcoholics Anonymous
e9656c81-7633-5cbe-bdde-39c3aecbac0a,Lurgan Pinebank,20:00,,BT66 6EU,54.462939,-6.334476,Roxy Heel Bar,"41A Church Place,Lurgan,Co. Armagh",,Saturday,False,False,False,False,,Big Book,Above Roxy Heel Bar,Armagh,Northern Ireland,Northern Ireland,Alcoholics Anonymous
1a772f61-c2db-5857-a418-0e746547bf49,Ballygawley,20:30,,BT70 2HD,54.461939,-7.027932,Fairfield House,"Main Street,Ballygawley Playing Fields,Ballygawley,Co. Tyrone",,Saturday,False,False,False,False,,,,Tyrone,Northern Ireland,Northern Ireland,Alcoholics Anonymous
dadb36e8-d33e-59a9-b137-0763b1286564,Abbeyfeale,15:00,,V94 F7D9,52.3870384,-9.2912653,Parish Office,"Convent Street,Abbeyfeale,Co. Limerick",,Wednesday,False,False,False,False,,,,,,Republic of Ireland,Alcoholics Anonymous
f9712602-fa39-573e-97b0-dd25fb1273a2,Abbeyfeale,20:30,,V94 F7D9,52.3870384,-9.2912653,Parish Office,"Convent Street,Abbeyfeale,Co. Limerick",,Friday,False,False,False,False,,,,,,Republic of Ireland,Alcoholics Anonymous
a769b6f8-ed74-50d3-8edb-0381f84741f3,Abbeyfeale,10:30,,V94 F7D9,52.3870384,-9.2912653,Parish Office,"Convent Street,Abbeyfeale,Co. Limerick",,Sunday,False,False,False,False,,Steps,,,,Republic of Ireland,Alcoholics Anonymous
5e614dfa-f1ee-5b85-b603-22bec4a1d130,Abbeyfeale Mountcollins,20:30,,V94 K036,52.3218899,-9.2079354,Mountcollins National School,"Caherlevoy Mountcollins,Abbeyfeale Co. Limerick",,Tuesday,False,False,False,False,,,,,,Republic of Ireland,Alcoholics Anonymous
73b950c3-3499-5675-88ac-31bf12f95ac8,Abbeyleix AA Group,20:30,,,52.9136815,-7.3507827,Knocknamoe House,"Abbeyleix,Laois,R32 V3OY",,Wednesday,False,False,False,False,,,,,,Republic of Ireland,Alcoholics Anonymous
6db037dd-0718-5742-aba5-2f72e1898cd3,Adare,20:30,,V94 V0Y0,52.563473,-8.7930446,The Village Hall,"Adare,Co. Limerick",,Sunday,False,False,False,False,,,,,,Republic of Ireland,Alcoholics Anonymous
3bc87977-5d68-5bc2-8543-872e7e573bf0,Ardee Recovery Group,20:30,,A92 DRN0,53.8568699,-6.5492463,Saint Brigid's Hospital,"Kells Road,Ardee,Co. Louth",,Tuesday,False,False,False,False,,,"Zoom Meeting: : 
Meeting ID - 83657253340
Password - 361911",,,Republic of Ireland,Alcoholics Anonymous
a9c61e32-6f17-50d0-9cbb-a066b0d783be,Ardee Recovery Group,20:30,,A92 DRN0,53.8568699,-6.5492463,Saint Brigid's Hospital,"Kells Road,Ardee,Co. Louth",,Saturday,False,False,False,False,,,"Zoom Meeting: : 
Meeting ID - 83657253340
Password - 361911",,,Republic of Ireland,Alcoholics Anonymous
0478b821-54fb-5d10-be18-76deac55427d,Askeaton Limerick,20:30,,V94 EH9Y,52.6026898,-8.9732386,Askeaton Community Centre,"The Quay,Askeaton,Co. Limerick",,Thursday,False,False,False,False,,,,,,Republic of Ireland,Alcoholics Anonymous
daa49f4c-cec0-55e5-85ee-f332ce94f8eb,Askeaton Limerick,10:00,,V94 EH9Y,52.6026898,-8.9732386,Askeaton Community Centre,"The Quay,Askeaton,Co. Limerick",,Sunday,False,False,False,False,,,,,,Republic of Ireland,Alcoholics Anonymous
d418fa81-bcfd-5ee8-b9fc-69422bd6478c,Athboy Group,20:00,,C15 P280,53.6202233,-6.9213359,Athboy Convent Community Centre,"Beechgrove,Athboy,Co. Meath",,Sunday,False,False,False,False,,,Meeting finishes at 9:15PM,,,Republic of Ireland,Alcoholics Anonymous
3fb429be-269a-53ac-b30d-5b58e7215852,Athboy Road Group,20:00,,C15 V020,53.5647266,-6.800454,Meath Opportunitites For Training,"Unit 1/2 Eamonn Duggan Ind Estate,Trim,Co. Meath",,Tuesday,False,False,False,False,,,,,,Republic of Ireland,Alcoholics Anonymous
e6640c4a-5622-5e52-8922-f4b848f3caf3,Athboy Road Group,18:30,,C15 V020,53.5647266,-6.800454,Meath Opportunitites For Training,"Unit 1/2 Eamonn Duggan Ind Estate,Trim,Co. Meath",,Thursday,False,False,False,False,,,,,,Republic of Ireland,Alcoholics Anonymous
b140a2fc-7f25-511c-bd45-4a97118e509a,Athboy Road Group,11:00,,C15 V020,53.5647266,-6.800454,Meath Opportunitites For Training,"Unit 1/2 Eamonn Duggan Ind Estate,Trim,Co. Meath",,Sunday,False,False,False,False,,,,,,Republic of Ireland,Alcoholics Anonymous
9f936734-3a4d-54ed-918c-823640c5f265,Athleague Angling Centre,20:30,,F42 K685,53.5697725,-8.2611981,Angling Centre,"Glebe,Athleague,Roscommon",,Friday,False,False,False,False,,,,,,Republic of Ireland,Alcoholics Anonymous
4bf679d6-f7ce-507b-aa90-24c500662127,Athlone Bower,20:00,,N37 TR58,53.4224561,-7.9221458,Our Lady's Bower Secondary School,"Retreat Road,Athlone,Co. Westmeath",,Saturday,False,False,False,False,,,,,,Republic of Ireland,Alcoholics Anonymous
ae7adea9-31df-5c53-95ef-476f376717f3,Athlone Dr. Dobbs,20:15,,N37 V9K6,53.4217152,-7.9459879,Resource Centre,"Patrick Street,Off Connaught Street.,Athlone,Co. Westmeath",,Thursday,False,False,False,False,,,,,,Republic of Ireland,Alcoholics Anonymous
d7154c0d-7f01-52ac-b2f0-db8791f319d2,Athlone St. Kieran’S Group,12:30,,N37 W7P3,53.4315567,-7.9429329,St. Kieran's Community Centre,"Tormey Villas,Athlone,Co. Westmeath",,Sunday,False,False,False,False,,,,,,Republic of Ireland,Alcoholics Anonymous
1b0e7049-4650-52ef-b051-b5660d4b166e,Athlone St. Mary’S,13:00,,N37 H270,53.4235429,-7.9337144,St. Ciarans House,"Knights Hall,St. Mary's Square,Athlone,Co. Westmeath",,Monday,False,False,False,False,,,Trad. meeting last Saturday of month,,,Republic of Ireland,Alcoholics Anonymous
93622ad3-dc43-5086-af89-385848521bb1,Athlone St. Mary’S,13:00,,N37 H270,53.4235429,-7.9337144,St. Ciarans House,"Knights Hall,St. Mary's Square,Athlone,Co. Westmeath",,Tuesday,False,False,False,False,,,Trad. meeting last Saturday of month,,,Republic of Ireland,Alcoholics Anonymous
2b8d9c2c-e104-5e96-898c-77f18e3c30f4,Athlone St. Mary’S,13:00,,N37 H270,53.4235429,-7.9337144,St. Ciarans House,"Knights Hall,St. Mary's Square,Athlone,Co. Westmeath",,Wednesday,False,False,False,False,,,Trad. meeting last Saturday of month,,,Republic of Ireland,Alcoholics Anonymous
b43c875a-c156-54d0-a2c9-837f8c057fca,Athlone St. Mary’S,13:00,,N37 H270,53.4235429,-7.9337144,St. Ciarans House,"Knights Hall,St. Mary's Square,Athlone,Co. Westmeath",,Thursday,False,False,False,False,,Steps,Trad. meeting last Saturday of month,,,Republic of Ireland,Alcoholics Anonymous
003887f7-5694-5cec-aced-be4db4045b7d,Athlone St. Mary’S,13:00,,N37 H270,53.4235429,-7.9337144,St. Ciarans House,"Knights Hall,St. Mary's Square,Athlone,Co. Westmeath",,Friday,False,False,False,False,,,Trad. meeting last Saturday of month,,,Republic of Ireland,Alcoholics Anonymous
5fdae41f-dedf-57ad-b7ff-1e73bdc4fb96,Athlone St. Mary’S,13:00,,N37 H270,53.4235429,-7.9337144,St. Ciarans House,"Knights Hall,St. Mary's Square,Athlone,Co. Westmeath",,Saturday,False,False,False,False,,,Trad. meeting last Saturday of month,,,Republic of Ireland,Alcoholics Anonymous
d40a607f-fcb2-52e1-b6f5-59a32a0af1d9,Athlone Young At Heart AA Group,20:00,,N37 WK25,53.4235426,-7.9816531,Monksland Community Centre,"Athlone,Co. Westmeath",,Wednesday,False,False,False,False,,Big Book,,,,Republic of Ireland,Alcoholics Anonymous
c0c7f255-ea94-5657-9e98-eaee4bd87e97,Athlone Young At Heart AA Group,09:00,,N37 WK25,53.4235426,-7.9816531,Monksland Community Centre,"Athlone,Co. Westmeath",,Saturday,False,False,False,False,,,,,,Republic of Ireland,Alcoholics Anonymous
c26c6b28-bb4e-52bb-90b7-d3ca86a775f6,Athy Live & Let Live 2,20:30,,,52.991317,-6.9895313,Cuan Mhuire Treatment Centre,"Vicarstown Road,Athy,Co. Kildare",,Tuesday,False,False,False,False,,,,,,Republic of Ireland,Alcoholics Anonymous
33b9e127-30cb-5273-9d0b-f4898e367ebf,Athy Live & Let Live 2,20:30,,,52.991317,-6.9895313,Cuan Mhuire Treatment Centre,"Vicarstown Road,Athy,Co. Kildare",,Saturday,False,False,False,False,,,,,,Republic of Ireland,Alcoholics Anonymous
949c5fc8-ed5e-5ce1-a6ee-c53ca04e7f3e,Bailieborough Group AA,20:30,,,53.9133881,-6.9699934,Bailieborough Health Centre,"Kells Road,Bailieborough,Co. Cavan,A82 EOC3",,Wednesday,False,False,False,False,,,,,,Republic of Ireland,Alcoholics Anonymous
c92c1b42-7368-5528-b881-d52a1b7fedde,Balbriggan Cairde,20:00,,K32 PK40,53.6073749,-6.1789663,Cairde Building,"Old St. Georges School,Hampton Street,Balbriggan,Co. Dublin",,Tuesday,False,False,False,False,,,"Tea, Coffee, Snacks always available.",,,Republic of Ireland,Alcoholics Anonymous
0253462f-99a6-5627-b547-7c51b24265ef,Balbriggan Cairde,19:30,,K32 PK40,53.6073749,-6.1789663,Cairde Building,"Old St. Georges School,Hampton Street,Balbriggan,Co. Dublin",,Sunday,False,False,False,False,,,"Tea, Coffee, Snacks always available.",,,Republic of Ireland,Alcoholics Anonymous
9ac39ad9-efe3-5bfc-904f-30d4dae29221,Ballaghaderreen,20:30,,F45 EF40,53.9043663,-8.5768953,Social Service Centre,"Oak Grove,Ballaghaderreen,Co. Roscommon",,Tuesday,False,False,False,False,,,,,,Republic of Ireland,Alcoholics Anonymous
59aa5bec-a9a7-5b6f-a6d0-baa25cfce418,Ballaghaderreen,20:30,,F45 EF40,53.9043663,-8.5768953,Social Service Centre,"Oak Grove,Ballaghaderreen,Co. Roscommon",,Friday,False,False,False,False,,,,,,Republic of Ireland,Alcoholics Anonymous
a000060a-b6ef-5bd5-8219-bbe016b1ef31,Ballina Big Book Group,20:30,,F26 X310,54.1141382,-9.1588592,Community Centre,"Teeling Street,Ballina,Co. Mayo",,Monday,False,False,False,False,,,,,,Republic of Ireland,Alcoholics Anonymous
b5815929-20b0-5daf-9dd3-5a936884790e,Ballina Big Book Group,13:00,,F26 X310,54.1141382,-9.1588592,Community Centre,"Teeling Street,Ballina,Co. Mayo",,Tuesday,False,False,False,False,,,,,,Republic of Ireland,Alcoholics Anonymous
8cebb150-5b4b-5726-b07f-a8b5233b888f,Ballina Big Book Group,20:30,,F26 X310,54.1141382,-9.1588592,Community Centre,"Teeling Street,Ballina,Co. Mayo",,Tuesday,False,False,False,False,,,,,,Republic of Ireland,Alcoholics Anonymous
9dbd2921-0e31-5cd1-931c-a37212e2281e,Ballina Big Book Group,13:00,,F26 X310,54.1141382,-9.1588592,Community Centre,"Teeling Street,Ballina,Co. Mayo",,Thursday,False,False,False,False,,,,,,Republic of Ireland,Alcoholics Anonymous
f96bd54d-9780-58ee-bd60-567b0c9083d4,Ballina Big Book Group,18:00,,F26 X310,54.1141382,-9.1588592,Community Centre,"Teeling Street,Ballina,Co. Mayo",,Thursday,False,False,False,False,,Steps,,,,Republic of Ireland,Alcoholics Anonymous
6b79469d-c811-5f85-adc1-5cb888ba2c28,Ballina Big Book Group,13:00,,F26 X310,54.1141382,-9.1588592,Community Centre,"Teeling Street,Ballina,Co. Mayo",,Saturday,False,False,False,False,,Big Book,,,,Republic of Ireland,Alcoholics Anonymous
cd5ca33f-854e-56c5-b6dd-8d59580118d1,Ballina Big Book Group,18:00,,F26 X310,54.1141382,-9.1588592,Community Centre,"Teeling Street,Ballina,Co. Mayo",,Sunday,False,False,False,False,,Steps,,,,Republic of Ireland,Alcoholics Anonymous
acad9495-8c5a-5170-818b-60fd719ab4a6,Ballina Matt Talbot,20:30,,F26 X8W8,54.1125844,-9.1554942,Casement Street,"Ballina,Co. Mayo",,Wednesday,False,False,False,False,,,"Blue fronted building, down from Post Office
Meeting room on 1st Floor",,,Republic of Ireland,Alcoholics Anonymous
5d0e9c07-63be-595a-b084-065088fd5d0b,Ballina Matt Talbot,20:30,,F26 X8W8,54.1125844,-9.1554942,Casement Street,"Ballina,Co. Mayo",,Thursday,False,False,False,False,,,"Blue fronted building, down from Post Office
Meeting room on 1st Floor",,,Republic of Ireland,Alcoholics Anonymous
a2bbc7ea-fc6f-500a-882e-e8e4509d0075,Ballina Matt Talbot,20:30,,F26 X8W8,54.1125844,-9.1554942,Casement Street,"Ballina,Co. Mayo",,Saturday,False,False,False,False,,,"Blue fronted building, down from Post Office
Meeting room on 1st Floor",,,Republic of Ireland,Alcoholics Anonymous
feb7e9f7-4614-590d-9892-d7ca1822807e,Ballinacarrow,20:30,,F56 CY96,54.1336551,-8.5617615,Ballinacarrow Community Centre,"St Josephs Hall,Ballinacarrow,Co. Sligo",,Wednesday,False,False,False,False,,Steps & Tradition,,,,Republic of Ireland,Alcoholics Anonymous
d0c67464-86a9-510b-b724-a226a955d66d,Ballinrobe,20:30,,F31 KT57,53.6231605,-9.2230011,Credit Untion House,"Main Street,Ballinrobe,Co. Mayo",,Tuesday,False,False,False,False,,,"First Door on left. 2nd Floor, Credit Union Building, Tacu, Main Street, (through Archway Gate)
Summer 9.00pm Winter 8.30pm",,,Republic of Ireland,Alcoholics Anonymous
98c8b926-8e85-51f1-8f62-12ce81f347a9,Ballinrobe,20:30,,F31 KT57,53.6231605,-9.2230011,Credit Untion House,"Main Street,Ballinrobe,Co. Mayo",,Friday,False,False,False,False,,,"First Door on left. 2nd Floor, Credit Union Building, Tacu, Main Street, (through Archway Gate)
Summer 9.00pm Winter 8.30pm",,,Republic of Ireland,Alcoholics Anonymous
1b7d5d5a-13c8-549a-b675-d8df94bbc6c3,Ballintubber,12:00,,F12 A8N9,53.7471184,-9.2989859,Celtic Furrow,"Ballintubber,Co. Mayo",,Sunday,False,False,False,False,,,,,,Republic of Ireland,Alcoholics Anonymous
701f9312-1001-5d58-acd5-97325160188c,Ballybay Corfad,20:30,,A75 RX68,54.1362048,-6.9102821,Cuan Mhuire,"Corfad,Monaghan Road,Ballybay,Co. Monaghan",,Monday,False,False,False,False,,,,,,Republic of Ireland,Alcoholics Anonymous
340b8a74-8192-529b-b3f8-ae94e7a38d22,Ballybay Corfad,13:00,,A75 RX68,54.1362048,-6.9102821,Cuan Mhuire,"Corfad,Monaghan Road,Ballybay,Co. Monaghan",,Thursday,False,False,False,False,,,,,,Republic of Ireland,Alcoholics Anonymous
525773d4-f20a-50c2-b054-8d9c0ab6b47a,Ballybay Corfad,20:30,,A75 RX68,54.1362048,-6.9102821,Cuan Mhuire,"Corfad,Monaghan Road,Ballybay,Co. Monaghan",,Friday,False,False,False,False,,,,,,Republic of Ireland,Alcoholics Anonymous
a7f529ff-b964-5ab4-bcc1-f7f681929416,Ballybay Corfad,11:30,,A75 RX68,54.1362048,-6.9102821,Cuan Mhuire,"Corfad,Monaghan Road,Ballybay,Co. Monaghan",,Saturday,False,False,False,False,,,,,,Republic of Ireland,Alcoholics Anonymous
c09c2757-f60d-5895-bb2e-2422c6994466,Ballybay Friday Night Group,20:30,,A75 RX68,54.1362048,-6.9102821,Cuan Mhuire,"Corfad,Monaghan Road,Ballybay,Co. Monaghan",,Friday,False,False,False,False,,,Step Mtg.1st Fri of month,,,Republic of Ireland,Alcoholics Anonymous
47d1d6a3-86f7-50b8-b487-7da43937ffe5,Ballybunion,20:00,,V31 RT61,52.5172099,-9.6753928,St Josephs Secondary School,"Doon Road,Ballybunion,Co. Kerry",,Monday,False,False,False,False,,Steps,Via the upper car park.,,,Republic of Ireland,Alcoholics Anonymous
30354c4b-8a3a-5053-a588-59664dd404d2,Ballybunion,20:00,,V31 RT61,52.5172099,-9.6753928,St Josephs Secondary School,"Doon Road,Ballybunion,Co. Kerry",,Saturday,False,False,False,False,,,Via the upper car park.,,,Republic of Ireland,Alcoholics Anonymous
f58a3f78-15ad-5a34-ac41-e8776672e36f,Ballydesmond,20:30,,P51 PR92,52.2106046,-9.1879469,The Old School,"Foilogohig Heritage Centre,Ballydesmond,Co. Cork",,Monday,False,False,False,False,,Steps,,,,Republic of Ireland,Alcoholics Anonymous
be38e9c9-dc15-57ca-a258-c28dcef76b51,Ballygarrett,20:30,,,52.5729847,-6.2299674,Church Of Our Lady Star Of The Sea,"Ballygarrett,Co. Wexford",,Tuesday,False,False,False,False,,,,,,Republic of Ireland,Alcoholics Anonymous
66366aef-a894-5adc-906b-a7a684c2e56f,Ballygarrett,20:30,,,52.5729847,-6.2299674,Church Of Our Lady Star Of The Sea,"Ballygarrett,Co. Wexford",,Saturday,False,False,False,False,,Steps,,,,Republic of Ireland,Alcoholics Anonymous
7484ebfb-7d35-5113-b04c-428aa0c6ea7b,Ballyjamesduff Kilnacrott,20:30,,A82 TP27,53.860578,-7.2059941,St Teresas Centre,"Oldcastle Road,Ballyjamesduff,Co. Cavan",,Tuesday,False,False,False,False,,,Same building as the Mens Shed,,,Republic of Ireland,Alcoholics Anonymous
086914aa-8b77-59b2-9f58-233a2a767b9d,Ballyjamesduff Kilnacrott,20:30,,A82 TP27,53.860578,-7.2059941,St Teresas Centre,"Oldcastle Road,Ballyjamesduff,Co. Cavan",,Thursday,False,False,False,False,,Steps,Same building as the Mens Shed,,,Republic of Ireland,Alcoholics Anonymous
bbc0be61-7009-5e3e-a19f-6c11a18a1e44,Ballymote AA Group,19:30,,F56 R282,54.0868241,-8.5142428,Ballymote Family Resource Centre,"Wolfe Tone Street,Ballymote,Sligo",,Saturday,False,False,False,False,,Steps,,,,Republic of Ireland,Alcoholics Anonymous
5a8e1134-1c05-5744-94f7-5d1454613b19,Belmont,20:00,,X91 K5EH,52.2708996,-7.093876,Belmont Park Hospital,"New Ross Road,Ferrybank,Co. Waterford",,Monday,False,False,False,False,,Steps,,,,Republic of Ireland,Alcoholics Anonymous
d7284c6e-158e-59a6-8ccb-2c58da7d047d,Belmont,20:00,,X91 K5EH,52.2708996,-7.093876,Belmont Park Hospital,"New Ross Road,Ferrybank,Co. Waterford",,Friday,False,False,False,False,,,,,,Republic of Ireland,Alcoholics Anonymous
c331d541-0955-5f7c-9130-f3b6ab7edebe,Belmullet,21:00,,F26 VY42,54.2156866,-9.9798541,Irish Wheelchair Association Centre,"1 College Park,Belmullet,Ballina,Co. Mayo",,Tuesday,False,False,False,False,,,,,,Republic of Ireland,Alcoholics Anonymous
081cede8-a8de-55bd-a57a-75bcd0070e85,Belmullet,19:00,,F26 VY42,54.2156866,-9.9798541,Irish Wheelchair Association Centre,"1 College Park,Belmullet,Ballina,Co. Mayo",,Sunday,False,False,False,False,,,,,,Republic of Ireland,Alcoholics Anonymous
f8153e99-f037-5b43-a08c-c9c4914e15d0,Birr,20:30,,R42 AX23,53.1249312,-7.7892762,St. Brendan's Hall,"(Red Door,Upstairs),Beside St.Brendan's Church Of Ireland,Emmet Street,Birr,Co. Offaly",,Tuesday,False,False,False,False,,,,,,Republic of Ireland,Alcoholics Anonymous
60073d23-bfd1-5480-b103-9cbeee001bd7,Birr,20:30,,R42 AX23,53.1249312,-7.7892762,St. Brendan's Hall,"(Red Door,Upstairs),Beside St.Brendan's Church Of Ireland,Emmet Street,Birr,Co. Offaly",,Friday,False,False,False,False,,,,,,Republic of Ireland,Alcoholics Anonymous
cfcb8f62-f2c3-5c91-b27f-344642e2da3f,Birr,20:30,,R42 AX23,53.1249312,-7.7892762,St. Brendan's Hall,"(Red Door,Upstairs),Beside St.Brendan's Church Of Ireland,Emmet Street,Birr,Co. Offaly",,Sunday,False,False,False,False,,Steps,,,,Republic of Ireland,Alcoholics Anonymous
06333f4d-c734-564c-9b14-e4891991b66e,Birr St Francis Group,20:30,,R42 T284,53.0959311,-7.9077608,Parochial House,"John's Mall,Birr,Co. Offaly",,Thursday,False,False,False,False,,,,,,Republic of Ireland,Alcoholics Anonymous
b0727756-2a36-5cc6-9a38-93fd52cc7bb8,Blacklion AA,20:30,,F91 EEP2,54.2917654,-7.8788772,Health Centre,"Main Street,Blacklion,Co. Cavan",,Tuesday,False,False,False,False,,,,,,Republic of Ireland,Alcoholics Anonymous
b2debdb2-2c30-5e99-8c9e-d2330e354eb9,Borrisoleigh,19:00,,E41 PH33,52.7500376,-7.9570187,Parochial House,"Pallas Street,Borrisoleigh,Co. Tipperary",,Sunday,False,False,False,False,,,,,,Republic of Ireland,Alcoholics Anonymous
c71ab105-c48f-58d1-9453-8aae2aa712f4,Boyle,20:30,,,53.9739817,-8.293922,St. Joseph's Resource Centre,"Abbeytown,Boyle,Co. Roscommon",,Monday,False,False,False,False,,Steps,,,,Republic of Ireland,Alcoholics Anonymous
39de918a-53c3-5fa0-b20e-6a3117902090,Boyle Thursday Midday Group,12:00,,F52 VW70,53.9700682,-8.3010221,St. Joseph's Hall (Off The Crescent),"Boyle,Co. Roscommon",,Thursday,False,False,False,False,,,,,,Republic of Ireland,Alcoholics Anonymous
fc893a22-c46b-52f7-8a2a-df590cedcd07,Bray,13:00,,A98 K590,53.209024,-6.1166464,St. Peter's Parish Hall,"Chapel Lane,Little Bray,Co. Wicklow",,Monday,False,False,False,False,,,,,,Republic of Ireland,Alcoholics Anonymous
fb42b918-6bb1-55fe-96d2-d9ca92e27a26,Bray,20:30,,A98 K590,53.209024,-6.1166464,St. Peter's Parish Hall,"Chapel Lane,Little Bray,Co. Wicklow",,Monday,False,False,False,False,,,,,,Republic of Ireland,Alcoholics Anonymous
7947bd25-e4ae-5853-8101-416d9f496ba6,Bray,13:00,,A98 K590,53.209024,-6.1166464,St. Peter's Parish Hall,"Chapel Lane,Little Bray,Co. Wicklow",,Tuesday,False,False,False,False,,,,,,Republic of Ireland,Alcoholics Anonymous
0838fdfa-0509-5bab-8298-44c056720d8f,Bray,13:00,,A98 K590,53.209024,-6.1166464,St. Peter's Parish Hall,"Chapel Lane,Little Bray,Co. Wicklow",,Wednesday,False,False,False,False,,,,,,Republic of Ireland,Alcoholics Anonymous
9cbd0410-41c3-507f-9ffa-d586e099d919,Bray,13:00,,A98 K590,53.209024,-6.1166464,St. Peter's Parish Hall,"Chapel Lane,Little Bray,Co. Wicklow",,Thursday,False,False,False,False,,,,,,Republic of Ireland,Alcoholics Anonymous
bda8b1be-b423-5496-a04d-a2218de2136d,Bray,13:00,,A98 K590,53.209024,-6.1166464,St. Peter's Parish Hall,"Chapel Lane,Little Bray,Co. Wicklow",,Friday,False,False,False,False,,,,,,Republic of Ireland,Alcoholics Anonymous
7d553cd3-cb9a-52f6-92d9-41bc46b53149,Bray,13:00,,A98 K590,53.209024,-6.1166464,St. Peter's Parish Hall,"Chapel Lane,Little Bray,Co. Wicklow",,Saturday,False,False,False,False,,,,,,Republic of Ireland,Alcoholics Anonymous
50f790f1-ce58-553c-a457-98a159ee7bb5,Bray Town Centre Living Sober,10:30,,A98 CV61,53.2033718,-6.1068137,Epworth Hall,"Florence Road,Bray,Co. Wicklow",,Saturday,False,False,False,False,,,,,,Republic of Ireland,Alcoholics Anonymous
50861f52-5a69-5af5-a77b-c3b6efc11ea6,Bridgetown,20:30,,Y35 A718,52.232363,-6.5529509,Kilmore Scope,"AOH Hall,Bridgetown,Co. Wexford",,Tuesday,False,False,False,False,,,,,,Republic of Ireland,Alcoholics Anonymous
817b3136-bdb7-584a-8d5c-4023924310a5,Cahir Towns Park,20:00,,E21 KV00,52.3736303,-7.9237043,St Marys Parish Rooms,"10-14 St Marys Road,,Cahir,Co. Tipperary",,Wednesday,False,False,False,False,,,,,,Republic of Ireland,Alcoholics Anonymous
9e835784-e8b4-59d7-8aeb-b39dc077952d,Cahir Towns Park,11:00,,E21 KV00,52.3736303,-7.9237043,St Marys Parish Rooms,"10-14 St Marys Road,,Cahir,Co. Tipperary",,Sunday,False,False,False,False,,,,,,Republic of Ireland,Alcoholics Anonymous
5838c7fa-10af-5b4d-818a-01762951b0cf,Cahir Townspark 12 Step,19:00,,,52.3730022,-7.9238668,Parish Rooms,"St. Mary's Road,Cahir,Co. Tipperary",,Saturday,False,False,False,False,,Steps,Tradition Meeting last Thursday of every month,,,Republic of Ireland,Alcoholics Anonymous
dfae8e6f-fe18-508e-a6d7-3a9558e53d38,Cappamore Group,20:30,,V94 H702,52.6163057,-8.3356197,St. Michael's Daycare Centre,"Cappamore,Co. Limerick",,Friday,False,False,False,False,,,,,,Republic of Ireland,Alcoholics Anonymous
98989208-7c43-5abd-9b78-58b6201314ee,Carlow St Catherine’S Carlow Group,20:30,,R93 T4C6,52.8400665,-6.9230889,St. Catherine's Community Services,"St. Josephs Road,Carlow,Carlow",,Monday,False,False,False,False,,Steps,Zoom Meeting: To request link to online meeting email L2@alcoholicsanonymous.ie,,,Republic of Ireland,Alcoholics Anonymous
b4230b60-34b8-5cd5-93b8-e0f80280bc82,Carlow St Catherine’S Carlow Group,20:30,,R93 T4C6,52.8400665,-6.9230889,St. Catherine's Community Services,"St. Josephs Road,Carlow,Carlow",,Tuesday,False,False,False,False,,,Zoom Meeting: To request link to online meeting email L2@alcoholicsanonymous.ie,,,Republic of Ireland,Alcoholics Anonymous
2530501e-0c49-53c0-997d-cd5e76817135,Carlow St Catherine’S Carlow Group,13:00,,R93 T4C6,52.8400665,-6.9230889,St. Catherine's Community Services,"St. Josephs Road,Carlow,Carlow",,Wednesday,False,False,False,False,,,Zoom Meeting: To request link to online meeting email L2@alcoholicsanonymous.ie,,,Republic of Ireland,Alcoholics Anonymous
3245f112-e544-5280-9ab5-7a40520eb421,Carlow St Catherine’S Carlow Group,20:30,,R93 T4C6,52.8400665,-6.9230889,St. Catherine's Community Services,"St. Josephs Road,Carlow,Carlow",,Thursday,False,False,False,False,,,Zoom Meeting: To request link to online meeting email L2@alcoholicsanonymous.ie,,,Republic of Ireland,Alcoholics Anonymous
949d9cae-dc1c-5d32-b17b-993a4b0bdc42,Carlow St Catherine’S Carlow Group,13:00,,R93 T4C6,52.8400665,-6.9230889,St. Catherine's Community Services,"St. Josephs Road,Carlow,Carlow",,Friday,False,False,False,False,,,Zoom Meeting: To request link to online meeting email L2@alcoholicsanonymous.ie,,,Republic of Ireland,Alcoholics Anonymous
795ea881-59bc-556b-9c48-87cda8ccc469,Carlow St Catherine’S Carlow Group,20:30,,R93 T4C6,52.8400665,-6.9230889,St. Catherine's Community Services,"St. Josephs Road,Carlow,Carlow",,Saturday,False,False,False,False,,,Zoom Meeting: To request link to online meeting email L2@alcoholicsanonymous.ie,,,Republic of Ireland,Alcoholics Anonymous
4c58600a-e465-5d65-b3bf-3079272c7456,Carlow St Catherine’S Carlow Group,20:30,,R93 T4C6,52.8400665,-6.9230889,St. Catherine's Community Services,"St. Josephs Road,Carlow,Carlow",,Sunday,False,False,False,False,,,Zoom Meeting: To request link to online meeting email L2@alcoholicsanonymous.ie,,,Republic of Ireland,Alcoholics Anonymous
f66e784c-4b4d-5d25-b122-ea661713beae,Carna,20:30,,H91 Y295,53.3212325,-9.8112663,Ionad Óige,"Iorras Aithmeach,G Teic,Carna,Co. Galway",,Thursday,False,False,False,False,,,,,,Republic of Ireland,Alcoholics Anonymous
523258a7-ebf8-532e-aeb2-0ba34158e75a,Carndonagh Step 11,20:30,,F93 YE61,55.2509908,-7.2636132,Wesley Hall,"Bridge Street,Carndonagh,Donegal",,Wednesday,False,False,False,False,,Steps,"Step 11, Prayer & Meditation Discussion",,,Republic of Ireland,Alcoholics Anonymous
87eba43c-d7cf-5748-8c14-5e0f84b3e942,Carrick-On-Shannon,20:00,,N41 X9D6,53.9534107,-8.0949371,Brefnie Resource Centre,"Lisnagot,St. Patrick Park,Carrick-On-Shannon,Co. Leitrim",,Tuesday,False,False,False,False,,Steps,,,,Republic of Ireland,Alcoholics Anonymous
87b564be-9693-5332-8e7b-60bbabbafffe,Carrick-On-Shannon,20:00,,N41 X9D6,53.9534107,-8.0949371,Brefnie Resource Centre,"Lisnagot,St. Patrick Park,Carrick-On-Shannon,Co. Leitrim",,Thursday,False,False,False,False,,Big Book,,,,Republic of Ireland,Alcoholics Anonymous
910152f5-4f4c-5aa6-9e3d-d4b1345b3f4c,Carrick-On-Shannon,12:30,,N41 X9D6,53.9534107,-8.0949371,Brefnie Resource Centre,"Lisnagot,St. Patrick Park,Carrick-On-Shannon,Co. Leitrim",,Sunday,False,False,False,False,,,,,,Republic of Ireland,Alcoholics Anonymous
dc8dabf0-ba59-56ea-ae82-d9158ad6dea0,Carrickmacross,20:00,,A81 K156,53.9765799,-6.7164258,Teach Ui Bhrian,"St. Joseph's Church,O'neill Street,Carrickmacross,Co. Monaghan",,Thursday,False,False,False,False,,,1st Thursday of every month is a STEP Meeting.,,,Republic of Ireland,Alcoholics Anonymous
fa26d52b-eb96-5378-aa66-59cf37ecfc78,Carrickmacross,13:00,,A81 K156,53.9765799,-6.7164258,Teach Ui Bhrian,"St. Joseph's Church,O'neill Street,Carrickmacross,Co. Monaghan",,Friday,False,False,False,False,,,1st Thursday of every month is a STEP Meeting.,,,Republic of Ireland,Alcoholics Anonymous
a1164465-baf7-5ed2-901f-2de54dabcfab,Carrickmacross,20:00,,A81 K156,53.9765799,-6.7164258,Teach Ui Bhrian,"St. Joseph's Church,O'neill Street,Carrickmacross,Co. Monaghan",,Sunday,False,False,False,False,,,1st Thursday of every month is a STEP Meeting.,,,Republic of Ireland,Alcoholics Anonymous
b08fe4b4-dea4-51cb-93ae-d8e8264034b7,Cashel,20:00,,E25 R250,52.5165608,-7.885374,The Parish Office,"Friar Street,Cashel,Co. Tipperary",,Tuesday,False,False,False,False,,,,,,Republic of Ireland,Alcoholics Anonymous
4f9ea6a8-cd65-539b-a484-50515f132a10,Cashel,20:00,,E25 R250,52.5165608,-7.885374,The Parish Office,"Friar Street,Cashel,Co. Tipperary",,Friday,False,False,False,False,,,,,,Republic of Ireland,Alcoholics Anonymous
1f96dc5b-e03e-5ecf-b5cd-560dd9befcf0,Cashel Rockwell Group Of AA,20:00,,E25 ED60,52.458026,-7.8920438,Rockwell College,"New Inn,Cashel,Co. Tipperary",,Wednesday,False,False,False,False,,,,,,Republic of Ireland,Alcoholics Anonymous
82460979-d609-51b2-a834-e14e98335a80,Castlebar Group 1,20:00,,F23 XK68,53.858661,-9.3008025,Room 1,"The Parish Centre,Upper Chapel Street,Castlebar,Co. Mayo",,Thursday,False,False,False,False,,,,,,Republic of Ireland,Alcoholics Anonymous
f290d912-697d-5a2e-a248-5219ba391b64,Castlebar Group 1,20:30,,F23 XK68,53.858661,-9.3008025,Room 1,"The Parish Centre,Upper Chapel Street,Castlebar,Co. Mayo",,Sunday,False,False,False,False,,Steps,,,,Republic of Ireland,Alcoholics Anonymous
c5a88625-1a7f-5a86-83aa-ac89eaf66866,Castlebar Living Sober,18:00,,F23 XK68,53.858661,-9.3008025,Room 1,"The Parish Centre,Upper Chapel Street,Castlebar,Co. Mayo",,Monday,False,False,False,False,,Steps,,,,Republic of Ireland,Alcoholics Anonymous
26879c31-b9ca-54f0-80a6-7423944fc612,Castlebar Living Sober,20:00,,F23 XK68,53.858661,-9.3008025,Room 1,"The Parish Centre,Upper Chapel Street,Castlebar,Co. Mayo",,Tuesday,False,False,False,False,,,,,,Republic of Ireland,Alcoholics Anonymous
edf29e56-511a-51a3-8bd0-d42b5eb55094,Castlebar Newcomers,20:00,,F23 YY98,53.858661,-9.3008025,Parish Centre,"Chapel Street,Castlebar,Co. Mayo",,Friday,False,False,False,False,,Beginner,,,,Republic of Ireland,Alcoholics Anonymous
87fca592-987c-5dee-9b58-6e43593cb1fe,Castlebar Newcomers,13:00,,F23 YY98,53.858661,-9.3008025,Parish Centre,"Chapel Street,Castlebar,Co. Mayo",,Saturday,False,False,False,False,,,,,,Republic of Ireland,Alcoholics Anonymous
93437cb0-24fe-5a9d-992b-e39211be8dfe,Castlebar Newcomers,13:00,,F23 YY98,53.858661,-9.3008025,Parish Centre,"Chapel Street,Castlebar,Co. Mayo",,Sunday,False,False,False,False,,,,,,Republic of Ireland,Alcoholics Anonymous
6a5c3647-6175-54bc-ac4e-26770d20c8ba,Castlebar Parish Centre Group,13:00,,,53.8587042,-9.3007287,Parish Centre,"Chapel Street,Castlebar,Co. Mayo",,Monday,False,False,False,False,,Steps,,,,Republic of Ireland,Alcoholics Anonymous
578c6be7-b7b4-59b0-b541-8373d0efe0f6,Castlebar Parish Centre Group,13:00,,,53.8587042,-9.3007287,Parish Centre,"Chapel Street,Castlebar,Co. Mayo",,Wednesday,False,False,False,False,,,,,,Republic of Ireland,Alcoholics Anonymous
d7a4ada3-0b39-50a4-9d5d-dd1d725057d5,Castlebar Parish Centre Group,13:00,,,53.8587042,-9.3007287,Parish Centre,"Chapel Street,Castlebar,Co. Mayo",,Friday,False,False,False,False,,,,,,Republic of Ireland,Alcoholics Anonymous
6afd1e12-3f9b-575d-97b0-90c504f0d14c,Castleblaney,20:00,,A75 TY89,54.1168752,-6.7327571,Parish Centre,"St.Mary's Church,Upper York St,Onomy,Castleblaney,Co. Monaghan",,Saturday,False,False,False,False,,,This meeting lasts 1 hr 30 minutes,,,Republic of Ireland,Alcoholics Anonymous
15164adf-9da3-5146-97fc-f6815472d08f,Castlepollard,20:30,,N91 XY47,53.6801814,-7.2964785,Parish Community Centre,"St Michaels Church,Castlepollard,Co. Westmeath",,Tuesday,False,False,False,False,,,Park in Church. Meeting is located in Parish Community Centre behind the Parochial House. The entrance door faces the back of the Parochial House.,,,Republic of Ireland,Alcoholics Anonymous
3277d320-b293-5c9f-8e36-652e6c6e74a5,Castlerea AA,21:00,,F45 AW27,53.7650866,-8.4825449,Trinity Arts,"Church Hill,Knockroe Court,Knockroe,Castlerea,Co. Roscommon",,Wednesday,False,False,False,False,,,,,,Republic of Ireland,Alcoholics Anonymous
93dd4a14-6225-5938-9ac9-494b7eb51da6,Castlerea AA,13:00,,F45 AW27,53.7650866,-8.4825449,Trinity Arts,"Church Hill,Knockroe Court,Knockroe,Castlerea,Co. Roscommon",,Saturday,False,False,False,False,,,,,,Republic of Ireland,Alcoholics Anonymous
80e66216-ae68-5ae6-9a12-096f4cf13fa8,Cavan Lodge,20:30,,H12 E5C7,54.008455,-7.3533314,Pastoral Centre,"Cullies,Clones Road,Cavan,Co. Cavan",,Friday,False,False,False,False,,Steps & Tradition,,,,Republic of Ireland,Alcoholics Anonymous
b9991914-1f45-5d66-a424-2e1e85646f4b,Cavan Lodge,20:30,,H12 E5C7,54.008455,-7.3533314,Pastoral Centre,"Cullies,Clones Road,Cavan,Co. Cavan",,Saturday,False,False,False,False,,,,,,Republic of Ireland,Alcoholics Anonymous
0bcd474c-8ac3-5690-986d-28b00f41bc86,Cavan Lodge,12:00,,H12 E5C7,54.008455,-7.3533314,Pastoral Centre,"Cullies,Clones Road,Cavan,Co. Cavan",,Sunday,False,False,False,False,,,,,,Republic of Ireland,Alcoholics Anonymous
b171e4ca-457d-5918-b5bb-d4216c48b6c4,Cavan River Street Primary Purpose,20:00,,H12 KW84,53.9892719,-7.3616477,,"10 Waterside,River Street,Cavan",,Monday,False,False,False,False,,,,,,Republic of Ireland,Alcoholics Anonymous
b85a9fea-321a-5342-9825-892819078c52,Cavan River Street Primary Purpose,13:00,,H12 KW84,53.9892719,-7.3616477,,"10 Waterside,River Street,Cavan",,Tuesday,False,False,False,False,,,,,,Republic of Ireland,Alcoholics Anonymous
fdee3bfa-d7a2-52f6-9073-335c792a4caf,Cavan River Street Primary Purpose,20:00,,H12 KW84,53.9892719,-7.3616477,,"10 Waterside,River Street,Cavan",,Wednesday,False,False,False,False,,,,,,Republic of Ireland,Alcoholics Anonymous
00a066bb-9f93-5f8f-ba66-cac0b327d089,Cavan River Street Primary Purpose,13:00,,H12 KW84,53.9892719,-7.3616477,,"10 Waterside,River Street,Cavan",,Thursday,False,False,False,False,,,,,,Republic of Ireland,Alcoholics Anonymous
2de1b4ae-d983-5e8b-9545-e7efe00c296b,Cavan River Street Primary Purpose,20:00,,H12 KW84,53.9892719,-7.3616477,,"10 Waterside,River Street,Cavan",,Friday,False,False,False,False,,,,,,Republic of Ireland,Alcoholics Anonymous
261b4e72-adb3-5f01-b545-1fb982d69e42,Cavan River Street Primary Purpose,13:00,,H12 KW84,53.9892719,-7.3616477,,"10 Waterside,River Street,Cavan",,Saturday,False,False,False,False,,,,,,Republic of Ireland,Alcoholics Anonymous
f90d9cb9-d581-592f-a6c8-827ec6b91279,Cavan River Street Primary Purpose,10:00,,H12 KW84,53.9892719,-7.3616477,,"10 Waterside,River Street,Cavan",,Sunday,False,False,False,False,,,,,,Republic of Ireland,Alcoholics Anonymous
27397397-d3e8-5b6d-b1c9-baae56669f0b,Celbridge,20:30,,W23 HD51,53.3408496,-6.5369132,Parochial House,"Eustace Centre,Celbridge,Co. Kildare",,Thursday,False,False,False,False,,,,,,Republic of Ireland,Alcoholics Anonymous
ebe82011-3489-581c-a3ac-1cc05444c630,Celbridge,12:00,,W23 HD51,53.3408496,-6.5369132,Parochial House,"Eustace Centre,Celbridge,Co. Kildare",,Saturday,False,False,False,False,,,,,,Republic of Ireland,Alcoholics Anonymous
3f90544e-cda5-5635-9100-e222add1e389,Clane Group,18:30,,W91 F259,53.2935091,-6.6846171,Kare Centre,"Dublin Road,Clane,Co. Kildare",,Wednesday,False,False,False,False,,,Step or Tradition meeting every 2nd week,,,Republic of Ireland,Alcoholics Anonymous
ea97ac16-b220-5b6f-bc3c-f3ff3d5e5d8a,Clane Group,12:00,,W91 F259,53.2935091,-6.6846171,Kare Centre,"Dublin Road,Clane,Co. Kildare",,Sunday,False,False,False,False,,,Step or Tradition meeting every 2nd week,,,Republic of Ireland,Alcoholics Anonymous
633f7b16-11d8-5334-a184-214376572755,Clara,20:30,,R35 V6E4,53.3441939,-7.6133647,Day Care Centre,"The Green,Clara,Co. Offaly",,Friday,False,False,False,False,,,,,,Republic of Ireland,Alcoholics Anonymous
984bbb7b-ebb0-5cd0-8e75-b2a0de946e09,Clerihan Jims Group,10:00,,E91 NV63,52.4128073,-7.7576893,Clerihan Community Hall,"Clerihan,Clonmel,Tipperary",,Friday,False,False,False,False,,,Hall is beside the graveyard and church.,,,Republic of Ireland,Alcoholics Anonymous
2dc3352f-52bd-594d-8843-4509ac43bb65,Clogheen,20:30,,E21 NH50,52.2760027,-7.9968355,Reading Room,"Main Street,Clogheen,Co. Tipperary",,Thursday,False,False,False,False,,Steps,Next to St. Paul's Community Centre,,,Republic of Ireland,Alcoholics Anonymous
f58959d6-1ce5-55a2-90ab-31fe7b37b905,Clogheen,20:30,,E21 NH50,52.2760027,-7.9968355,Reading Room,"Main Street,Clogheen,Co. Tipperary",,Sunday,False,False,False,False,,,Next to St. Paul's Community Centre,,,Republic of Ireland,Alcoholics Anonymous
5d04e71b-813b-5e0a-a435-e69260f9ff75,Clonard,20:30,,,52.334883,-6.4681029,Community Mental Health Centre,"Summerhill,Co. Wexford,Y35 KL58",,Tuesday,False,False,False,False,,,,,,Republic of Ireland,Alcoholics Anonymous
3e39b363-874d-58ab-8af6-77974e361294,Clonard,20:30,,,52.334883,-6.4681029,Community Mental Health Centre,"Summerhill,Co. Wexford,Y35 KL58",,Thursday,False,False,False,False,,,,,,Republic of Ireland,Alcoholics Anonymous
f6a096ab-9445-5bf1-8d34-78dc1e6ede6f,Clonard,20:30,,,52.334883,-6.4681029,Community Mental Health Centre,"Summerhill,Co. Wexford,Y35 KL58",,Sunday,False,False,False,False,,,,,,Republic of Ireland,Alcoholics Anonymous
e9b0fd07-16e0-5d06-99aa-a8e57971f29e,Clones,20:30,,H23 TK65,54.1878428,-7.2279558,Clonkeencole Community Centre,"Roslea Road,,Clones,Co. Monaghan",,Tuesday,False,False,False,False,,,,,,Republic of Ireland,Alcoholics Anonymous
6ea8c6a5-324b-55d9-98cb-671a57810b56,Clonmel Fethard Road,20:30,,E91 EW21,52.3640719,-7.6985086,Community Hall,"Back Of The Church Of The Resurrection,Fethard Road,Clonmel,Co. Tipperary",,Friday,False,False,False,False,,Steps,Step first Friday of every month.,,,Republic of Ireland,Alcoholics Anonymous
4ed0b960-a466-5b73-b7bf-1174c6113fa7,Clonmel Irishtown,20:30,,E91 R8C1,52.3521503,-7.7097716,St. Mary's Parish Hall,"Irishtown,Clonmel,Co. Tipperary",,Monday,False,False,False,False,,,,,,Republic of Ireland,Alcoholics Anonymous
bca0b04a-3774-57c9-9372-a9c5bd0a1461,Clonmel Irishtown,20:30,,E91 R8C1,52.3521503,-7.7097716,St. Mary's Parish Hall,"Irishtown,Clonmel,Co. Tipperary",,Thursday,False,False,False,False,,Steps & Tradition,,,,Republic of Ireland,Alcoholics Anonymous
57dda012-0d97-51d7-8647-2f82bcf463b4,Clonmel Irishtown,10:30,,E91 R8C1,52.3521503,-7.7097716,St. Mary's Parish Hall,"Irishtown,Clonmel,Co. Tipperary",,Saturday,False,False,False,False,,,,,,Republic of Ireland,Alcoholics Anonymous
c49b99b4-ccbb-5037-abda-eff15ba6be61,Clonmel Morton St. Group,20:30,,E91 V0H9,52.3520682,-7.7123665,Day Care Centre,"Upper Irish Town,Clonmel,Co. Tipperary",,Wednesday,False,False,False,False,,,,,,Republic of Ireland,Alcoholics Anonymous
ca5bfe06-1853-5816-b5f8-50f223a506ff,Clonmel Morton St. Group,20:30,,E91 V0H9,52.3520682,-7.7123665,Day Care Centre,"Upper Irish Town,Clonmel,Co. Tipperary",,Saturday,False,False,False,False,,,,,,Republic of Ireland,Alcoholics Anonymous
c97b1c0b-e40c-58f1-b832-11b5d514cf92,Clonmel Morton St. Group,20:30,,E91 V0H9,52.3520682,-7.7123665,Day Care Centre,"Upper Irish Town,Clonmel,Co. Tipperary",,Sunday,False,False,False,False,,,,,,Republic of Ireland,Alcoholics Anonymous
45675dab-6f0e-5503-a5e6-6857fba141d2,Collooney Big Book,21:00,,F91 CRX3,54.1856058,-8.4894152,Health Centre,"Main Street,Collooney,Co. Sligo",,Thursday,False,False,False,False,,Big Book,,,,Republic of Ireland,Alcoholics Anonymous
3db8df94-a52f-574d-84c0-f87b7d366fc4,Coolgreany,20:45,,Y25 X592,52.7637621,-6.2379278,May Byrne Trust Centre,"Main Street,Coolgreany,Gorey,Wexford",,Wednesday,False,False,False,False,,,,,,Republic of Ireland,Alcoholics Anonymous
0851c76a-421d-5002-89a2-58e6ed343f1e,Corbally Group,19:30,,V94 X2TW,52.6709225,-8.6142803,Ard Scoil Mhuire,"(St. Mary's Secondary School),Lower Park,Corbally,Limerick City",,Tuesday,False,False,False,False,,,Meetings will not be held on 24th December 2024 and 31st December 2024,,,Republic of Ireland,Alcoholics Anonymous
b5af2366-48b9-50fa-9a46-68e9dfa2d975,Crusheen,19:00,,V95 YT32,52.9362672,-8.8928145,New Parish Centre,"Rear Of Crusheen Church,Crusheen,Co. Clare",,Tuesday,False,False,False,False,,,,,,Republic of Ireland,Alcoholics Anonymous
468a42cc-adb9-540b-af81-7caa4dd8866a,Curragh AA Group,20:30,,R56 DR64,53.1447777,-6.8374495,Girls National School,"Curragh Camp,Co. Kildare",,Tuesday,False,False,False,False,,,Step meeting 1st Tuesday of month,,,Republic of Ireland,Alcoholics Anonymous
270a147a-0f84-5b9c-9d60-2e74f2d50fa3,Curragh Suncroft,19:30,,R56 VP63,53.1066568,-6.8589979,Suncroft Community Centre,"Curragh,Co. Kildare",,Sunday,False,False,False,False,,,,,,Republic of Ireland,Alcoholics Anonymous
e23035b5-56ff-5dbe-a45c-20fc97f132ff,Dingle,20:30,,V92 TX90,52.1447167,-10.2749786,Old Health Centre,"Farranflaherty,Dingle,Co. Kerry",,Monday,False,False,False,False,,,,,,Republic of Ireland,Alcoholics Anonymous
e547d01f-3e9d-5018-8e56-a15da578046c,Dingle,20:30,,V92 TX90,52.1447167,-10.2749786,Old Health Centre,"Farranflaherty,Dingle,Co. Kerry",,Thursday,False,False,False,False,,Steps,,,,Republic of Ireland,Alcoholics Anonymous
9af9b96e-89a1-5f71-9454-b6b01dd5ad60,Dingle,20:30,,V92 TX90,52.1447167,-10.2749786,Old Health Centre,"Farranflaherty,Dingle,Co. Kerry",,Sunday,False,False,False,False,,,,,,Republic of Ireland,Alcoholics Anonymous
0ff6deab-7689-5d2f-919b-77783f33e324,Doolin AA,20:30,,V95 TC66,53.0131243,-9.371841,Doolin National School,"Doolin,Co. Clare",,Tuesday,False,False,False,False,,,,,,Republic of Ireland,Alcoholics Anonymous
14fced78-5992-5f2f-a795-26a5d5d52707,Drogheda After Dark The Stables Group,20:30,,A92 RF2P,53.7148545,-6.3492072,The Stables,"Batchelors Lane,Drogheda,Co. Louth",,Wednesday,False,False,False,False,,,,,,Republic of Ireland,Alcoholics Anonymous
e9858f37-09db-5ab8-af48-870621bf88fe,Drogheda After Dark The Stables Group,12:00,,A92 RF2P,53.7148545,-6.3492072,The Stables,"Batchelors Lane,Drogheda,Co. Louth",,Sunday,False,False,False,False,,,,,,Republic of Ireland,Alcoholics Anonymous
8241404c-167e-5143-b2e9-db12d8f686a9,Drogheda After Dark The Stables Group,20:30,,A92 RF2P,53.7148545,-6.3492072,The Stables,"Batchelors Lane,Drogheda,Co. Louth",,Sunday,False,False,False,False,,,,,,Republic of Ireland,Alcoholics Anonymous
cfd47fc7-d8e0-5074-8da8-ff4b898f1976,Drogheda Akron Group,12:00,,,53.7149039,-6.3492171,The Stables,"Bachelors Lane,Drogheda,Co. Louth",,Sunday,False,False,False,False,,,,,,Republic of Ireland,Alcoholics Anonymous
7039e3ca-5479-55b7-bf78-8c92ca9137e8,Drogheda Dublin Road,20:30,,,53.7129493,-6.34197,Teach Mhuire,"Dublin Road,Drogheda,Co. Louth",,Monday,False,False,False,False,,Steps,,,,Republic of Ireland,Alcoholics Anonymous
f86b158c-fc9b-5268-8f4b-faee277b03b5,Drogheda Dublin Road,20:30,,,53.7129493,-6.34197,Teach Mhuire,"Dublin Road,Drogheda,Co. Louth",,Tuesday,False,False,False,True,,,,,,Republic of Ireland,Alcoholics Anonymous
236b1f92-e328-533e-bb9b-54ab7f820fbd,Drogheda Dublin Road,20:30,,,53.7129493,-6.34197,Teach Mhuire,"Dublin Road,Drogheda,Co. Louth",,Thursday,False,False,False,False,,Tradition,,,,Republic of Ireland,Alcoholics Anonymous
4639181e-675e-5956-8861-df1207f5bcf2,Drogheda Dublin Road,20:30,,,53.7129493,-6.34197,Teach Mhuire,"Dublin Road,Drogheda,Co. Louth",,Friday,False,False,False,False,,Big Book,,,,Republic of Ireland,Alcoholics Anonymous
0efc6112-431e-592e-bf0d-b99432dd2f4f,Drogheda Dublin Road,13:00,,,53.7129493,-6.34197,Teach Mhuire,"Dublin Road,Drogheda,Co. Louth",,Saturday,False,False,False,False,,Big Book,,,,Republic of Ireland,Alcoholics Anonymous
a8628f1a-3167-5512-b86f-d21f6e5994ee,Drogheda Dublin Road,20:30,,,53.7129493,-6.34197,Teach Mhuire,"Dublin Road,Drogheda,Co. Louth",,Saturday,False,False,False,False,,,,,,Republic of Ireland,Alcoholics Anonymous
a8d54da7-4dce-5429-808b-6acbb76314e5,Drogheda Grange Rath Recovery Group,20:30,,A92 PN84,53.7032409,-6.3015215,Drogheda Presbyterian Church,"Clope East,Drogheda,Louth",,Monday,False,False,False,False,,Steps,,,,Republic of Ireland,Alcoholics Anonymous
527f52f7-1bb6-5cb0-add0-43c2994d7fdd,Drumore West Easkey Group,20:30,,F26 YK85,54.2859984,-8.9548369,Easkey Health Centre,"Sligo Road,Dromore West,Co. Sligo",,Wednesday,False,False,False,False,,Steps & Tradition,,,,Republic of Ireland,Alcoholics Anonymous
e9c149a0-a30b-52a2-8a40-431a91f5b2a4,Duagh AA Group,20:30,,V31 K659,52.4123003,-9.383835,Duagh Sports & Leisure Complex,"Main Street,Duagh,Co. Kerry",,Thursday,False,False,False,False,,,,,,Republic of Ireland,Alcoholics Anonymous
95d0a412-f076-5323-a1d7-ba8ebb8909f9,Dunboyne Group,20:30,,A86 EC84,53.4196231,-6.475284,The Old School,"Main Street,Dunboyne Village,Co. Meath",,Sunday,False,False,False,False,,,,,,Republic of Ireland,Alcoholics Anonymous
bde8716c-e5fa-5b8a-acab-fbe7d851b545,Dundalk Group,08:00,,A91 T623,54.0038118,-6.3991616,St. Patrick's Church,"(Rampart Lane Entrance Only),Dundalk,Co. Louth",,Monday,False,False,False,False,,,,,,Republic of Ireland,Alcoholics Anonymous
a8da91df-08bc-5143-a2d1-efe78189abba,Dundalk Group,20:00,,A91 T623,54.0038118,-6.3991616,St. Patrick's Church,"(Rampart Lane Entrance Only),Dundalk,Co. Louth",,Tuesday,False,False,False,False,,,,,,Republic of Ireland,Alcoholics Anonymous
d7a106fc-fcdf-5ad5-aa6b-65e342c785ff,Dundalk Group,20:00,,A91 T623,54.0038118,-6.3991616,St. Patrick's Church,"(Rampart Lane Entrance Only),Dundalk,Co. Louth",,Wednesday,False,False,False,False,,,,,,Republic of Ireland,Alcoholics Anonymous
d35d3eab-a869-5a53-af5d-d66c3a307a91,Dundalk Group,20:00,,A91 T623,54.0038118,-6.3991616,St. Patrick's Church,"(Rampart Lane Entrance Only),Dundalk,Co. Louth",,Friday,False,False,False,False,,,,,,Republic of Ireland,Alcoholics Anonymous
e5605271-9472-599d-a809-db6d0614276c,Dundalk Group,11:00,,A91 T623,54.0038118,-6.3991616,St. Patrick's Church,"(Rampart Lane Entrance Only),Dundalk,Co. Louth",,Saturday,False,False,False,False,,,,,,Republic of Ireland,Alcoholics Anonymous
a79fb86d-1291-5e31-950b-c29035cc6996,Dundalk Group,12:00,,A91 T623,54.0038118,-6.3991616,St. Patrick's Church,"(Rampart Lane Entrance Only),Dundalk,Co. Louth",,Sunday,False,False,False,False,,Steps,,,,Republic of Ireland,Alcoholics Anonymous
52e99ee9-af3b-500f-ac18-72bc5841e597,Dundalk Mount Oliver,20:30,,A91 TC21,54.0363931,-6.3698399,Mt Oliver Convent,"Ballymascanlon,Dundalk,Co. Louth",,Thursday,False,False,False,False,,,,,,Republic of Ireland,Alcoholics Anonymous
7e2eafac-9758-56e6-93b2-657410504026,Dungarvan Monday/Thursday Lunchtime,13:00,,X35 HN50,52.0879249,-7.6211119,St Vincent De Paul Rooms,"Emmet Street,Dungarvan,Co. Waterford",,Monday,False,False,False,False,,,Step meeting 1st Monday of month. Tradition meeting 1st Thursday of month.,,,Republic of Ireland,Alcoholics Anonymous
d412a0ca-794c-50a5-9b75-b8f1a879fe57,Dungarvan Monday/Thursday Lunchtime,13:00,,X35 HN50,52.0879249,-7.6211119,St Vincent De Paul Rooms,"Emmet Street,Dungarvan,Co. Waterford",,Thursday,False,False,False,False,,,Step meeting 1st Monday of month. Tradition meeting 1st Thursday of month.,,,Republic of Ireland,Alcoholics Anonymous
a396e72c-c487-5399-b86c-6199e991ba6f,Dungarvan St. Vincent De Paul Friday Night,20:30,,X35 HN50,52.0879249,-7.6211119,St Vincent De Paul Rooms,"Emmet Street,Dungarvan,Co. Waterford",,Friday,False,False,False,False,,,,,,Republic of Ireland,Alcoholics Anonymous
42cbf8bf-f716-53b1-a576-9acac7fc0b73,Dungarvan St. Vincent De Paul Tuesday Night,20:30,,X35 HN50,52.0879249,-7.6211119,St Vincent De Paul Rooms,"Emmet Street,Dungarvan,Co. Waterford",,Tuesday,False,False,False,False,,,,,,Republic of Ireland,Alcoholics Anonymous
7ee73ffd-97a2-5f67-9004-22d3f682115a,Dungarvan Sunday Morning,11:30,,X35 CK72,52.0877193,-7.619514,St Vincent De Paul Office,"Emmet Street,,Dungarvan,Waterford",,Sunday,False,False,False,False,,,,,,Republic of Ireland,Alcoholics Anonymous
fe25483a-0a78-5179-bcc8-b97781a13550,Dunleer,20:00,,A92 W29X,53.8294458,-6.3952622,Old Chapel Lane,"Dunleer,Co. Louth",,Friday,False,False,False,False,,,Entrance to meeting is up the lane towards church take left to car park through gate into the portacabin.,,,Republic of Ireland,Alcoholics Anonymous
f6d6bd7f-08dd-5a27-8293-77f44c8b2031,Ennis Cathedral Group,19:00,,V95 HT99,52.8412144,-8.9818278,Maria Assumpta Hall,"Station Road,Ennis,Co. Clare",,Thursday,False,False,False,False,,,,,,Republic of Ireland,Alcoholics Anonymous
c302df25-149f-52d1-839d-6159cd7b61f3,Ennis Cathedral Group,20:00,,V95 HT99,52.8412144,-8.9818278,Maria Assumpta Hall,"Station Road,Ennis,Co. Clare",,Sunday,False,False,False,False,,,,,,Republic of Ireland,Alcoholics Anonymous
98c3cfcf-bcc3-5f53-af83-6ddd88d65311,Ennis Chapel Lane,20:00,,V95 FX38,52.8435334,-8.984233,Sonas Centre,"Chapel Lane,Ennis,Co. Clare",,Monday,False,False,False,False,,,Use Intercom,,,Republic of Ireland,Alcoholics Anonymous
d872b848-e09d-5e40-96cf-21e37219a83f,Ennis Chapel Lane,18:00,,V95 FX38,52.8435334,-8.984233,Sonas Centre,"Chapel Lane,Ennis,Co. Clare",,Saturday,False,False,False,False,,Steps,Use Intercom,,,Republic of Ireland,Alcoholics Anonymous
4cb6793c-9240-5705-95ea-2d801bbb1458,Ennis Chapel Lane,11:00,,V95 FX38,52.8435334,-8.984233,Sonas Centre,"Chapel Lane,Ennis,Co. Clare",,Sunday,False,False,False,False,,,Use Intercom,,,Republic of Ireland,Alcoholics Anonymous
0fdf1665-47ed-579d-b729-1299055cd54e,Ennis Friday Night Cathedral Group,20:00,,V95 D951,52.8417999,-8.9832719,Chapter Room,"Ennes Cathedral,Station Road,Ennis,Clare",,Friday,False,False,False,False,,,This group is part of M283 Group,,,Republic of Ireland,Alcoholics Anonymous
7deaa534-c5d2-5f6f-b637-9da570e50a74,Ennis The Friary Group,13:00,,V95 AP6D,52.8452275,-8.9862467,Rear Of St Columba's Church,"Bindon Street,,Ennis",,Tuesday,False,False,False,False,,,"Zoom ID 815 0288 3272
No Password",,,Republic of Ireland,Alcoholics Anonymous
0d14ba6a-43d6-5ab7-a96b-3b80ec9f2c7d,Ennis The Friary Group,20:30,,V95 AP6D,52.8452275,-8.9862467,Rear Of St Columba's Church,"Bindon Street,,Ennis",,Tuesday,False,False,False,False,,Steps,"Zoom ID 815 0288 3272
No Password",,,Republic of Ireland,Alcoholics Anonymous
72b2692c-4516-523d-a975-70c3c6f50d7c,Ennis The Friary Group,11:30,,V95 AP6D,52.8452275,-8.9862467,Rear Of St Columba's Church,"Bindon Street,,Ennis",,Thursday,False,False,False,False,,,"Zoom ID 815 0288 3272
No Password",,,Republic of Ireland,Alcoholics Anonymous
f00150c9-8337-504e-ab93-5a08cdf04161,Ennis The Friary Group,17:00,,V95 AP6D,52.8452275,-8.9862467,Rear Of St Columba's Church,"Bindon Street,,Ennis",,Friday,False,False,False,False,,,"Zoom ID 815 0288 3272
No Password",,,Republic of Ireland,Alcoholics Anonymous
0f1589ca-28e1-57bb-82f9-78fa4c7af437,Enniscorthy Friends,20:30,,Y21 DH90,52.5006533,-6.5634955,Friends Meeting House,"Spring Valley,Enniscorthy,Co. Wexford",,Monday,False,False,False,False,,,,,,Republic of Ireland,Alcoholics Anonymous
adbea93b-058e-59ce-9080-f01cd2f09d0e,Enniscorthy Friends,20:30,,Y21 DH90,52.5006533,-6.5634955,Friends Meeting House,"Spring Valley,Enniscorthy,Co. Wexford",,Wednesday,False,False,False,False,,,,,,Republic of Ireland,Alcoholics Anonymous
3864b62d-cf9c-5ddb-b07c-7b508616d52b,Enniscorthy Hope Group,13:00,,Y21 DH90,52.5006533,-6.5634955,Friends Meeting House,"Spring Valley,Enniscorthy,Co. Wexford",,Tuesday,False,False,False,False,,,No meeting on the last Saturday of June every year.,,,Republic of Ireland,Alcoholics Anonymous
b288ffeb-43c8-5220-839d-09fa74a132d2,Enniscorthy Hope Group,13:00,,Y21 DH90,52.5006533,-6.5634955,Friends Meeting House,"Spring Valley,Enniscorthy,Co. Wexford",,Thursday,False,False,False,False,,,No meeting on the last Saturday of June every year.,,,Republic of Ireland,Alcoholics Anonymous
17386d01-3102-513d-9668-3ac56ea946d1,Enniscorthy Hope Group,20:30,,Y21 DH90,52.5006533,-6.5634955,Friends Meeting House,"Spring Valley,Enniscorthy,Co. Wexford",,Thursday,False,False,False,False,,,No meeting on the last Saturday of June every year.,,,Republic of Ireland,Alcoholics Anonymous
249825a7-bf02-58c4-8a76-8895d1237a72,Enniscorthy Hope Group,13:00,,Y21 DH90,52.5006533,-6.5634955,Friends Meeting House,"Spring Valley,Enniscorthy,Co. Wexford",,Saturday,False,False,False,False,,Steps,No meeting on the last Saturday of June every year.,,,Republic of Ireland,Alcoholics Anonymous
85779d89-a388-5668-9eef-12b06740129f,Enniscrone 4 U,21:00,,F26 R8X3,54.2155047,-9.0823341,Enniscrone Primary Care & Community Resource Centre (HEALTH CENTRE),",Nephin Drive,Enniscrone,Sligo",,Tuesday,False,False,False,False,,,,,,Republic of Ireland,Alcoholics Anonymous
e8a5e8a2-f019-5e3a-8e14-48c2de09be76,Enniscrone Big Book,19:00,,F26 R8X3,54.2155047,-9.0823341,Enniscrone Primary Care & Community Resource Centre (HEALTH CENTRE),",Nephin Drive,Enniscrone,Sligo",,Saturday,False,False,False,False,,,,,,Republic of Ireland,Alcoholics Anonymous
0469d6ee-df04-5a91-8070-46f582044d86,Ferbane BB,20:30,,R42 E642,53.2713348,-7.829716,Wheery Room,"Ferbane Church,Chapel Lane,Ferbane,Co. Offaly",,Wednesday,False,False,False,False,,Big Book,,,,Republic of Ireland,Alcoholics Anonymous
5bf2e844-8c5d-573d-8302-57b884179215,Fethard,20:30,,E91 X2W9,52.4675519,-7.6925856,Fr. Tirry Centre,"Barrack Street,Fethard,Co. Tipperary",,Thursday,False,False,False,False,,Steps & Tradition,,,,Republic of Ireland,Alcoholics Anonymous
1e85ed08-24cb-5d37-97f7-29e60cad39c6,Fethard,11:30,,E91 X2W9,52.4675519,-7.6925856,Fr. Tirry Centre,"Barrack Street,Fethard,Co. Tipperary",,Sunday,False,False,False,False,,,,,,Republic of Ireland,Alcoholics Anonymous
25bcd575-58b5-56de-8dc3-2b1ea5812c6d,Foxford Hope House Sunday,11:00,,F26 V967,53.9816118,-9.114084,Hope House,"Lower Main Street,Foxford,Co. Mayo",,Sunday,False,False,False,True,,,Open Meeting every Sunday morning,,,Republic of Ireland,Alcoholics Anonymous
77cede3a-04a2-5bc0-a96c-2809b7f8a2cd,Foxford No. 2,20:30,,F26 V967,53.9816118,-9.114084,Hope House,"Lower Main Street,Foxford,Co. Mayo",,Friday,False,False,False,False,,,,,,Republic of Ireland,Alcoholics Anonymous
11d0a682-af8f-5d75-a7a7-b23cba889407,Frenchpark,19:00,,F45 VY58,53.8685586,-8.4063721,Parish Office,"Corskeagh,Frenchpark,Co. Roscommon",,Thursday,False,False,False,False,,,,,,Republic of Ireland,Alcoholics Anonymous
9703f275-3109-5f73-9307-20d2e035c385,Garristown AA,20:00,,A42 K267,53.565334,-6.3838383,Garristown Community Centre,"Main Street,Garristown,Co. Dublin",,Friday,False,False,False,False,,,,,,Republic of Ireland,Alcoholics Anonymous
5611848c-6983-58e5-b11e-bcf64a9f41c6,Glaslough Emyvale,20:30,,H18 DA24,54.3164845,-6.897129,Oakland Recreation Centre,"Main Street,Glaslough,Co. Monaghan",,Monday,False,False,False,False,,,,,,Republic of Ireland,Alcoholics Anonymous
e34f8b06-694b-5e31-9f8e-d8d35d0a030f,Glenamoy No. 2,21:00,,F26 P8K8,54.2410694,-9.6881291,Health Centre,"Glenamoy,Ballina,Co. Mayo",,Thursday,False,False,False,True,,,,,,Republic of Ireland,Alcoholics Anonymous
6201c6b1-4c19-54b8-9cff-a2418bf2db80,Graignamanagh,20:30,,R95 Y6WY,52.5424209,-6.9555652,Abbey Hall,"Convent Lane,Graignamanagh,Co. Kilkenny",,Monday,False,False,False,False,,,,,,Republic of Ireland,Alcoholics Anonymous
19f2d9ac-f2a8-5438-963c-8bdb461b3221,Granard AA Group,20:30,,N39 RY67,53.7801683,-7.4909111,Sacred Heart Primary School,"Granard,Co. Longford",,Friday,False,False,False,False,,,,,,Republic of Ireland,Alcoholics Anonymous
1bdb9380-4b33-50f9-9c85-6dc5598a94cf,Grange Today St. Molaise,20:00,,F91 HR26,54.3931581,-8.5249745,Parish Priest House,"Parochial House,Grange,Sligo",,Monday,False,False,False,False,,,,,,Republic of Ireland,Alcoholics Anonymous
89fcdb5e-3333-51af-8e5c-4bf68e551cfa,Hospital Town AA Group,20:30,,V35 RP26,52.4742147,-8.4338462,Family Resource,"Centre Knockainey Road,Hospital,Co. Limerick",,Wednesday,False,False,False,False,,,"Entry by back door
Hospital",,,Republic of Ireland,Alcoholics Anonymous
61cd09d7-8d74-5c38-9e6c-e5b94aebbc3b,Inis Oirr,20:00,,H91 NH3N,53.0645102,-9.5294353,Baile An Lurgan,"Inis Oirr,Aran Islands",,Thursday,False,False,False,True,,,,,,Republic of Ireland,Alcoholics Anonymous
8b57bbad-8d27-501a-bc61-500233015bcc,Kells Handball Alley,20:30,,A82 H702,53.7281438,-6.8814684,Handball Alley,"Church Lane,Kells,Co. Meath",,Tuesday,False,False,False,False,,,,,,Republic of Ireland,Alcoholics Anonymous
6ca00845-b5de-528b-a57b-8c24d4a6ceff,Kells Handball Alley,20:30,,A82 H702,53.7281438,-6.8814684,Handball Alley,"Church Lane,Kells,Co. Meath",,Thursday,False,False,False,False,,,,,,Republic of Ireland,Alcoholics Anonymous
3dd4ff03-a519-5349-b79c-0ab77b6ef5f8,Kells Handball Alley,20:30,,A82 H702,53.7281438,-6.8814684,Handball Alley,"Church Lane,Kells,Co. Meath",,Friday,False,False,False,False,,,,,,Republic of Ireland,Alcoholics Anonymous
c85f085f-132e-5f6e-a576-d4b08a013478,Kells Handball Alley,20:30,,A82 H702,53.7281438,-6.8814684,Handball Alley,"Church Lane,Kells,Co. Meath",,Saturday,False,False,False,False,,,,,,Republic of Ireland,Alcoholics Anonymous
aba1aaec-ff90-5a08-98ae-f5de80769be6,Kells Handball Alley,11:30,,A82 H702,53.7281438,-6.8814684,Handball Alley,"Church Lane,Kells,Co. Meath",,Sunday,False,False,False,False,,,,,,Republic of Ireland,Alcoholics Anonymous
889641df-e06c-5c25-8058-5641dacfddcc,Kells Resource Centre,13:00,,A82 XN75,53.7299037,-6.8808639,Kells Family Resource Centre,"Lord Edward Street,Kells,Meath",,Tuesday,False,False,False,False,,,,,,Republic of Ireland,Alcoholics Anonymous
6624cc0f-c0e5-59c3-bb46-2d9013b8a8cf,Kerlogue,20:30,,Y35 AH70,52.3214816,-6.449516,Aiséiri,"Rosslare Road,Roxborough,Wexford",,Wednesday,False,False,False,True,,,,,,Republic of Ireland,Alcoholics Anonymous
c7eb89fa-65a6-5118-8e70-a25b5db0b016,Kerlogue,11:00,,Y35 AH70,52.3214816,-6.449516,Aiséiri,"Rosslare Road,Roxborough,Wexford",,Sunday,False,False,False,True,,,,,,Republic of Ireland,Alcoholics Anonymous
f871eb72-6a92-5463-9b82-6ef7901248f1,Kilcock Group,20:30,,W23 XT02,53.3997638,-6.6691664,Wellness Centre,"Kilcock,Co. Kildare",,Friday,False,False,False,False,,,,,,Republic of Ireland,Alcoholics Anonymous
81c0042e-4dfa-504b-88d7-03cab508607d,Kildorrery Group,20:30,,P67 CP29,52.2537985,-8.3645484,Glenahulla National School,"Cloughleafin,Mitchelstown,Co. Cork",,Monday,False,False,False,False,,,,,,Republic of Ireland,Alcoholics Anonymous
218774f9-6e71-5ad7-a268-4e8cc7f4e37d,Kildysart,20:30,,V95 E1H2,52.6721624,-9.1069572,Rear Of Community Centre,"Main Street,Kildysart,Co. Clare",,Sunday,False,False,False,False,,,,,,Republic of Ireland,Alcoholics Anonymous
e4d0f69e-f751-57b9-9a51-ca9f730e5ef2,Kilkee,12:00,,,52.6816095,-9.6436089,Community Centre,"Circular Road,Kilkee,Co. Clare",,Sunday,False,False,False,False,,,100M from RC Church,,,Republic of Ireland,Alcoholics Anonymous
8b246042-4257-5442-afdf-edfa88a81651,Kilkenny Friends Of Bill & Bob,20:30,,R95 Y4DF,52.6460224,-7.2531842,Irish Wheelchair Association,"Claddagh Court,College Road,Kilkenny,Kilkenny",,Wednesday,False,False,False,False,,Steps,,,,Republic of Ireland,Alcoholics Anonymous
82a1795d-e2f1-56ea-a061-3d1a935794c1,Kilkenny Friends Of Bill & Bob,20:30,,R95 Y4DF,52.6460224,-7.2531842,Irish Wheelchair Association,"Claddagh Court,College Road,Kilkenny,Kilkenny",,Friday,False,False,False,False,,,,,,Republic of Ireland,Alcoholics Anonymous
f0cc6bc9-a6c1-5d54-968a-05a7f9a7effb,Kilkenny Friends Of Bill & Bob,18:00,,R95 Y4DF,52.6460224,-7.2531842,Irish Wheelchair Association,"Claddagh Court,College Road,Kilkenny,Kilkenny",,Saturday,False,False,False,False,,,,,,Republic of Ireland,Alcoholics Anonymous
168c02d0-d5b2-5050-9e40-f308f398ba30,Kilkenny Friends Of Bill & Bob,11:00,,R95 Y4DF,52.6460224,-7.2531842,Irish Wheelchair Association,"Claddagh Court,College Road,Kilkenny,Kilkenny",,Sunday,False,False,False,False,,,,,,Republic of Ireland,Alcoholics Anonymous
841ab7d0-796d-5fac-b118-a7a9b7c6a1d7,Kilkenny Let Go Let God,17:30,,,52.6693024,-7.2654673,Villa Maria,"Talbot's Inch,Freshford Road,Kilkenny",,Monday,False,False,False,False,,Big Book,,,,Republic of Ireland,Alcoholics Anonymous
8831cbd1-786e-54c3-847c-955304db37e4,Kilkenny Social Service Centre,20:30,,R95 Y96D,52.6448634,-7.2480102,Social Service Centre,"Waterford Road,Kilkenny,Kilkenny",,Tuesday,False,False,False,False,,,Meeting is in Prefab Building at the end of the Convent Building. (this prefab can be seen from the gates leading into the convent from the road),,,Republic of Ireland,Alcoholics Anonymous
77728b49-c958-5eaf-bee5-0584b0be5844,Kilkenny Social Service Centre,20:30,,R95 Y96D,52.6448634,-7.2480102,Social Service Centre,"Waterford Road,Kilkenny,Kilkenny",,Thursday,False,False,False,False,,Steps,Meeting is in Prefab Building at the end of the Convent Building. (this prefab can be seen from the gates leading into the convent from the road),,,Republic of Ireland,Alcoholics Anonymous
e7574d77-ee49-5c9a-bdc0-57027f3c8648,Kilkenny Social Service Centre,20:30,,R95 Y96D,52.6448634,-7.2480102,Social Service Centre,"Waterford Road,Kilkenny,Kilkenny",,Saturday,False,False,False,False,,,Meeting is in Prefab Building at the end of the Convent Building. (this prefab can be seen from the gates leading into the convent from the road),,,Republic of Ireland,Alcoholics Anonymous
9e06688e-c896-5d18-bf3f-298d2620c901,Kilkenny Social Service Centre,20:30,,R95 Y96D,52.6448634,-7.2480102,Social Service Centre,"Waterford Road,Kilkenny,Kilkenny",,Sunday,False,False,False,False,,,Meeting is in Prefab Building at the end of the Convent Building. (this prefab can be seen from the gates leading into the convent from the road),,,Republic of Ireland,Alcoholics Anonymous
933a7306-5504-544e-a0fd-de77b9abfbf2,Killala Group,21:00,,F26 VX26,54.2148401,-9.2211267,Old School House,"(Beside Priest's House),Killala,Co. Mayo",,Friday,False,False,False,False,,,"Opposite Church, up beside the Priest's House",,,Republic of Ireland,Alcoholics Anonymous
11386a5d-b413-55be-bbf6-b0d2b2cc01e2,Killarney Countess Womens Group,13:00,,V93 VK77,52.0592956,-9.4872838,Church Of Resurrection,"Park Road,Killarney,Kerry",,Friday,False,False,False,False,,Steps,,,,Republic of Ireland,Alcoholics Anonymous
ab501041-f231-5493-8dec-088146e84401,Killeshin Solution Seekers,19:00,,R93 CX34,52.8496497,-6.9944328,Killeshin Community Hall,"Killeshin,Carlow",,Thursday,False,False,False,False,,,Entrance is between the main community hall and the astroturf pitch.,,,Republic of Ireland,Alcoholics Anonymous
38967b9e-9b81-5880-9643-043aae83881f,Killucan,20:30,,N91 VF51,53.5062158,-7.1507776,St. Camillus Nursing Home,",Priests House,Riverstown,Killucan,Co. Westmeath",,Friday,False,False,False,False,,,Priest's House is on the LHS as you enter. Meeting entry door is located at the back and can be accessed via the RHS of the building.,,,Republic of Ireland,Alcoholics Anonymous
bb826d39-16e0-5797-bf47-49222734e1b7,Kilmaine,20:30,,F31 E199,53.582632,-9.1224463,Kilmaine National School,"Kilmaine,Co. Mayo",,Monday,False,False,False,False,,,,,,Republic of Ireland,Alcoholics Anonymous
ea1457f2-8e5e-55d7-a50b-4bf54500d916,Kilmuckeridge,20:30,,Y25 W1W9,52.5083425,-6.2889476,Kilmuckridge Community Family Centre,"Ballygarron,Kilmuckeridge,Co Wexford",,Friday,False,False,False,False,,,To request link to online meeting email L302@alcoholicsanonymous.ie,,,Republic of Ireland,Alcoholics Anonymous
5c5ee136-f260-51f9-ad28-fb9793020da0,Kilrane,20:30,,,52.2414522,-6.3513653,Kilrane Community Centre,"Kilrane,Co. Wexford",,Thursday,False,False,False,False,,,,,,Republic of Ireland,Alcoholics Anonymous
e8ade44d-63b5-5758-b949-5236fa8df144,Kilrush,20:30,,V15 FN53,52.6364327,-9.4900686,Meeting Room,"1St Floor,Merchants Quay Bus. Quarter,Frances St.,Kilrush,Co.Clare",,Tuesday,False,False,False,False,,,,,,Republic of Ireland,Alcoholics Anonymous
ad85ef17-c6a2-5e90-a2a0-470f8b7c5a5a,Kilrush,20:30,,V15 FN53,52.6364327,-9.4900686,Meeting Room,"1St Floor,Merchants Quay Bus. Quarter,Frances St.,Kilrush,Co.Clare",,Friday,False,False,False,False,,Steps,,,,Republic of Ireland,Alcoholics Anonymous
3caf99e1-a77f-5f2c-a737-4b08ed64546b,Kiltyclogher,20:30,,F91 H2HY,54.3694724,-8.1228996,New Ballagh Centre,"Rossinver,Co. Leitrim",,Saturday,False,False,False,False,,,,,,Republic of Ireland,Alcoholics Anonymous
02d71d34-33b7-5ddb-92b3-92da8beae5b8,Kingscourt,20:30,,A82 WF58,53.9046045,-6.8081747,Kingscourt Parish Centre,"Kingscourt,Co. Cavan",,Friday,False,False,False,False,,,,,,Republic of Ireland,Alcoholics Anonymous
d943f55b-04e1-5bb5-af6e-336e0918d975,Kinnegad Rule 62,20:00,,N91 Y337,53.4552781,-7.1024074,Serenity House,"1 Plunkett Close,Kinnegad,Westemeath",,Thursday,False,False,False,False,,,Opposite the auctioneers and barbers.,,,Republic of Ireland,Alcoholics Anonymous
7e46a511-8aec-52de-8363-2fc2dcf8963a,Kinsale Red Cross,20:30,,,51.706402,-8.526701,Kinsale Red Cross Centre,"Butchers Row,Kinsale,Co. Cork",,Sunday,False,False,False,True,,,,,,Republic of Ireland,Alcoholics Anonymous
228c9e67-91db-55ec-aa19-fa97d5c9a329,Knockainy AA Group,20:30,,V35 RK31,52.4727016,-8.4703465,Knockaniey Community Centre,"Hospital,Knockainey,Limerick",,Friday,False,False,False,False,,,,,,Republic of Ireland,Alcoholics Anonymous
6bb3a623-c74a-57ae-a5a2-5b85e021402f,Lahinch,20:30,,V95 FD70,52.9291354,-9.344833,Scoil Mhuire,"School Road,Lahinch,Co. Clare",,Saturday,False,False,False,False,,,,,,Republic of Ireland,Alcoholics Anonymous
6cbfd135-80d6-5bbc-af00-0242d457c4fe,Lanesboro,20:00,,N39 R8K6,53.6736073,-7.9916846,St. Mary's Parish Hall,"Main Street,Lanesboro,Co. Roscommon",,Friday,False,False,False,False,,,,,,Republic of Ireland,Alcoholics Anonymous
9ab09d90-88a6-5dcc-aad8-8b01dbabb97c,Lanesboro,20:00,,N39 R8K6,53.6736073,-7.9916846,St. Mary's Parish Hall,"Main Street,Lanesboro,Co. Roscommon",,Sunday,False,False,False,False,,,,,,Republic of Ireland,Alcoholics Anonymous
0457884d-fb24-5258-a722-d6737ab015d1,Leixlip Group,20:30,,W23 Y2R3,53.3651931,-6.4937422,The Parish Centre,"Our Lady's Nativity Church,Leixlip,Co. Kildare",,Wednesday,False,False,False,False,,,To the rear of the church.,,,Republic of Ireland,Alcoholics Anonymous
6db0b441-cd15-56dc-8837-fd235d6a0da5,Letterfrack,20:30,,H91 CD45,53.5529085,-9.9473816,Connemara West Centre,"Letterfrack,Co. Galway",,Friday,False,False,False,False,,,,,,Republic of Ireland,Alcoholics Anonymous
13410890-2a73-5b1c-9e99-0b480af308c6,Limerick City New Rosbrien Group,11:00,,V94 HPH9,52.6611631,-8.6292712,,"51 O'connel Street,Priorsland,Limerick City",,Wednesday,False,False,False,False,,,,,,Republic of Ireland,Alcoholics Anonymous
e7461e0d-a9da-5a2a-95eb-c0b3d71c8d50,Limerick City New Rosbrien Group,13:00,,V94 HPH9,52.6611631,-8.6292712,,"51 O'connel Street,Priorsland,Limerick City",,Saturday,False,False,False,False,,,,,,Republic of Ireland,Alcoholics Anonymous
8a704e9b-936c-5890-8757-bfbf26663236,Limerick City One Day At A Time,13:00,,V94 XV26,52.6583153,-8.6249199,,"291 Hyde Road,Limerick City",,Monday,False,False,False,True,,,,,,Republic of Ireland,Alcoholics Anonymous
c88958be-a705-5b5a-8fee-80fc8e6b5f72,Limerick City One Day At A Time,13:00,,V94 XV26,52.6583153,-8.6249199,,"291 Hyde Road,Limerick City",,Tuesday,False,False,False,True,,,,,,Republic of Ireland,Alcoholics Anonymous
7d840b7e-2cc3-527a-a075-df8bae19854c,Limerick City One Day At A Time,13:00,,V94 XV26,52.6583153,-8.6249199,,"291 Hyde Road,Limerick City",,Wednesday,False,False,False,True,,,,,,Republic of Ireland,Alcoholics Anonymous
0c029497-a1bf-5b65-9096-22daa7177f0a,Limerick City One Day At A Time,13:00,,V94 XV26,52.6583153,-8.6249199,,"291 Hyde Road,Limerick City",,Thursday,False,False,False,True,,,,,,Republic of Ireland,Alcoholics Anonymous
dc1758ea-0d90-5a04-b462-72068faddb4f,Limerick City One Day At A Time,13:00,,V94 XV26,52.6583153,-8.6249199,,"291 Hyde Road,Limerick City",,Friday,False,False,False,True,,,,,,Republic of Ireland,Alcoholics Anonymous
a3433a6f-d581-5a80-80db-6cb7f9601e38,Limerick City Salesians,20:30,,V94 NC56,52.6661318,-8.643634,Our Lady Of The Rosary Parish Centre,"North Cirular Road,Limerick City,Limerick",,Thursday,False,False,False,False,,,,,,Republic of Ireland,Alcoholics Anonymous
236c041d-8c8d-5fb9-a956-2863d4281c31,Limerick City Salesians,19:00,,V94 NC56,52.6661318,-8.643634,Our Lady Of The Rosary Parish Centre,"North Cirular Road,Limerick City,Limerick",,Sunday,False,False,False,False,,Steps,,,,Republic of Ireland,Alcoholics Anonymous
1e04aa28-d7b6-5d12-b75f-2d90d6e5493f,Limerick City Sarsfield Group,13:00,,V94 EDP4,52.6473558,-8.6185786,Lough Gur Room,"(3Rd Floor),Maldron Hotel,Roxboro Road,Limerick City",,Monday,False,False,False,False,,Beginner,,,,Republic of Ireland,Alcoholics Anonymous
0a21f5e8-25f2-5ee8-9696-6d740ed8fb05,Limerick City Sarsfield Group,18:00,,V94 EDP4,52.6473558,-8.6185786,Lough Gur Room,"(3Rd Floor),Maldron Hotel,Roxboro Road,Limerick City",,Monday,False,False,False,False,,,,,,Republic of Ireland,Alcoholics Anonymous
b43bee6f-1063-5729-a6eb-1cb02ecea59a,Limerick City Sarsfield Group,13:00,,V94 EDP4,52.6473558,-8.6185786,Lough Gur Room,"(3Rd Floor),Maldron Hotel,Roxboro Road,Limerick City",,Tuesday,False,False,False,False,,,,,,Republic of Ireland,Alcoholics Anonymous
16351875-cafb-51aa-904a-11bc4d238a29,Limerick City Sarsfield Group,18:00,,V94 EDP4,52.6473558,-8.6185786,Lough Gur Room,"(3Rd Floor),Maldron Hotel,Roxboro Road,Limerick City",,Tuesday,False,False,False,False,,,,,,Republic of Ireland,Alcoholics Anonymous
ad342a05-e9c3-5a36-acf2-9180473ddb3a,Limerick City Sarsfield Group,11:00,,V94 EDP4,52.6473558,-8.6185786,Lough Gur Room,"(3Rd Floor),Maldron Hotel,Roxboro Road,Limerick City",,Wednesday,False,False,False,False,,Steps,,,,Republic of Ireland,Alcoholics Anonymous
cf191f13-7698-5ffb-8f75-25036f7eac92,Limerick City Sarsfield Group,18:00,,V94 EDP4,52.6473558,-8.6185786,Lough Gur Room,"(3Rd Floor),Maldron Hotel,Roxboro Road,Limerick City",,Wednesday,False,False,False,False,,,,,,Republic of Ireland,Alcoholics Anonymous
d7b4977f-3dc3-5997-b5c7-d1c24936d2f5,Limerick City Sarsfield Group,13:00,,V94 EDP4,52.6473558,-8.6185786,Lough Gur Room,"(3Rd Floor),Maldron Hotel,Roxboro Road,Limerick City",,Thursday,False,False,False,False,,,,,,Republic of Ireland,Alcoholics Anonymous
9d13ff8d-f80e-5568-af9d-f4a23021bd21,Limerick City Sarsfield Group,18:00,,V94 EDP4,52.6473558,-8.6185786,Lough Gur Room,"(3Rd Floor),Maldron Hotel,Roxboro Road,Limerick City",,Thursday,False,False,False,False,,Steps,,,,Republic of Ireland,Alcoholics Anonymous
8b417302-5abe-5c6b-96e9-f47a2fb9fcce,Limerick City Sarsfield Group,13:00,,V94 EDP4,52.6473558,-8.6185786,Lough Gur Room,"(3Rd Floor),Maldron Hotel,Roxboro Road,Limerick City",,Friday,False,False,False,False,,,,,,Republic of Ireland,Alcoholics Anonymous
fd443eea-0030-51eb-b563-82c6b51ebbe7,Limerick City Sarsfield Group,11:00,,V94 EDP4,52.6473558,-8.6185786,Lough Gur Room,"(3Rd Floor),Maldron Hotel,Roxboro Road,Limerick City",,Saturday,False,False,False,False,,Steps,,,,Republic of Ireland,Alcoholics Anonymous
96e299cf-5ac7-5f92-b998-39b0adef5274,Limerick City Sarsfield Group,11:00,,V94 EDP4,52.6473558,-8.6185786,Lough Gur Room,"(3Rd Floor),Maldron Hotel,Roxboro Road,Limerick City",,Sunday,False,False,False,False,,,,,,Republic of Ireland,Alcoholics Anonymous
919b2011-788f-5159-905e-a6ff9fe7d6be,Limerick City Sarsfield Group,16:00,,V94 EDP4,52.6473558,-8.6185786,Lough Gur Room,"(3Rd Floor),Maldron Hotel,Roxboro Road,Limerick City",,Sunday,False,False,False,False,,,,,,Republic of Ireland,Alcoholics Anonymous
e29f99a5-5d5e-5b48-8c58-faefbf567bb2,Lisduggan Presentation Group,20:00,,X91 YX80,52.2498589,-7.1337712,St. Paul's Parish Meeting Rooms,"St. Paul's School,Lisduggan,Waterford City",,Wednesday,False,False,False,False,,,,,,Republic of Ireland,Alcoholics Anonymous
9a132683-fcee-5374-8812-19566b576ef0,Lisduggan Presentation Group,11:00,,X91 YX80,52.2498589,-7.1337712,St. Paul's Parish Meeting Rooms,"St. Paul's School,Lisduggan,Waterford City",,Sunday,False,False,False,False,,,,,,Republic of Ireland,Alcoholics Anonymous
d91b901d-92d6-532b-8949-529712706f62,Lisduggan Presentation Group,12:00,,X91 YX80,52.2498589,-7.1337712,St. Paul's Parish Meeting Rooms,"St. Paul's School,Lisduggan,Waterford City",,Sunday,False,False,False,False,,,,,,Republic of Ireland,Alcoholics Anonymous
dbe598ee-2bc4-5eeb-a33d-be6e7033af51,Lismore,20:30,,P51 T9K0,52.1383499,-7.9286162,The Red Hall,"East Main Street,Lismore,Co. Waterford",,Tuesday,False,False,False,False,,,,,,Republic of Ireland,Alcoholics Anonymous
16d59b73-fd22-5049-bb17-f0bf6478863e,Lismore,20:30,,P51 T9K0,52.1383499,-7.9286162,The Red Hall,"East Main Street,Lismore,Co. Waterford",,Friday,False,False,False,False,,,,,,Republic of Ireland,Alcoholics Anonymous
a0e6205e-a900-5993-b20b-238f380d8724,Loughrea Abbey Group,20:00,,H62 VY38,53.1022122,-8.3935322,Abbey Hall,"Loughrea,Co. Galway",,Sunday,False,False,False,False,,,,,,Republic of Ireland,Alcoholics Anonymous
569f78f9-f4f7-5e3f-85e7-7385318c4bab,Louisburgh,20:30,,F28 XR50,53.7648589,-9.8053809,The Convent Building,"Louisburgh Health Centre,Westport Road,,Louisburgh,Mayo",,Friday,False,False,False,False,,,,,,Republic of Ireland,Alcoholics Anonymous
f7da858a-52d6-5452-8597-42b4ee00637c,Manorhamilton Friday Night Group,19:30,,F91 KC90,54.3061775,-8.1736999,Bee Park Community Centre,",Manorhamilton,Leitrim",,Friday,False,False,False,False,,,,,,Republic of Ireland,Alcoholics Anonymous
2352a241-8258-58ea-803a-7feb0421f54b,Maynooth,20:30,,W23 H3C2,53.3814951,-6.5933029,Coffee Mill,"Mill Street,Maynooth,Co. Kildare",,Monday,False,False,False,False,,,,,,Republic of Ireland,Alcoholics Anonymous
66ab7b66-0d79-5852-9d08-71ddf9ea6831,Miltown Malbay,20:30,,V95 N9F7,52.8559833,-9.395211,Clare Care Building,"Ballard Road,Miltown Malbay,Co. Clare",,Monday,False,False,False,False,,,,,,Republic of Ireland,Alcoholics Anonymous
01f6bbd5-54f3-5a97-a6e8-3766979a77c7,Miltown Malbay,20:30,,V95 N9F7,52.8559833,-9.395211,Clare Care Building,"Ballard Road,Miltown Malbay,Co. Clare",,Wednesday,False,False,False,False,,,,,,Republic of Ireland,Alcoholics Anonymous
e49cefb8-8a96-597d-8243-a6c34bd38156,Mitchelstown,20:00,,P67 HX85,52.2686711,-8.2716693,Ozanam Centre,"Thomas Street,SVP,Mitchelstown,Co. Cork",,Tuesday,False,False,False,False,,,,,,Republic of Ireland,Alcoholics Anonymous
2889ef9a-7f48-5025-a580-35c508ffe13e,Mitchelstown,11:30,,P67 HX85,52.2686711,-8.2716693,Ozanam Centre,"Thomas Street,SVP,Mitchelstown,Co. Cork",,Sunday,False,False,False,False,,,,,,Republic of Ireland,Alcoholics Anonymous
a553eb27-7312-5ca6-9c56-a1bef63796f9,Moate Group,20:30,,N37 AW24,53.3972872,-7.7127271,Carmelite Pastoral Centre,"Newtown,Cartronkeel,Moate,Co. Westmeath",,Thursday,False,False,False,False,,,Meeting Room opens at 8.15pm,,,Republic of Ireland,Alcoholics Anonymous
678492aa-ab3f-5943-9d98-9e8517c6c6db,Monaghan 1St,20:30,,H18 WN90,54.2486535,-6.9669989,The Diamond Building (NLN),"The Diamond,Monaghan",,Thursday,False,False,False,False,,,Step meeting 1st Thursday of month.,,,Republic of Ireland,Alcoholics Anonymous
2975db81-410f-5f41-b66d-44ec2b1daecd,Monaghan 1St,20:30,,H18 WN90,54.2486535,-6.9669989,The Diamond Building (NLN),"The Diamond,Monaghan",,Saturday,False,False,False,False,,,Step meeting 1st Thursday of month.,,,Republic of Ireland,Alcoholics Anonymous
9e902516-916b-56f7-9911-913461cf25f0,Mountmellick Keep It Simple,11:00,,R32 KV60,53.113897,-7.3191522,,"1 Davitt Road,Mountmellick,Co. Laois",,Sunday,False,False,False,False,,,,,,Republic of Ireland,Alcoholics Anonymous
2b869f54-7ad0-5977-8576-b5b66eedb35f,Moville Group,20:30,,F93 NF29,55.1888041,-7.0452181,Primary Care Centre,"Glencrow,Moville,Co. Donegal",,Thursday,False,False,False,False,,,,,,Republic of Ireland,Alcoholics Anonymous
4d50a305-6855-5485-9018-ffbabce888dd,Moville Group,20:30,,F93 NF29,55.1888041,-7.0452181,Primary Care Centre,"Glencrow,Moville,Co. Donegal",,Saturday,False,False,False,False,,,,,,Republic of Ireland,Alcoholics Anonymous
630a01e6-d1dc-5412-90bd-a2977c70d010,Mullingar Central,13:00,,N91 XK06,53.5263965,-7.352828,Block B,"Columb  Barracks,Ash Road,Mullingar,Co. Westmeath",,Monday,False,False,False,False,,,,,,Republic of Ireland,Alcoholics Anonymous
fb35a27f-588e-5d6e-9e5f-774b1774224f,Mullingar Central,18:00,,N91 XK06,53.5263965,-7.352828,Block B,"Columb  Barracks,Ash Road,Mullingar,Co. Westmeath",,Monday,False,False,False,True,,,,,,Republic of Ireland,Alcoholics Anonymous
5f4ad71f-870a-5eaa-9b34-7a5792aede9b,Mullingar Central,13:00,,N91 XK06,53.5263965,-7.352828,Block B,"Columb  Barracks,Ash Road,Mullingar,Co. Westmeath",,Wednesday,False,False,False,False,,Steps,,,,Republic of Ireland,Alcoholics Anonymous
1b37c26a-1d50-5c4c-8958-f7d24be2791b,Mullingar Central,13:00,,N91 XK06,53.5263965,-7.352828,Block B,"Columb  Barracks,Ash Road,Mullingar,Co. Westmeath",,Friday,False,False,False,False,,,,,,Republic of Ireland,Alcoholics Anonymous
cec930a8-75c2-5ce8-ae03-c4c56bb43de6,Mullingar Central,13:00,,N91 XK06,53.5263965,-7.352828,Block B,"Columb  Barracks,Ash Road,Mullingar,Co. Westmeath",,Saturday,False,False,False,False,,,,,,Republic of Ireland,Alcoholics Anonymous
c61bd778-93d7-5ee7-b57e-1dab7f831f58,Mullingar Central,18:00,,N91 XK06,53.5263965,-7.352828,Block B,"Columb  Barracks,Ash Road,Mullingar,Co. Westmeath",,Saturday,False,False,False,False,,,,,,Republic of Ireland,Alcoholics Anonymous
605c3d83-407c-5447-9e37-647477832458,Mullingar Central,11:30,,N91 XK06,53.5263965,-7.352828,Block B,"Columb  Barracks,Ash Road,Mullingar,Co. Westmeath",,Sunday,False,False,False,False,,,,,,Republic of Ireland,Alcoholics Anonymous
1428d72a-63e1-5e6d-9666-e5ad73df0c3f,Mullingar Town,20:30,,N91 A40T,53.534927,-7.3514089,Day Care Centre,"St. Mary's Hospital,Castlepollard Road,Mullingar,Co. Westmeath",,Monday,False,False,False,False,,Big Book,,,,Republic of Ireland,Alcoholics Anonymous
a4e1500f-10a5-5d1e-99d8-8ffdbca45fc1,Mullingar Town,20:30,,N91 A40T,53.534927,-7.3514089,Day Care Centre,"St. Mary's Hospital,Castlepollard Road,Mullingar,Co. Westmeath",,Tuesday,False,False,False,False,,,,,,Republic of Ireland,Alcoholics Anonymous
4ae08ee9-1e8c-56ff-b46d-042d742c2f8a,Mullingar Town,20:30,,N91 A40T,53.534927,-7.3514089,Day Care Centre,"St. Mary's Hospital,Castlepollard Road,Mullingar,Co. Westmeath",,Thursday,False,False,False,False,,,,,,Republic of Ireland,Alcoholics Anonymous
c9ed7217-341c-5e97-8497-714053eccc55,Mullingar Town,20:30,,N91 A40T,53.534927,-7.3514089,Day Care Centre,"St. Mary's Hospital,Castlepollard Road,Mullingar,Co. Westmeath",,Sunday,False,False,False,False,,,,,,Republic of Ireland,Alcoholics Anonymous
535c3d0e-aa31-5cff-8e41-71134de61173,Naas Group,13:00,,W91 D62E,53.220552,-6.6628625,Parish Centre,",Mccauley Place,Naas,Kildare",,Thursday,False,False,False,False,,,,,,Republic of Ireland,Alcoholics Anonymous
f584d2e7-faff-5b40-99b6-f7b66b78d082,Naas Group,20:00,,W91 D62E,53.220552,-6.6628625,Parish Centre,",Mccauley Place,Naas,Kildare",,Friday,False,False,False,False,,,,,,Republic of Ireland,Alcoholics Anonymous
6d5deba3-8dce-57e4-848a-33cc1c4051db,Naas Group,20:00,,W91 D62E,53.220552,-6.6628625,Parish Centre,",Mccauley Place,Naas,Kildare",,Saturday,False,False,False,False,,,,,,Republic of Ireland,Alcoholics Anonymous
d37b21c3-eded-51d8-9e17-49ef78c862c3,Navan Gibbstown Group,20:30,,C15 VK49,53.7100563,-6.758292,Gibbstown Community Centre,"Gibbstown Cross,Navan,Co. Meath",,Wednesday,False,False,False,False,,,,,,Republic of Ireland,Alcoholics Anonymous
619dbd55-75ee-5cf4-86ee-1c893b8a1f14,Navan Gibbstown Group,19:00,,C15 VK49,53.7100563,-6.758292,Gibbstown Community Centre,"Gibbstown Cross,Navan,Co. Meath",,Sunday,False,False,False,False,,,,,,Republic of Ireland,Alcoholics Anonymous
978f673f-2b7c-5ede-b854-8f7175714215,Nenagh Portroe AA Group,20:30,,E45 D522,52.8833379,-8.3503217,The Old School,"Portroe,Nenagh,Co. Tipperary",,Tuesday,False,False,False,False,,,,,,Republic of Ireland,Alcoholics Anonymous
7b932242-a47a-5131-964e-9ce892ae5763,Nenagh Tyone AA,11:00,,E45 FC94,52.8569733,-8.1892846,Tyone Community Centre,"Ormond Drive,Tyone,Nenagh,Co. Tipperary",,Saturday,False,False,False,False,,,,,,Republic of Ireland,Alcoholics Anonymous
fe3b63ea-f492-5737-92ae-bd33422bcc09,Nenagh Tyone AA,20:30,,E45 FC94,52.8569733,-8.1892846,Tyone Community Centre,"Ormond Drive,Tyone,Nenagh,Co. Tipperary",,Saturday,False,False,False,False,,Big Book,,,,Republic of Ireland,Alcoholics Anonymous
668f1760-fe48-5dfc-b342-85ce5f03f652,New Ross Hook Group,20:30,,Y34 DP26,52.2459932,-6.9181103,South West Wexford,"Family Resource Centre,Ramsgrange,New Ross,Co. Wexford",,Saturday,False,False,False,False,,,,,,Republic of Ireland,Alcoholics Anonymous
64ceaf6e-e180-5dcd-ac36-caf17358c30f,New Ross Recovery Group,20:30,,Y34 XP04,52.3974537,-6.9435805,YMCA,"Johns Street,New Ross",,Monday,False,False,False,False,,,,,,Republic of Ireland,Alcoholics Anonymous
1bc1032c-e851-542e-82b9-5a4eb6b34330,New Ross Recovery Group,20:30,,Y34 XP04,52.3974537,-6.9435805,YMCA,"Johns Street,New Ross",,Wednesday,False,False,False,False,,,,,,Republic of Ireland,Alcoholics Anonymous
3fba6eed-3b04-5aa8-8755-0726ee91a753,New Ross Recovery Group,20:30,,Y34 XP04,52.3974537,-6.9435805,YMCA,"Johns Street,New Ross",,Friday,False,False,False,False,,,,,,Republic of Ireland,Alcoholics Anonymous
61b66d47-1f5a-5907-b31b-652afc465253,New Ross Recovery Group,20:30,,Y34 XP04,52.3974537,-6.9435805,YMCA,"Johns Street,New Ross",,Sunday,False,False,False,False,,,,,,Republic of Ireland,Alcoholics Anonymous
daa03058-fc87-58cb-9214-004ad78616a1,Newbridge Back To Basics,20:00,,W12 C241,53.1885542,-6.7934015,Newbridge College,"Newbridge,Co. Kildare",,Thursday,False,False,False,False,,,,,,Republic of Ireland,Alcoholics Anonymous
83aee352-f608-53d2-b6a5-871f69280a61,Newbridge Gratitude Group,20:30,,W12 PX65,53.1801721,-6.8104844,Resource Centre,"Dara Park Community Centre,Newbridge,Co. Kildare",,Tuesday,False,False,False,False,,,,,,Republic of Ireland,Alcoholics Anonymous
9785131c-805e-5b6e-bd94-ebbd90c5b5ae,Newbridge Let Go Let God,20:30,,W12 HT38,53.1721145,-6.796263,Unit 13,"Newbridge Industrial Estate,Athgarvan Road,Newbridge,Co. Kildare",,Saturday,False,False,False,False,,,,,,Republic of Ireland,Alcoholics Anonymous
967acde1-4873-5130-a760-728a918e8a77,Newbridge Monday Night,20:30,,W12 Y497,53.1765868,-6.7961485,Kare Centre,"Newbridge Industrial Estate,Newbridge,Co. Kildare",,Monday,False,False,False,False,,,To request a link to an online meeting please send an email to L349@alcoholicsanonymous.ie,,,Republic of Ireland,Alcoholics Anonymous
9a358ee3-1c39-5328-9dbb-6ccdd73f5ddd,Newcastle Group,20:30,,D22 A2C8,53.2994661,-6.5014008,St Finians Church,"Main Street Upper,Newcastle,Dublin",,Tuesday,False,False,False,True,,,Meeting in old school house on church grounds,,,Republic of Ireland,Alcoholics Anonymous
7d6620f2-3577-52c9-b418-0f4a469c2343,Newcastle Group,20:30,,D22 A2C8,53.2994661,-6.5014008,St Finians Church,"Main Street Upper,Newcastle,Dublin",,Thursday,False,False,False,False,,Steps,Meeting in old school house on church grounds,,,Republic of Ireland,Alcoholics Anonymous
9d0268d4-5a48-5e24-a60c-37dad612c741,Newport Group,21:00,,F28 ED89,53.8870711,-9.5432553,Holy Family National School,"Glenhest Road,Newport,Co. Mayo",,Tuesday,False,False,False,False,,Steps,,,,Republic of Ireland,Alcoholics Anonymous
972e8d22-3a5e-5985-b5a9-83badbf9fb04,Newport Group,21:00,,F28 ED89,53.8870711,-9.5432553,Holy Family National School,"Glenhest Road,Newport,Co. Mayo",,Thursday,False,False,False,False,,,,,,Republic of Ireland,Alcoholics Anonymous
c15227ae-2d09-5c94-964d-2d35506473db,Oldcastle AA,20:30,,A82 R9C4,53.768558,-7.1589907,St. Vincent De Paul Hall,"Church Street,Oldcastle,Co. Meath",,Monday,False,False,False,False,,,,,,Republic of Ireland,Alcoholics Anonymous
e7d6ef28-7824-597c-be4f-b99ff08ac4fb,Omeath,20:30,,A91 AE08,54.0838445,-6.2533197,The Dolmen Centre,"Knocknagoran,Omeath,Co. Louth",,Wednesday,False,False,False,False,,,,,,Republic of Ireland,Alcoholics Anonymous
6c222489-9df1-51c4-8b75-8ac0e84d7ff6,Omeath,20:30,,A91 AE08,54.0838445,-6.2533197,The Dolmen Centre,"Knocknagoran,Omeath,Co. Louth",,Sunday,False,False,False,False,,,,,,Republic of Ireland,Alcoholics Anonymous
174aff7f-31c7-5414-b5ba-9c1efb3f9c7c,Portlaoise First Things First,20:30,,R32 R624,53.0268458,-7.3220704,Hollies Room,"Clonminam Industrial Estate,Portlaoise,Co. Laois",,Wednesday,False,False,False,False,,,,,,Republic of Ireland,Alcoholics Anonymous
36967b0b-8e1b-58b2-a957-3cafeeec78a3,Portlaoise First Things First,20:30,,R32 R624,53.0268458,-7.3220704,Hollies Room,"Clonminam Industrial Estate,Portlaoise,Co. Laois",,Friday,False,False,False,False,,Steps,,,,Republic of Ireland,Alcoholics Anonymous
2e33dcde-45aa-59fb-9bd1-72f97167eaae,Portlaoise First Things First,20:30,,R32 R624,53.0268458,-7.3220704,Hollies Room,"Clonminam Industrial Estate,Portlaoise,Co. Laois",,Sunday,False,False,False,False,,,,,,Republic of Ireland,Alcoholics Anonymous
5bc2e1ba-a4d7-59cb-9124-e655809c58b3,Portlaoise Serenity,19:00,,R32 YFW6,53.035735,-7.2843408,Beech Haven Day Centre,"Beladd,Portlaoise,Co.Laois",,Monday,False,False,False,False,,Steps & Tradition,Zoom Meeting: To request link to online meeting email L404@alcoholicsanonymous.ie,,,Republic of Ireland,Alcoholics Anonymous
f5f8a69e-2a1d-525b-ae77-52457aac0fba,Portlaoise Serenity,19:00,,R32 YFW6,53.035735,-7.2843408,Beech Haven Day Centre,"Beladd,Portlaoise,Co.Laois",,Thursday,False,False,False,False,,,Zoom Meeting: To request link to online meeting email L404@alcoholicsanonymous.ie,,,Republic of Ireland,Alcoholics Anonymous
d677770b-fc21-5ce0-a946-10ef9572ca3e,Portlaoise Serenity,11:00,,R32 YFW6,53.035735,-7.2843408,Beech Haven Day Centre,"Beladd,Portlaoise,Co.Laois",,Saturday,False,False,False,False,,,Zoom Meeting: To request link to online meeting email L404@alcoholicsanonymous.ie,,,Republic of Ireland,Alcoholics Anonymous
72622495-1db6-5c74-a5a6-989b7c3d0c66,Portlaoise Serenity 1,13:00,,R34 CTY4,53.0351822,-7.2997044,Methodist Church,"Railway Street,Portlaoise,Co. Laois",,Wednesday,False,False,False,False,,,,,,Republic of Ireland,Alcoholics Anonymous
86c161a3-2287-5b1e-9e05-e87720d8cf09,Rathdowney Group,20:30,,,52.8552456,-7.5806153,Old YMCA Hall,"Church Street,Rathdowney,Co. Laois,R32 VH0",,Tuesday,False,False,False,False,,Steps,,,,Republic of Ireland,Alcoholics Anonymous
eacbe581-d995-5acf-9d98-00762d07ad39,Rathdowney Group,20:30,,,52.8552456,-7.5806153,Old YMCA Hall,"Church Street,Rathdowney,Co. Laois,R32 VH0",,Friday,False,False,False,False,,,,,,Republic of Ireland,Alcoholics Anonymous
f856f64a-8d1f-5262-9922-ef99cb85f6ac,Rooskey AA Group,21:00,,N41 Y6V2,53.8330004,-7.9224942,Rooskey Community Centre,"Rooskey,Co. Roscommon",,Tuesday,False,False,False,False,,,,,,Republic of Ireland,Alcoholics Anonymous
61167ffa-0b4a-545e-818e-f1c16a889d01,Roscommon Town,20:00,,F42 RP21,53.6329387,-8.1902839,Castle Street,"Roscommon,Co. Roscommon",,Tuesday,False,False,False,False,,Steps,Room is on the first floor.,,,Republic of Ireland,Alcoholics Anonymous
0d639eb5-728e-5d74-96dd-eb3f60e646d1,Roscommon Town,13:00,,F42 RP21,53.6329387,-8.1902839,Castle Street,"Roscommon,Co. Roscommon",,Wednesday,False,False,False,False,,,Room is on the first floor.,,,Republic of Ireland,Alcoholics Anonymous
a1abd06e-7b49-5b9a-8d73-5ca106df00ec,Roscommon Town,20:00,,F42 RP21,53.6329387,-8.1902839,Castle Street,"Roscommon,Co. Roscommon",,Thursday,False,False,False,False,,Tradition,Room is on the first floor.,,,Republic of Ireland,Alcoholics Anonymous
0fe714aa-58e8-53ae-8e59-0acae86e929d,Roscommon Town,20:00,,F42 RP21,53.6329387,-8.1902839,Castle Street,"Roscommon,Co. Roscommon",,Friday,False,False,False,False,,,Room is on the first floor.,,,Republic of Ireland,Alcoholics Anonymous
73ed31e4-f15a-5290-bed8-399dfd88d70d,Roscommon Town,20:00,,F42 RP21,53.6329387,-8.1902839,Castle Street,"Roscommon,Co. Roscommon",,Saturday,False,False,False,False,,,Room is on the first floor.,,,Republic of Ireland,Alcoholics Anonymous
a30a8232-8fa9-5aaa-8a78-a21146cfb850,Roscommon Town,12:00,,F42 RP21,53.6329387,-8.1902839,Castle Street,"Roscommon,Co. Roscommon",,Sunday,False,False,False,False,,,Room is on the first floor.,,,Republic of Ireland,Alcoholics Anonymous
a3c24636-b23f-5532-8269-376e31e1769b,Roscrea Legion Hall,13:00,,E53 F599,52.9523726,-7.7995674,Legion Hall,"Abbey Street,Roscrea,Co. Tipperary",,Monday,False,False,False,False,,,,,,Republic of Ireland,Alcoholics Anonymous
cf9536ac-ddc4-52b9-91f7-3f8262afeb30,Roscrea Legion Hall,20:30,,E53 F599,52.9523726,-7.7995674,Legion Hall,"Abbey Street,Roscrea,Co. Tipperary",,Saturday,False,False,False,False,,,,,,Republic of Ireland,Alcoholics Anonymous
c9e78ac5-f70f-531f-b8e2-9ef2be97e9a0,Roscrea Wednesday Group,20:30,,E53 F599,52.9523726,-7.7995674,Legion Hall,"Abbey Street,Roscrea,Co. Tipperary",,Wednesday,False,False,False,False,,,,,,Republic of Ireland,Alcoholics Anonymous
99dbea8b-527f-5b95-91f5-a3349a758dd0,Roxsborough How It Works Big Book Group,20:00,,Y35 AH70,52.3214816,-6.449516,Aiséiri,"Rosslare Road,Roxborough,Wexford",,Sunday,False,False,False,False,,Big Book,,,,Republic of Ireland,Alcoholics Anonymous
4de30103-6ea4-5888-9389-35ac0b9d5cfb,Shanagolden,20:30,,V94 T6Y9,52.5726298,-9.0995369,Health & Wellness Centre,"Main Street,Shanagolden,Co. Limerick",,Tuesday,False,False,False,False,,,,,,Republic of Ireland,Alcoholics Anonymous
7b6bd2b1-fa7c-5e7e-8281-b8c28d112dc1,Shanagolden,20:30,,V94 T6Y9,52.5726298,-9.0995369,Health & Wellness Centre,"Main Street,Shanagolden,Co. Limerick",,Saturday,False,False,False,False,,,,,,Republic of Ireland,Alcoholics Anonymous
6c514172-dfd8-58b6-808b-bb573bc7fc51,Shannon Rineanna View Group,20:30,,V14 XV97,52.709235,-8.8641781,Respond Community Building,"Rineanna View,Shannon,Co. Clare",,Monday,False,False,False,False,,,,,,Republic of Ireland,Alcoholics Anonymous
78a1f709-ceae-5fba-9e71-eb3558ea06aa,Shannon Rineanna View Group,11:00,,V14 XV97,52.709235,-8.8641781,Respond Community Building,"Rineanna View,Shannon,Co. Clare",,Sunday,False,False,False,False,,,,,,Republic of Ireland,Alcoholics Anonymous
a1b1b6d6-c72e-52e9-ba27-8aa5a46b9ede,Shannonbridge,20:30,,,53.2795777,-8.046878,The Health Centre,"Main Street,Shannonbridge,Co. Offaly",,Friday,False,False,False,False,,,,,,Republic of Ireland,Alcoholics Anonymous
bf5245ea-10eb-5670-bd61-4774286d422a,Sixmilebridge AA Group,20:30,,V95 PD91,52.7430143,-8.7756826,Courthouse Mens Shed,"Lodge Road,Sixmilebridge,Co. Clare",,Wednesday,False,False,False,False,,,,,,Republic of Ireland,Alcoholics Anonymous
3eef4cf1-99b4-5d8f-8d77-064f7f0102a1,Slane AA,13:00,,C15 KV22,53.7105796,-6.5412647,Slane Youth Cafe,"Chapel Streel,Hill Of Slane,Co. Meath",,Thursday,False,False,False,False,,,To request a link to an online meeting please send an email to L215@alcoholicsanonymous.ie,,,Republic of Ireland,Alcoholics Anonymous
01ca49ff-9eb7-55ba-89bd-dd2adf7308a7,Slane AA,19:30,,C15 KV22,53.7105796,-6.5412647,Slane Youth Cafe,"Chapel Streel,Hill Of Slane,Co. Meath",,Sunday,False,False,False,False,,,To request a link to an online meeting please send an email to L215@alcoholicsanonymous.ie,,,Republic of Ireland,Alcoholics Anonymous
1263d139-2831-55ce-9878-bf769e064a08,Sligo AA Step Meeting,19:15,,F91 RF78,54.2694404,-8.4701019,Avalon Centre,"2ND Floor,Chapel Street,Sligo,Sligo",,Wednesday,False,False,False,False,,,,,,Republic of Ireland,Alcoholics Anonymous
125ff847-9ff0-584e-843e-af97614d35ad,Sligo Town Back To Basics,13:00,,F91 RF78,54.2694404,-8.4701019,Avalon Centre,"2ND Floor,Chapel Street,Sligo,Sligo",,Monday,False,False,False,False,,,,,,Republic of Ireland,Alcoholics Anonymous
8091ad85-d547-549b-8d72-ef8ccdf56bb9,Sligo Town Back To Basics,13:00,,F91 RF78,54.2694404,-8.4701019,Avalon Centre,"2ND Floor,Chapel Street,Sligo,Sligo",,Wednesday,False,False,False,False,,Steps,,,,Republic of Ireland,Alcoholics Anonymous
ae129320-5177-5fd3-87da-4afda1779e1d,Sligo Town Back To Basics,13:00,,F91 RF78,54.2694404,-8.4701019,Avalon Centre,"2ND Floor,Chapel Street,Sligo,Sligo",,Friday,False,False,False,False,,,,,,Republic of Ireland,Alcoholics Anonymous
f258090e-dd01-500f-a7c8-6f971b1b519a,Sligo Town Downtown AA Group,13:00,,F91 YX64,54.2682182,-8.4745355,Market Yard,"Caltragh,Sligo Town,Sligo",,Tuesday,False,False,False,False,,,"Tuesdays Meeting is in St Anns Church, Cranmore.",,,Republic of Ireland,Alcoholics Anonymous
8c789891-f5f7-5b7b-8c3c-6ef881155809,Sligo Town Downtown AA Group,13:00,,F91 YX64,54.2682182,-8.4745355,Market Yard,"Caltragh,Sligo Town,Sligo",,Saturday,False,False,False,False,,,"Tuesdays Meeting is in St Anns Church, Cranmore.",,,Republic of Ireland,Alcoholics Anonymous
7cb1ce3c-2355-5501-9755-c0b40e8ae269,Sligo Town Gratitude,19:30,,F91 WF70,54.2724606,-8.4687767,No. 10 The Mall,"Sligo Town,Sligo",,Saturday,False,False,False,False,,,,,,Republic of Ireland,Alcoholics Anonymous
92ca0e89-f982-5c52-8854-10bc3ebc6a53,Sligo Town St. Joseph’S,20:30,,F91 XW54,54.234535,-8.4458823,Alzheimers Day Care Centre,",Aughamore Business Park,Carraroe,Sligo,Co. Sligo",,Tuesday,False,False,False,False,,,The centre is reached by a signposted driveway to the back of the business park.,,,Republic of Ireland,Alcoholics Anonymous
47967904-c32f-53c9-84e3-8e02f1899965,Sligo Town St. Michael’S,11:30,,F91 RF78,54.2694404,-8.4701019,Avalon Centre,"2ND Floor,Chapel Street,Sligo,Sligo",,Sunday,False,False,False,False,,,Beginners are very welcome to this meeting.,,,Republic of Ireland,Alcoholics Anonymous
1c408733-7006-5ae3-be53-c09866067124,Stradbally,20:30,,X42 Y398,52.1357453,-7.4673049,Barron Community Hall,"Chapel Road,Stradbally,Co. Waterford",,Thursday,False,False,False,False,,,,,,Republic of Ireland,Alcoholics Anonymous
6244d90e-f554-5a37-904e-dc7ffc3182c5,Strandhill As Bill Sees It,19:30,,,54.2768281,-8.5979454,Enterprise Centre,"Airport Road,Strandhill,Sligo",,Friday,False,False,False,False,,,,,,Republic of Ireland,Alcoholics Anonymous
40447151-9ef1-5585-ab3d-57be79d0c0f6,Summerhill Group,20:30,,N37 T298,53.4112209,-7.9888948,Drum Community Centre,"Summerhill,Ballinasloe Road,Athlone,Co. Westmeath",,Sunday,False,False,False,False,,Big Book,,,,Republic of Ireland,Alcoholics Anonymous
4bae86fa-a5ec-51a7-ac10-f551c3de71cf,Swanlinbar,20:30,,,54.1963004,-7.7040845,Day Centre,"Swanlinbar,Co. Cavan",,Monday,False,False,False,False,,,,,,Republic of Ireland,Alcoholics Anonymous
eaff60c3-56bc-50aa-8e41-8e4a6b44fd53,Swinford,20:30,,F12 WK83,53.9436285,-8.9550648,The Cultural Centre,"Station Road,Carrowbeg,Swinford,Co. Mayo",,Monday,False,False,False,False,,Steps,,,,Republic of Ireland,Alcoholics Anonymous
c49e71b4-0252-5e52-8a12-1bb7b0a53b7d,Swinford,20:30,,F12 WK83,53.9436285,-8.9550648,The Cultural Centre,"Station Road,Carrowbeg,Swinford,Co. Mayo",,Saturday,False,False,False,False,,,,,,Republic of Ireland,Alcoholics Anonymous
353d36dc-3159-57de-9d9a-109d1398ec5a,Tallow,20:30,,P51 P3K6,52.0949037,-8.0068202,St. Patrick's Hall,"Convent Street,Tallow,Co. Waterford",,Sunday,False,False,False,False,,,,,,Republic of Ireland,Alcoholics Anonymous
4efbdde6-4a22-594e-a14e-33917581bfd8,Templemore Dom’S Room,20:30,,E41 X433,52.7952168,-7.8316021,Cannon Noonan Community Services,"Bank Street,Templemore,Co. Tipperary",,Friday,False,False,False,False,,,,,,Republic of Ireland,Alcoholics Anonymous
ed3b730c-2714-5b94-b40a-47ae5f3fc8dc,Thurles,20:30,,E41 PT66,52.6738605,-7.8216092,Tipperary Centre For Independant Living,"Unit 2 Thurles Business Centre,Stradavoher,Thurles,Co. Tipperary",,Tuesday,False,False,False,False,,Steps,Tradition Meeting last Thursday of the Month,,,Republic of Ireland,Alcoholics Anonymous
c245b1de-5be2-5e40-90fa-9550eb1e026c,Thurles,20:30,,E41 PT66,52.6738605,-7.8216092,Tipperary Centre For Independant Living,"Unit 2 Thurles Business Centre,Stradavoher,Thurles,Co. Tipperary",,Thursday,False,False,False,False,,,Tradition Meeting last Thursday of the Month,,,Republic of Ireland,Alcoholics Anonymous
4eb5408a-f3d0-50c0-b282-46568efce8b1,Thurles,20:30,,E41 PT66,52.6738605,-7.8216092,Tipperary Centre For Independant Living,"Unit 2 Thurles Business Centre,Stradavoher,Thurles,Co. Tipperary",,Saturday,False,False,False,False,,,Tradition Meeting last Thursday of the Month,,,Republic of Ireland,Alcoholics Anonymous
3185eeb7-ca26-5e4e-9301-4ca2fba1e6d8,Tramore,20:00,,X91 HX01,52.1629681,-7.149167,The Meeting Place,"Upper Branch Road,Tramore,Co. Waterford",,Wednesday,False,False,False,False,,Big Book,,,,Republic of Ireland,Alcoholics Anonymous
a8b1395a-c071-50b8-bf65-7d2863aa2105,Tramore,20:00,,X91 HX01,52.1629681,-7.149167,The Meeting Place,"Upper Branch Road,Tramore,Co. Waterford",,Friday,False,False,False,False,,,,,,Republic of Ireland,Alcoholics Anonymous
aa12c8bd-73c6-540d-8d9c-da50f07f1c2f,Trim Mustard Seed,20:00,,C15 V205,53.5524134,-6.7922729,Below Snooker Club,"Patrick Street,Trim,Co. Meath",,Wednesday,False,False,False,False,,Steps,To request link to online meeting email L216@alcoholicsanonymous.ie,,,Republic of Ireland,Alcoholics Anonymous
27bdf966-e38f-55b3-9c65-dcc12a423026,Tubbercurry,20:30,,,54.0529783,-8.7265988,Old Parochial House,"Ballymote Road,Tubbercurry,Co. Sligo",,Tuesday,False,False,False,False,,,,,,Republic of Ireland,Alcoholics Anonymous
4149bf00-6091-5346-a58f-00320af9b907,Tubbercurry,20:30,,,54.0529783,-8.7265988,Old Parochial House,"Ballymote Road,Tubbercurry,Co. Sligo",,Sunday,False,False,False,False,,,,,,Republic of Ireland,Alcoholics Anonymous
4566b774-caba-565e-9b46-c6281bfb6b9e,Tulla,20:30,,V95 NN53,52.8663875,-8.7564071,The Sacristy,"Tulla Church,Tulla,Co. Clare",,Monday,False,False,False,False,,,,,,Republic of Ireland,Alcoholics Anonymous
8d0d3d38-05c5-5e53-874b-a4b72ae199bf,Tulla,20:30,,V95 NN53,52.8663875,-8.7564071,The Sacristy,"Tulla Church,Tulla,Co. Clare",,Sunday,False,False,False,False,,,,,,Republic of Ireland,Alcoholics Anonymous
d249ab92-5ca4-59d1-8807-149614cb86ca,Tullamore,20:15,,R35 V5W4,53.2720655,-7.4898247,The Tanyard Resource Centre,"The Tanyard,Tullamore,Co. Offaly",,Monday,False,False,False,False,,Steps,,,,Republic of Ireland,Alcoholics Anonymous
0e5e214c-991c-5937-83df-637e86741e51,Tullamore,13:00,,R35 V5W4,53.2720655,-7.4898247,The Tanyard Resource Centre,"The Tanyard,Tullamore,Co. Offaly",,Tuesday,False,False,False,False,,,,,,Republic of Ireland,Alcoholics Anonymous
9420e597-dcc8-5c34-ae1a-7d8eb950899c,Tullamore,20:15,,R35 V5W4,53.2720655,-7.4898247,The Tanyard Resource Centre,"The Tanyard,Tullamore,Co. Offaly",,Wednesday,False,False,False,False,,,,,,Republic of Ireland,Alcoholics Anonymous
a339f60c-0434-5c92-b6a5-4c49d8aff99e,Tullamore,20:15,,R35 V5W4,53.2720655,-7.4898247,The Tanyard Resource Centre,"The Tanyard,Tullamore,Co. Offaly",,Thursday,False,False,False,False,,,,,,Republic of Ireland,Alcoholics Anonymous
261ee15d-a510-54a7-8cdf-42e69a3a1ca0,Tullamore,13:00,,R35 V5W4,53.2720655,-7.4898247,The Tanyard Resource Centre,"The Tanyard,Tullamore,Co. Offaly",,Friday,False,False,False,False,,,,,,Republic of Ireland,Alcoholics Anonymous
7693f2d6-bd2b-577c-b08c-de47808f18ef,Tullamore,20:15,,R35 V5W4,53.2720655,-7.4898247,The Tanyard Resource Centre,"The Tanyard,Tullamore,Co. Offaly",,Saturday,False,False,False,False,,,,,,Republic of Ireland,Alcoholics Anonymous
a46a6e59-5bcc-52a3-bd2b-59debe05d124,Tullamore,12:00,,R35 V5W4,53.2720655,-7.4898247,The Tanyard Resource Centre,"The Tanyard,Tullamore,Co. Offaly",,Sunday,False,False,False,False,,,,,,Republic of Ireland,Alcoholics Anonymous
37b3dee3-8722-52fc-bfdd-b81f643d8db2,Tullamore,20:15,,R35 V5W4,53.2720655,-7.4898247,The Tanyard Resource Centre,"The Tanyard,Tullamore,Co. Offaly",,Sunday,False,False,False,False,,,,,,Republic of Ireland,Alcoholics Anonymous
bff612dd-2afd-5aee-8cdb-f92bb05e0c5b,Tullamore Phoenix Group,20:30,,R35 H660,53.2728387,-7.4807941,Charleville Centre Tullamore,"4 Church Hill,Church Avenue,Tullamore,Co. Offaly",,Wednesday,False,False,False,False,,,,,,Republic of Ireland,Alcoholics Anonymous
68ea21ab-5b20-51d1-ac2c-58891689fb21,Tullamore Phoenix Group,20:30,,R35 H660,53.2728387,-7.4807941,Charleville Centre Tullamore,"4 Church Hill,Church Avenue,Tullamore,Co. Offaly",,Saturday,False,False,False,False,,,,,,Republic of Ireland,Alcoholics Anonymous
8a3f86f9-1f82-5ee8-b32a-f675e9b92755,Tullow Thursday Group,20:30,,R93 W447,52.8013624,-6.7322472,Teach Brid,"Templeowen,Tullow,Co. Carlow",,Thursday,False,False,False,False,,,Behind RC Church,,,Republic of Ireland,Alcoholics Anonymous
e73b64b4-dc2b-5c8e-9a7d-dcb43af3029e,Virginia AA Group,20:30,,A82 AH29,53.8316293,-7.0676282,Virginia Medical Health Centre,"Dublin Road,Virginia,Co. Cavan",,Saturday,False,False,False,False,,,,,,Republic of Ireland,Alcoholics Anonymous
89c39b41-d291-5ba2-9aac-0684ed08de52,Waterford City St. John’S,12:30,,X91 FH04,52.2574053,-7.1104503,Sacristy St. John's Church Parnell Street,Waterford City,,Monday,False,False,False,False,,,,,,Republic of Ireland,Alcoholics Anonymous
d99146a5-d4b8-5e1e-b85f-24f9ba62e741,Waterford City St. John’S,12:30,,X91 FH04,52.2574053,-7.1104503,Sacristy St. John's Church Parnell Street,Waterford City,,Tuesday,False,False,False,False,,Big Book,,,,Republic of Ireland,Alcoholics Anonymous
abae63dc-f16b-5a83-a292-f3c762f98c34,Waterford City St. John’S,12:30,,X91 FH04,52.2574053,-7.1104503,Sacristy St. John's Church Parnell Street,Waterford City,,Wednesday,False,False,False,False,,,,,,Republic of Ireland,Alcoholics Anonymous
3f80c750-6bb5-5dd4-befc-6865a7374ad0,Waterford City St. John’S,12:30,,X91 FH04,52.2574053,-7.1104503,Sacristy St. John's Church Parnell Street,Waterford City,,Thursday,False,False,False,False,,Steps,,,,Republic of Ireland,Alcoholics Anonymous
2f8c8338-c170-5427-8126-a2276fca1b8e,Waterford City St. John’S,12:30,,X91 FH04,52.2574053,-7.1104503,Sacristy St. John's Church Parnell Street,Waterford City,,Friday,False,False,False,False,,,,,,Republic of Ireland,Alcoholics Anonymous
c4355e44-3bb7-56b9-b4f8-e9e1a26f4479,Westport Social Service Group,20:30,,F28 NH32,53.8006256,-9.5227017,Parish Centre,"James Street,Westport,Co. Mayo",,Monday,False,False,False,False,,,Meeting is upstairs in Loft.,,,Republic of Ireland,Alcoholics Anonymous
981c72a9-0a89-5b90-abf7-3ef8133292a3,Westport Social Service Group,20:30,,F28 NH32,53.8006256,-9.5227017,Parish Centre,"James Street,Westport,Co. Mayo",,Thursday,False,False,False,False,,,Meeting is upstairs in Loft.,,,Republic of Ireland,Alcoholics Anonymous
0cbec2ba-5fbe-5d93-b3cc-a44077108910,Westport Social Service Group,20:30,,F28 NH32,53.8006256,-9.5227017,Parish Centre,"James Street,Westport,Co. Mayo",,Saturday,False,False,False,False,,,Meeting is upstairs in Loft.,,,Republic of Ireland,Alcoholics Anonymous
5ba855b8-0dfb-579a-815e-5caf5ddd4ba1,Wicklow Town,20:00,,A67 FX65,52.9794747,-6.0451453,The De La Salle Pastoral Centre,"St. Patrick's Church Grounds,Wicklow",,Monday,False,False,False,False,,,,,,Republic of Ireland,Alcoholics Anonymous
babf2524-2744-5989-8bde-3d58bc6f4b6b,Wicklow Town,20:00,,A67 FX65,52.9794747,-6.0451453,The De La Salle Pastoral Centre,"St. Patrick's Church Grounds,Wicklow",,Thursday,False,False,False,False,,,,,,Republic of Ireland,Alcoholics Anonymous
652a15f0-4f85-51fa-91b1-c3b51341cf00,Wicklow Town,18:30,,A67 FX65,52.9794747,-6.0451453,The De La Salle Pastoral Centre,"St. Patrick's Church Grounds,Wicklow",,Saturday,False,False,False,False,,,,,,Republic of Ireland,Alcoholics Anonymous
b32961f2-56d9-5efe-9711-aba209c758a2,Williamstown Waterpark Group,20:30,,X91 PY99,52.2429151,-7.0885162,Farronshoneen Community Centre,"Williamstown,Waterford",,Tuesday,False,False,False,False,,Steps,,,,Republic of Ireland,Alcoholics Anonymous
cc2966c5-623a-5a94-94d9-bbc104fa327e,Williamstown Waterpark Group,20:30,,X91 PY99,52.2429151,-7.0885162,Farronshoneen Community Centre,"Williamstown,Waterford",,Thursday,False,False,False,False,,,,,,Republic of Ireland,Alcoholics Anonymous
16917b6a-3b01-5d1b-811e-630bfb3b3a1f,Ballincollig,20:30,,P31 KV63,51.8867067,-8.5912603,St. Vincent De Paul,"Family Centre,Station Road,Ballincollig,Cork",,Monday,False,False,False,False,,,,Cork,Republic of Ireland,Republic of Ireland,Alcoholics Anonymous
c0e16cb3-c2ad-5db3-8057-588bf5c087ec,Ballincollig,18:00,,P31 KV63,51.8867067,-8.5912603,St. Vincent De Paul,"Family Centre,Station Road,Ballincollig,Cork",,Wednesday,False,False,False,False,,,,Cork,Republic of Ireland,Republic of Ireland,Alcoholics Anonymous
29b2e246-c5f5-5ebd-906f-81d0b65fda7f,Ballincollig,20:30,,P31 KV63,51.8867067,-8.5912603,St. Vincent De Paul,"Family Centre,Station Road,Ballincollig,Cork",,Friday,False,False,False,False,,,,Cork,Republic of Ireland,Republic of Ireland,Alcoholics Anonymous
890abcd8-d26b-52b3-8c9d-f61471d97285,Ballincollig,10:30,,P31 KV63,51.8867067,-8.5912603,St. Vincent De Paul,"Family Centre,Station Road,Ballincollig,Cork",,Sunday,False,False,False,False,,,,Cork,Republic of Ireland,Republic of Ireland,Alcoholics Anonymous
58f6cf68-cb17-5e47-a790-f04a4787be2d,Ballincollig,18:00,,P31 KV63,51.8867067,-8.5912603,St. Vincent De Paul,"Family Centre,Station Road,Ballincollig,Cork",,Sunday,False,False,False,False,,,,Cork,Republic of Ireland,Republic of Ireland,Alcoholics Anonymous
cee36e07-d2e0-599e-8c93-8a9d6738cef8,Ballinlough The Big Book Group,12:45,,T12 VX20,51.8844737,-8.4472085,Cork Methodist Church & Ardfallen Centre,"Nursery Drive,Ballinlough,Co. Cork",,Wednesday,False,False,False,False,,,,Cork,Republic of Ireland,Republic of Ireland,Alcoholics Anonymous
f55db4e1-0962-5bd6-9715-28176fa28c47,Ballyphehane,20:30,,T12 Y0XP,51.8831111,-8.477704,Ballyphehane Pipe Band Hall,"Lower Friars Walk,Ballyphehane,Co. Cork",,Tuesday,False,False,False,False,,,Zoom Meeting: To request link to online meeting email M42@alcoholicsanonymous.ie,Cork,Republic of Ireland,Republic of Ireland,Alcoholics Anonymous
17d27746-c6b4-5571-92e2-a78ef9f8422b,Ballyphehane,20:30,,T12 Y0XP,51.8831111,-8.477704,Ballyphehane Pipe Band Hall,"Lower Friars Walk,Ballyphehane,Co. Cork",,Thursday,False,False,False,False,,,Zoom Meeting: To request link to online meeting email M42@alcoholicsanonymous.ie,Cork,Republic of Ireland,Republic of Ireland,Alcoholics Anonymous
609db7c9-2081-5fe5-a60c-7788a2a518ac,Ballyphehane,16:30,,T12 Y0XP,51.8831111,-8.477704,Ballyphehane Pipe Band Hall,"Lower Friars Walk,Ballyphehane,Co. Cork",,Saturday,False,False,False,False,,,Zoom Meeting: To request link to online meeting email M42@alcoholicsanonymous.ie,Cork,Republic of Ireland,Republic of Ireland,Alcoholics Anonymous
f40c80d2-bef7-5edc-8592-1e4b43682441,Ballyphehane,20:30,,T12 Y0XP,51.8831111,-8.477704,Ballyphehane Pipe Band Hall,"Lower Friars Walk,Ballyphehane,Co. Cork",,Sunday,False,False,False,False,,,Zoom Meeting: To request link to online meeting email M42@alcoholicsanonymous.ie,Cork,Republic of Ireland,Republic of Ireland,Alcoholics Anonymous
08b323d0-4aed-54a1-8eaa-caa360225298,Bandon Riverview,20:00,,P72 E448,51.7467754,-8.7385223,Front Door,"Town Hall,North Main Street,Bandon,Co. Cork",,Monday,False,False,False,False,,,Tuesdays Upstairs,Cork,Republic of Ireland,Republic of Ireland,Alcoholics Anonymous
9036fd20-c317-5cc7-a32c-a3c4d24be262,Bandon Riverview,18:00,,P72 E448,51.7467754,-8.7385223,Front Door,"Town Hall,North Main Street,Bandon,Co. Cork",,Tuesday,False,False,False,False,,,Tuesdays Upstairs,Cork,Republic of Ireland,Republic of Ireland,Alcoholics Anonymous
acb12ce3-09c2-5acc-8d55-cac1f53b2caf,Bandon Riverview,18:00,,P72 E448,51.7467754,-8.7385223,Front Door,"Town Hall,North Main Street,Bandon,Co. Cork",,Thursday,False,False,False,False,,,Tuesdays Upstairs,Cork,Republic of Ireland,Republic of Ireland,Alcoholics Anonymous
eb254066-09e4-5f49-a991-44bb9b77e0cd,Bandon Riverview,18:00,,P72 E448,51.7467754,-8.7385223,Front Door,"Town Hall,North Main Street,Bandon,Co. Cork",,Saturday,False,False,False,False,,Steps,Tuesdays Upstairs,Cork,Republic of Ireland,Republic of Ireland,Alcoholics Anonymous
555c3f32-5f1c-5fba-aba5-3f1c06b4837a,Bantry 1,20:30,,P75 H593,51.6809208,-9.4530819,Ian Connor Room,"Rear Of St. Brendan's Church,Wolf Tone Square,Bantry,Co. Cork",,Thursday,False,False,False,False,,,Portacabin behind St. Brendan's Church,Cork,Republic of Ireland,Republic of Ireland,Alcoholics Anonymous
1ffc3ccb-a70e-5cd0-8c59-beeb81e6f808,Bantry Hospital Group,20:30,,P75 VP89,51.6754644,-9.4497981,Dromleigh Resource Centre,"Dromleigh Close,Dromleigh North,Bantry,Co. Cork",,Tuesday,False,False,False,False,,,,Cork,Republic of Ireland,Republic of Ireland,Alcoholics Anonymous
ca0f00ec-deab-5996-91a4-d43b0ce1aec2,Bantry Hospital Group,20:30,,P75 VP89,51.6754644,-9.4497981,Dromleigh Resource Centre,"Dromleigh Close,Dromleigh North,Bantry,Co. Cork",,Saturday,False,False,False,False,,,,Cork,Republic of Ireland,Republic of Ireland,Alcoholics Anonymous
d6fd3fba-ce01-5139-a4cb-93b9daea7141,Carrigtwohill Big Book Step Group,20:30,,T45 WE16,51.9095267,-8.2597895,Carricktwohill Family Resource Centre,"Main Street,Carricktwohill,Co. Cork",,Friday,False,False,False,False,,Big Book,Zoom Meeting: To request link to online meeting email M261@alcoholicsanonymous.ie,Cork,Republic of Ireland,Republic of Ireland,Alcoholics Anonymous
3a5574ae-2268-5d03-9ee6-6af5fff5d322,Castlemartyr Step & Tradition,20:30,,P25 D968,51.9162732,-8.0552684,Old National School Mogeely Road,"Castlemartyr,Co. Cork",,Wednesday,False,False,False,False,,Steps & Tradition,,Cork,Republic of Ireland,Republic of Ireland,Alcoholics Anonymous
2280421e-0d26-55c0-860a-00ee08029b81,Cloyne Mens Shed Serenity Group,20:30,,P25 EW99,51.8615003,-8.120647,Cloyne Mens Shed,"Chapel Street,Cloyne,Co. Cork",,Monday,False,False,False,False,,,Across from St Colmans Catholic Church,Cork,Republic of Ireland,Republic of Ireland,Alcoholics Anonymous
3b0be9f9-90d4-583d-bded-22709ff636af,Cobh,20:30,,P24 Y319,51.8514737,-8.293747,Cobh Parish Centre,"Wolfe Tone St.,Cobh,Co. Cork",,Monday,False,False,False,False,,,To request a link to an online meeting please send an email to m39@alcoholicsanonymous.ie,Cork,Republic of Ireland,Republic of Ireland,Alcoholics Anonymous
7e21c4a3-39db-51ce-9da5-4257dbfa16d8,Cobh,20:30,,P24 Y319,51.8514737,-8.293747,Cobh Parish Centre,"Wolfe Tone St.,Cobh,Co. Cork",,Wednesday,False,False,False,False,,,To request a link to an online meeting please send an email to m39@alcoholicsanonymous.ie,Cork,Republic of Ireland,Republic of Ireland,Alcoholics Anonymous
87486ab3-8dcc-5143-bc5a-4983d1305f9e,Cobh,20:30,,P24 Y319,51.8514737,-8.293747,Cobh Parish Centre,"Wolfe Tone St.,Cobh,Co. Cork",,Friday,False,False,False,False,,Steps,To request a link to an online meeting please send an email to m39@alcoholicsanonymous.ie,Cork,Republic of Ireland,Republic of Ireland,Alcoholics Anonymous
bd297c76-52b7-5eda-81bb-aed325c3ab4b,Cobh,18:00,,P24 Y319,51.8514737,-8.293747,Cobh Parish Centre,"Wolfe Tone St.,Cobh,Co. Cork",,Saturday,False,False,False,False,,,To request a link to an online meeting please send an email to m39@alcoholicsanonymous.ie,Cork,Republic of Ireland,Republic of Ireland,Alcoholics Anonymous
6657822b-8fd9-560a-912b-28945186a7d1,Cobh,12:00,,P24 Y319,51.8514737,-8.293747,Cobh Parish Centre,"Wolfe Tone St.,Cobh,Co. Cork",,Sunday,False,False,False,False,,,To request a link to an online meeting please send an email to m39@alcoholicsanonymous.ie,Cork,Republic of Ireland,Republic of Ireland,Alcoholics Anonymous
9baa6aaa-f90b-5d00-a9bb-07d44205c34a,Cork City Blackrock Road Group,19:30,,T12 Y206,51.8946868,-8.4483723,Convent Of St Francis,"Blackrock Road,Cork City",,Monday,False,False,False,False,,,,Cork,Republic of Ireland,Republic of Ireland,Alcoholics Anonymous
5fc206d7-8677-5be2-aec3-d20740a28a58,Cork City Blackrock Road Group,19:30,,T12 Y206,51.8946868,-8.4483723,Convent Of St Francis,"Blackrock Road,Cork City",,Thursday,False,False,False,False,,,,Cork,Republic of Ireland,Republic of Ireland,Alcoholics Anonymous
f298d8c3-6e9c-5fef-9b58-fee321e160e8,Cork City Cork Second,20:30,,T12 HN4V,51.8972185,-8.4723289,YMCA Building,"11/12 Marlboro Street,Cork City",,Tuesday,False,False,False,False,,Steps & Tradition,,Cork,Republic of Ireland,Republic of Ireland,Alcoholics Anonymous
56d1a754-6928-5263-b5c9-e4f4748b958e,Cork City Cork Second,20:30,,T12 HN4V,51.8972185,-8.4723289,YMCA Building,"11/12 Marlboro Street,Cork City",,Thursday,False,False,False,False,,,,Cork,Republic of Ireland,Republic of Ireland,Alcoholics Anonymous
cf4fa478-3e0d-500a-a0a0-1458f0811ee3,Cork City Cork Second,20:30,,T12 HN4V,51.8972185,-8.4723289,YMCA Building,"11/12 Marlboro Street,Cork City",,Saturday,False,False,False,False,,,,Cork,Republic of Ireland,Republic of Ireland,Alcoholics Anonymous
13b96cbd-7ee6-5786-8cb6-a7c08a3beba6,Cork City Emotional Sobriety,18:00,,T12 ET7E,51.8897706,-8.4458148,Ballinlough Community Centre,"Ballinlough Road,Cork City,Cork",,Saturday,False,False,False,False,,,,Cork,Republic of Ireland,Republic of Ireland,Alcoholics Anonymous
77d99b10-f86e-56e4-a7e8-40d2085b1550,Cork City Emotional Sobriety,20:30,,T12 XW8R,51.8920536,-8.4686157,Quaker House,"Summerhill South,Cork City,Cork",,Sunday,False,False,False,False,,,,Cork,Republic of Ireland,Republic of Ireland,Alcoholics Anonymous
21cd5121-dffd-5430-93af-5efa88892748,Cork City Frankfield,20:00,,T12 HD86,51.8651382,-8.4570963,Scoil Nicolais,"Frankfield,Cork Ccity,Cork",,Monday,False,False,False,False,,Beginner,To request a link to an online meeting please send an email to m233@alcoholicsanonymous.ie,Cork,Republic of Ireland,Republic of Ireland,Alcoholics Anonymous
e2b01fb2-b033-5232-9915-19ed52448853,Cork City Frankfield,20:00,,T12 HD86,51.8651382,-8.4570963,Scoil Nicolais,"Frankfield,Cork Ccity,Cork",,Thursday,False,False,False,False,,Big Book,To request a link to an online meeting please send an email to m233@alcoholicsanonymous.ie,Cork,Republic of Ireland,Republic of Ireland,Alcoholics Anonymous
ab64dd08-2d57-5e5f-9500-ee06807de2a0,Cork City Grattan Street,10:00,,T12 DW62,51.8991479,-8.4802404,Grattan Street Community Centre,Cork City,,Monday,False,False,False,False,,,,Cork,Republic of Ireland,Republic of Ireland,Alcoholics Anonymous
5dcb9438-b049-5c88-bb0f-8e132f8522c2,Cork City Grattan Street,12:45,,T12 DW62,51.8991479,-8.4802404,Grattan Street Community Centre,Cork City,,Monday,False,False,False,False,,,,Cork,Republic of Ireland,Republic of Ireland,Alcoholics Anonymous
31a69b52-7699-5015-a0fa-444b4e9a1c09,Cork City Grattan Street,07:30,,T12 DW62,51.8991479,-8.4802404,Grattan Street Community Centre,Cork City,,Tuesday,False,False,False,False,,,,Cork,Republic of Ireland,Republic of Ireland,Alcoholics Anonymous
1d6eca9c-5e45-5d16-a7bf-842aa9a4d561,Cork City Grattan Street,12:45,,T12 DW62,51.8991479,-8.4802404,Grattan Street Community Centre,Cork City,,Tuesday,False,False,False,False,,,,Cork,Republic of Ireland,Republic of Ireland,Alcoholics Anonymous
0d467bff-fc63-5268-92a2-c99032405ebc,Cork City Grattan Street,10:00,,T12 DW62,51.8991479,-8.4802404,Grattan Street Community Centre,Cork City,,Wednesday,False,False,False,False,,,,Cork,Republic of Ireland,Republic of Ireland,Alcoholics Anonymous
98cf7449-57f5-5c1a-9798-4e0f0f4e8e0e,Cork City Grattan Street,12:45,,T12 DW62,51.8991479,-8.4802404,Grattan Street Community Centre,Cork City,,Wednesday,False,False,False,False,,,,Cork,Republic of Ireland,Republic of Ireland,Alcoholics Anonymous
1ef43bb7-e988-5504-aa3b-29ca34480158,Cork City Grattan Street,12:45,,T12 DW62,51.8991479,-8.4802404,Grattan Street Community Centre,Cork City,,Thursday,False,False,False,False,,Steps & Tradition,,Cork,Republic of Ireland,Republic of Ireland,Alcoholics Anonymous
25514aa1-1e3a-5292-a60a-a45bed8dc6dc,Cork City Grattan Street,10:00,,T12 DW62,51.8991479,-8.4802404,Grattan Street Community Centre,Cork City,,Friday,False,False,False,False,,,,Cork,Republic of Ireland,Republic of Ireland,Alcoholics Anonymous
538a3d83-1192-5f3d-934e-5008e39c2f38,Cork City Grattan Street,12:45,,T12 DW62,51.8991479,-8.4802404,Grattan Street Community Centre,Cork City,,Friday,False,False,False,False,,,,Cork,Republic of Ireland,Republic of Ireland,Alcoholics Anonymous
a0367c60-8474-5d1e-a04a-b1a1f687bac9,Cork City Grattan Street,12:45,,T12 DW62,51.8991479,-8.4802404,Grattan Street Community Centre,Cork City,,Sunday,False,False,False,False,,,,Cork,Republic of Ireland,Republic of Ireland,Alcoholics Anonymous
a5aa27f3-c45a-5d38-9374-ae0538cfd4b5,Cork City Popes Quay Group,18:00,,T23 C634,51.9021062,-8.4741366,Dominican Centre,"Popes Quay,Cork City",,Monday,False,False,False,False,,,,Cork,Republic of Ireland,Republic of Ireland,Alcoholics Anonymous
2c19b7c3-1934-5fd2-8ac8-4f23cfabcd55,Cork City Popes Quay Group,18:00,,T23 C634,51.9021062,-8.4741366,Dominican Centre,"Popes Quay,Cork City",,Wednesday,False,False,False,False,,,,Cork,Republic of Ireland,Republic of Ireland,Alcoholics Anonymous
847adbe0-2161-56d9-ab2b-bc6412c68d6d,Cork City Popes Quay Group,17:30,,T23 C634,51.9021062,-8.4741366,Dominican Centre,"Popes Quay,Cork City",,Friday,False,False,False,False,,,,Cork,Republic of Ireland,Republic of Ireland,Alcoholics Anonymous
199e4327-4626-52f1-a9e1-eea79f2b9485,Cork City Rutland Street,18:00,,T12 CX32,51.894202,-8.469278,South Parish,"Community Centre,Rutland Street,Cork City",,Thursday,False,False,False,False,,Beginner,,Cork,Republic of Ireland,Republic of Ireland,Alcoholics Anonymous
1560af0f-e3a5-5a3d-9e1a-a1ad23cdabde,Cork City Solas,09:30,,,51.8896162,-8.474171,Deerpark CBS,"St. Patricks Road,Cork City,T12",,Sunday,False,False,False,False,,,,Cork,Republic of Ireland,Republic of Ireland,Alcoholics Anonymous
655d2266-c3c6-5f08-979e-2770c2fa385d,Cork City Solas,20:00,,T12 W728,51.8883244,-8.5080773,Church Of The Descent Of The Holy Spirit,"Dennehys Cross,The Crypt,Cork City",,Friday,False,False,False,False,,,"Zoom ID - 836 0736 8410
Password - Recovery",Cork,Republic of Ireland,Republic of Ireland,Alcoholics Anonymous
5b0e385f-cae7-51ba-b0e0-6d596d59a3d7,Cork City The Lough,18:00,,T12 VF5C,51.8904496,-8.4806424,Lough Community Centre,"Greenmount,Cork City,Cork",,Monday,False,False,False,False,,,Zoom Meeting: To request link to online meeting email M88@alcoholicsanonymous.ie,Cork,Republic of Ireland,Republic of Ireland,Alcoholics Anonymous
87d9341d-75d0-57ea-b4ca-7c27c10f1b28,Cork City The Lough,18:00,,T12 VF5C,51.8904496,-8.4806424,Lough Community Centre,"Greenmount,Cork City,Cork",,Tuesday,False,False,False,False,,,Zoom Meeting: To request link to online meeting email M88@alcoholicsanonymous.ie,Cork,Republic of Ireland,Republic of Ireland,Alcoholics Anonymous
fc9e97aa-6fc6-5f1e-891f-ad4fe6f1f33a,Cork City The Lough,18:00,,T12 VF5C,51.8904496,-8.4806424,Lough Community Centre,"Greenmount,Cork City,Cork",,Thursday,False,False,False,False,,,Zoom Meeting: To request link to online meeting email M88@alcoholicsanonymous.ie,Cork,Republic of Ireland,Republic of Ireland,Alcoholics Anonymous
df8e31b6-09fb-5eb0-acb7-e952dd20584b,Cork City Watergrasshill,20:30,,T56 ER82,52.0145629,-8.3399441,Church Hall,"Church Grounds,Watergrasshill,Co. Cork",,Saturday,False,False,False,False,,,,Cork,Republic of Ireland,Republic of Ireland,Alcoholics Anonymous
7001d712-7286-58f7-900a-bf9a267b43a5,Cork City Western Road,20:30,,T12 CA34,51.8939645,-8.5036275,Meeting Room,"Sacred Heart Church,Western Road,Cork City",,Wednesday,False,False,False,False,,,,Cork,Republic of Ireland,Republic of Ireland,Alcoholics Anonymous
2a6fb45f-2e03-584c-a912-5215d77c6f26,Cork City Western Road,11:00,,T12 CA34,51.8939645,-8.5036275,Meeting Room,"Sacred Heart Church,Western Road,Cork City",,Sunday,False,False,False,False,,Big Book,,Cork,Republic of Ireland,Republic of Ireland,Alcoholics Anonymous
6431435f-6064-559c-80df-6bf3b3d47055,Crosshaven,20:30,,P43 W968,51.8009612,-8.2949304,Community Centre,"Crosshaven,Co. Cork",,Monday,False,False,False,False,,,"To request link to online meeting, please email M47@alcoholicsanonymous.ie",Cork,Republic of Ireland,Republic of Ireland,Alcoholics Anonymous
ab36c009-ebfb-5716-9e3e-f7931971030f,Crosshaven,20:30,,P43 W968,51.8009612,-8.2949304,Community Centre,"Crosshaven,Co. Cork",,Thursday,False,False,False,False,,,"To request link to online meeting, please email M47@alcoholicsanonymous.ie",Cork,Republic of Ireland,Republic of Ireland,Alcoholics Anonymous
72a4756e-35b4-5bb3-a34e-c75cd98cc0c9,Crosshaven,20:30,,P43 W968,51.8009612,-8.2949304,Community Centre,"Crosshaven,Co. Cork",,Saturday,False,False,False,False,,,"To request link to online meeting, please email M47@alcoholicsanonymous.ie",Cork,Republic of Ireland,Republic of Ireland,Alcoholics Anonymous
4b10e4fc-fc8e-5d78-9d7a-947b384cded1,Doneraile,20:30,,P51 N406,52.2186171,-8.5910285,Presenttaion Pastoral Centre,"Convewnt Road,Doneraile,Co. Cork",,Wednesday,False,False,False,False,,,,Cork,Republic of Ireland,Republic of Ireland,Alcoholics Anonymous
724e5c1e-d167-5e58-a694-befce501176e,Donoughmore,20:30,,P32 W286,51.9881248,-8.6976799,Firmount Community Centre,"Firmount,Donourhmore,Co. Cork",,Thursday,False,False,False,False,,,,Cork,Republic of Ireland,Republic of Ireland,Alcoholics Anonymous
4129703c-13cc-53c3-b48a-418044c5b961,Dunmanway,20:30,,P47 EC43,51.7169971,-9.1211119,Dunmanway Family Resource Centre,"Kilbarry Road,Dunmanway,Co. Cork",,Thursday,False,False,False,False,,,,Cork,Republic of Ireland,Republic of Ireland,Alcoholics Anonymous
211d4149-c45c-5e8a-ae1e-6ebbea31aace,Dunmanway,20:30,,P47 EC43,51.7169971,-9.1211119,Dunmanway Family Resource Centre,"Kilbarry Road,Dunmanway,Co. Cork",,Saturday,False,False,False,False,,,,Cork,Republic of Ireland,Republic of Ireland,Alcoholics Anonymous
0bf119df-71b3-594b-ae05-28f049ccb70d,Fermoy,20:30,,P61 DD73,52.1423217,-8.2764983,Upstairs  Room,"Adair Hall,Church Hill,Fermoy,Co. Cork",,Wednesday,False,False,False,False,,,,Cork,Republic of Ireland,Republic of Ireland,Alcoholics Anonymous
63b4f46a-8711-5cca-8efa-3bdcdfee7dd1,Fermoy,13:00,,P61 DD73,52.1423217,-8.2764983,Upstairs  Room,"Adair Hall,Church Hill,Fermoy,Co. Cork",,Friday,False,False,False,False,,,,Cork,Republic of Ireland,Republic of Ireland,Alcoholics Anonymous
c9c00f91-e762-561a-9e54-5fb601b692d9,Fermoy,20:30,,P61 DD73,52.1423217,-8.2764983,Upstairs  Room,"Adair Hall,Church Hill,Fermoy,Co. Cork",,Sunday,False,False,False,False,,,,Cork,Republic of Ireland,Republic of Ireland,Alcoholics Anonymous
cfa9c128-92c4-5697-8195-de2db60e7e0d,Gurranabraher,20:30,,T23 HK31,51.904542,-8.4917708,Church Of The Ascension,"Gurranabraher,Gunnanabaher,Cork",,Monday,False,False,False,False,,Steps,,Cork,Republic of Ireland,Republic of Ireland,Alcoholics Anonymous
eea811d3-6dad-5e8f-9b5c-bdc95c7f35c4,Gurranabraher,20:30,,T23 HK31,51.904542,-8.4917708,Church Of The Ascension,"Gurranabraher,Gunnanabaher,Cork",,Wednesday,False,False,False,False,,,,Cork,Republic of Ireland,Republic of Ireland,Alcoholics Anonymous
51597a5f-1bbc-56fa-8fd8-227bef2811aa,Gurranabraher,20:30,,T23 HK31,51.904542,-8.4917708,Church Of The Ascension,"Gurranabraher,Gunnanabaher,Cork",,Friday,False,False,False,False,,,,Cork,Republic of Ireland,Republic of Ireland,Alcoholics Anonymous
24f12d22-91bc-5f2a-8831-45bab056358f,Gurranabraher,18:00,,T23 HK31,51.904542,-8.4917708,Church Of The Ascension,"Gurranabraher,Gunnanabaher,Cork",,Sunday,False,False,False,False,,,,Cork,Republic of Ireland,Republic of Ireland,Alcoholics Anonymous
a15abbce-b2d6-5042-b66c-316dc6b8c536,Kanturk Town Park,20:30,,,52.1663266,-8.921607,Park House,"The Park,Kanturk,Co. Cork",,Sunday,False,False,False,False,,,,Cork,Republic of Ireland,Republic of Ireland,Alcoholics Anonymous
11031b60-52fe-5c44-b1c1-f2f66fdd49d7,Kenmare,20:30,,,51.8752231,-9.5844929,Adult Education Centre,"Bell Height,Kenmare,Co. Kerry",,Wednesday,False,False,False,False,,Steps,,Cork,Republic of Ireland,Republic of Ireland,Alcoholics Anonymous
07f45aa3-2a96-5792-95dd-8c4be44e552c,Kenmare,20:30,,,51.8752231,-9.5844929,Adult Education Centre,"Bell Height,Kenmare,Co. Kerry",,Friday,False,False,False,False,,,,Cork,Republic of Ireland,Republic of Ireland,Alcoholics Anonymous
316b8810-016b-5fb9-894a-949cbd56d02f,Kenmare,20:30,,,51.8752231,-9.5844929,Adult Education Centre,"Bell Height,Kenmare,Co. Kerry",,Sunday,False,False,False,False,,,,Cork,Republic of Ireland,Republic of Ireland,Alcoholics Anonymous
14cac427-48d8-50ef-9313-c9043b5dea6d,Knocknaheeney Keep Coming Back,20:00,,T23 KHE0,51.9051256,-8.5044449,Cork City Partnership,"Community Centre,Foyle Avenue,Knocknaheny,Cork City",,Tuesday,False,False,False,False,,,,Cork,Republic of Ireland,Republic of Ireland,Alcoholics Anonymous
c4733c1c-b2fd-57e0-91f0-2e8aed1ad726,Knocknaheeney Keep Coming Back,18:00,,T23 KHE0,51.9051256,-8.5044449,Cork City Partnership,"Community Centre,Foyle Avenue,Knocknaheny,Cork City",,Friday,False,False,False,False,,,,Cork,Republic of Ireland,Republic of Ireland,Alcoholics Anonymous
fe06ce1a-4616-5128-9376-17b1636a4416,Mallow Mercy Centre,20:00,,,52.1410518,-8.6425393,Mercy Centre,"Fair Street,Mallow,Cork",,Monday,False,False,False,False,,Steps,To request a link to an online meeting please send an email to m77@alcoholicsanonymous.ie,Cork,Republic of Ireland,Republic of Ireland,Alcoholics Anonymous
a627e588-3736-5a80-b38a-6426e8c64f82,Mallow Southside,20:30,,P51 E440,52.1309455,-8.6458747,Church Of Resurection,"The Rear, Bellevue,Mallow,Co. Cork",,Wednesday,False,False,False,False,,,,Cork,Republic of Ireland,Republic of Ireland,Alcoholics Anonymous
547b640a-0bcb-59d5-8e89-335922173e85,Mallow Southside,20:00,,P51 E440,52.1309455,-8.6458747,Church Of Resurection,"The Rear, Bellevue,Mallow,Co. Cork",,Sunday,False,False,False,False,,,,Cork,Republic of Ireland,Republic of Ireland,Alcoholics Anonymous
3594cc71-09df-5be0-a056-f62e1bdcd6cb,Mallow St. Patricks Big Book Group,19:30,,P51 A871,52.1298853,-8.6367556,St. James' Church Hall,"Bearsforest Lower,Mallow,Co. Cork",,Tuesday,False,False,False,False,,Big Book,,Cork,Republic of Ireland,Republic of Ireland,Alcoholics Anonymous
baf7b367-084a-5fea-b8bd-75fb11273074,Midleton Owennacurra,20:30,,P25 NR40,51.9182188,-8.1715663,Owencurra Day Centre,"Rear Of Middleton Hospital,Midleton,Co. Cork",,Tuesday,False,False,False,False,,Steps & Tradition,,Cork,Republic of Ireland,Republic of Ireland,Alcoholics Anonymous
c2bcc448-2ed7-57a2-ab9a-b707ef3efbb9,Midleton Owennacurra,20:30,,P25 NR40,51.9182188,-8.1715663,Owencurra Day Centre,"Rear Of Middleton Hospital,Midleton,Co. Cork",,Thursday,False,False,False,False,,,,Cork,Republic of Ireland,Republic of Ireland,Alcoholics Anonymous
a61f95db-ae53-5e87-a4cb-b415bee8e08e,Midleton Owennacurra,20:30,,P25 NR40,51.9182188,-8.1715663,Owencurra Day Centre,"Rear Of Middleton Hospital,Midleton,Co. Cork",,Saturday,False,False,False,False,,,,Cork,Republic of Ireland,Republic of Ireland,Alcoholics Anonymous
bbd663e1-e98d-53fd-8ab2-f2b72f2c8993,Newmarket,20:30,,,52.2100593,-8.9941882,James O'keefe Memorial Institute,"Newmarket,Co. Cork",,Tuesday,False,False,False,True,,,,Cork,Republic of Ireland,Republic of Ireland,Alcoholics Anonymous
a3184998-a55a-5635-8713-cc349af0ca39,Newmarket,20:30,,,52.2100593,-8.9941882,James O'keefe Memorial Institute,"Newmarket,Co. Cork",,Thursday,False,False,False,True,,,,Cork,Republic of Ireland,Republic of Ireland,Alcoholics Anonymous
8d8bb851-68cd-530d-96af-8ee16974b12e,Newmarket,11:30,,,52.2100593,-8.9941882,James O'keefe Memorial Institute,"Newmarket,Co. Cork",,Sunday,False,False,False,True,,,,Cork,Republic of Ireland,Republic of Ireland,Alcoholics Anonymous
238bdf01-f123-5199-9b7a-018765266117,Riverstown Group,20:30,,T45 W992,51.9286142,-8.3963079,Old School House,"Riverstown,Cork",,Tuesday,False,False,False,False,,,,Cork,Republic of Ireland,Republic of Ireland,Alcoholics Anonymous
7bfd46eb-89c3-5185-b0c8-55b1313e7066,Riverstown Group,20:30,,T45 W992,51.9286142,-8.3963079,Old School House,"Riverstown,Cork",,Thursday,False,False,False,False,,,,Cork,Republic of Ireland,Republic of Ireland,Alcoholics Anonymous
7507c660-84ad-5398-9749-0923101338bc,Riverstown Group,18:00,,T45 W992,51.9286142,-8.3963079,Old School House,"Riverstown,Cork",,Sunday,False,False,False,False,,,,Cork,Republic of Ireland,Republic of Ireland,Alcoholics Anonymous
00faef16-009f-5c19-8d20-3a0a2166e444,Rosscarbery Group,20:30,,P85 TP80,51.5769523,-9.0326762,Rosscarbery Social Centre,"Barrack Lane,Rosscarbery,Co. Cork",,Wednesday,False,False,False,False,,,,Cork,Republic of Ireland,Republic of Ireland,Alcoholics Anonymous
7cabe133-148b-5ba6-aa78-5366ec87f05d,Rosscarbery Group,20:30,,P85 TP80,51.5769523,-9.0326762,Rosscarbery Social Centre,"Barrack Lane,Rosscarbery,Co. Cork",,Saturday,False,False,False,False,,,,Cork,Republic of Ireland,Republic of Ireland,Alcoholics Anonymous
7f6e51a4-ca6a-5d4a-b22b-1fcec442e544,Rosscarbery Group,11:00,,P85 TP80,51.5769523,-9.0326762,Rosscarbery Social Centre,"Barrack Lane,Rosscarbery,Co. Cork",,Sunday,False,False,False,False,,,,Cork,Republic of Ireland,Republic of Ireland,Alcoholics Anonymous
f1944ad9-58ef-5efd-aafb-04347b518a4d,Schull,20:30,,P81 Y284,51.5250753,-9.5463991,Holy Trinity Church Hall,"South Terrace,Inglenook,Schull,Co. Cork",,Wednesday,False,False,False,True,,,,Cork,Republic of Ireland,Republic of Ireland,Alcoholics Anonymous
3eba91d1-b2b0-5821-a176-a7d3602aef10,Schull,19:00,,P81 Y284,51.5250753,-9.5463991,Holy Trinity Church Hall,"South Terrace,Inglenook,Schull,Co. Cork",,Friday,False,False,False,True,,,,Cork,Republic of Ireland,Republic of Ireland,Alcoholics Anonymous
1a25f826-d5f8-5a5c-9d6a-10ff9782cbe6,Schull,20:30,,P81 Y284,51.5250753,-9.5463991,Holy Trinity Church Hall,"South Terrace,Inglenook,Schull,Co. Cork",,Sunday,False,False,False,True,,,,Cork,Republic of Ireland,Republic of Ireland,Alcoholics Anonymous
a535ada4-6a2f-5f39-b618-8ef7b230ff03,Skibbereen Recovery Group,09:00,,P81 ND89,51.5535951,-9.2632917,North Street,"Gortnaclory,Skibbereen,Kerry",,Sunday,False,False,False,False,,Big Book,Big Book Study,Cork,Republic of Ireland,Republic of Ireland,Alcoholics Anonymous
d7024678-f1af-530a-8a09-d42a4ca4050c,Wilton Bishopstown Curraheen,20:00,,T12 AX94,51.8802091,-8.5092509,Room 9,"SMA Wilton Parish,Community Centre,Wilton,Cork",,Thursday,False,False,False,False,,,,Cork,Republic of Ireland,Republic of Ireland,Alcoholics Anonymous
affdf972-f5fd-503c-bb19-71b64f92ee5a,Ardara,20:30,,,54.7641325,-8.4075766,Community Centre Hillhead,"Ardara,Co. Donegal",,Saturday,False,False,False,False,,,,Donegal,Republic of Ireland,Republic of Ireland,Alcoholics Anonymous
548f7b24-e2ff-5584-95c5-49488c622f80,Ballyshannon,20:30,,F94 KP62,54.5039825,-8.189812,Gealscoil Eirne,"Ballyshannon,Co. Donegal",,Monday,False,False,False,False,,,Trad meeting 1st Monday of month.,Donegal,Republic of Ireland,Republic of Ireland,Alcoholics Anonymous
289b7df3-35f4-5c13-b520-34cb9cc1517e,Bundoran,20:30,,F94 AK80,54.4761345,-8.277348,Pastoral Centre,"Church Road,Magheracar,Bundoran,Co. Donegal",,Thursday,False,False,False,False,,Steps,"Enter the double red door into the pastoral centre, and the various meetings will likely be in the Clogher Room which is at the end of the hall.",Donegal,Republic of Ireland,Republic of Ireland,Alcoholics Anonymous
e98b3dd9-dc07-5383-8cb4-1f7524fac58d,Bundoran,12:00,,F94 AK80,54.4761345,-8.277348,Pastoral Centre,"Church Road,Magheracar,Bundoran,Co. Donegal",,Sunday,False,False,False,False,,,"Enter the double red door into the pastoral centre, and the various meetings will likely be in the Clogher Room which is at the end of the hall.",Donegal,Republic of Ireland,Republic of Ireland,Alcoholics Anonymous
6b8884ee-02fb-5f4a-8737-b998be03c0cd,Bundoran,20:30,,F94 AK80,54.4761345,-8.277348,Pastoral Centre,"Church Road,Magheracar,Bundoran,Co. Donegal",,Sunday,False,False,False,False,,Big Book,"Enter the double red door into the pastoral centre, and the various meetings will likely be in the Clogher Room which is at the end of the hall.",Donegal,Republic of Ireland,Republic of Ireland,Alcoholics Anonymous
a82eeadf-8ef5-52f4-9d9c-7b6ac0636f5d,Convoy AA Group,20:30,,F93 YP22,54.8579653,-7.6588888,Convoy Enterprise Centre,"Old Wollen Mill,Rooms 12 & 13,Convoy,Co. Donegal",,Sunday,False,False,False,False,,,(The Old Woollen Mill),Donegal,Republic of Ireland,Republic of Ireland,Alcoholics Anonymous
7f2e91f1-7332-57f2-b8b0-7564ade40843,Donegal Town AA,12:30,,F94 D992,54.6547357,-8.0937807,Solace Support Centre,"St Joseph's Avenue,Donegal,Donegal",,Sunday,False,False,False,True,,,,Donegal,Republic of Ireland,Republic of Ireland,Alcoholics Anonymous
cf8324e4-a7b9-529c-a60b-73fd70227b04,Donegal Town AA,20:30,,F94 D992,54.6547357,-8.0937807,Solace Support Centre,"St Joseph's Avenue,Donegal,Donegal",,Sunday,False,False,False,False,,Steps,,Donegal,Republic of Ireland,Republic of Ireland,Alcoholics Anonymous
c05121dd-ef4e-55e0-97ba-2c2548149576,Donegal Town Promises Group,18:30,,F94 KN92,54.6552068,-8.1088771,The Mustard Seed,"New Row,Donegal Town,Co. Donegal",,Tuesday,False,False,False,False,,,"Zoom ID - 899 9784 8573
Password - Promises",Donegal,Republic of Ireland,Republic of Ireland,Alcoholics Anonymous
77ef4897-91db-5a2b-a22f-118205f44f97,Donegal Town Promises Group,20:30,,F94 KN92,54.6552068,-8.1088771,The Mustard Seed,"New Row,Donegal Town,Co. Donegal",,Thursday,False,False,False,False,,,"Zoom ID - 899 9784 8573
Password - Promises",Donegal,Republic of Ireland,Republic of Ireland,Alcoholics Anonymous
37b7a614-661a-55e4-b180-ca55035f0bc2,Donegal Town Promises Group,20:30,,F94 KN92,54.6552068,-8.1088771,The Mustard Seed,"New Row,Donegal Town,Co. Donegal",,Saturday,False,False,False,False,,,"Zoom ID - 899 9784 8573
Password - Promises",Donegal,Republic of Ireland,Republic of Ireland,Alcoholics Anonymous
4bbdf8ef-8231-5858-ab57-35f7d5b719e3,Falcarragh AA Group,20:30,,F92 H60P,55.1373056,-8.0960729,Ards Begley Hall,"St. Finian's RC Church Hall,Church Road,Falcarragh,Co. Donegal",,Monday,False,False,False,False,,Big Book,,Donegal,Republic of Ireland,Republic of Ireland,Alcoholics Anonymous
03385bda-a3e6-5ca9-8508-c5fc925ef179,Falcarragh AA Group,20:30,,F92 H60P,55.1373056,-8.0960729,Ards Begley Hall,"St. Finian's RC Church Hall,Church Road,Falcarragh,Co. Donegal",,Sunday,False,False,False,False,,Steps,,Donegal,Republic of Ireland,Republic of Ireland,Alcoholics Anonymous
3af29a59-fba7-58f2-811f-b983b07fa73c,Glenties Clear Cut Directions,20:30,,F94 C8H7,54.7994346,-8.2853643,The Hub,"Main Street,Glenties,Donegal",,Monday,False,False,False,False,,,,Donegal,Republic of Ireland,Republic of Ireland,Alcoholics Anonymous
ebf3b49a-95ef-5376-b112-098a935ccb86,Glenties Clear Cut Directions,20:30,,F94 C8H7,54.7994346,-8.2853643,The Hub,"Main Street,Glenties,Donegal",,Thursday,False,False,False,False,,Steps,,Donegal,Republic of Ireland,Republic of Ireland,Alcoholics Anonymous
6d1bc842-de32-548b-8b87-5ecff7810dd3,Killybegs,20:30,,F94 FYX2,54.6391025,-8.4411657,Niall Mór Community And Enterprise Centre,"Killybegs,Co. Donegal",,Friday,False,False,False,False,,,,Donegal,Republic of Ireland,Republic of Ireland,Alcoholics Anonymous
8c8e7ed5-905e-5c05-a0df-5e43235d29a5,Letterkenny  New Beginnings Group,11:00,,F92 HP66,54.9521118,-7.7392139,Raphoe Pastoral Centre,"Monastery Ave.,Cathedral Square,Letterkenny,Co. Donegal",,Monday,False,False,False,False,,,"Zoom Meeting: Details:
Tuesday - 120162209
Wednesday - 82088394
No Password Required
Wednesday is a Womens Meeting",Donegal,Republic of Ireland,Republic of Ireland,Alcoholics Anonymous
5c24b8c0-6e77-5d1f-ab3c-887b78ad023f,Letterkenny  New Beginnings Group,19:30,,F92 HP66,54.9521118,-7.7392139,Raphoe Pastoral Centre,"Monastery Ave.,Cathedral Square,Letterkenny,Co. Donegal",,Tuesday,False,False,False,False,,Steps,"Zoom Meeting: Details:
Tuesday - 120162209
Wednesday - 82088394
No Password Required
Wednesday is a Womens Meeting",Donegal,Republic of Ireland,Republic of Ireland,Alcoholics Anonymous
0780da5a-6c47-572c-9b1f-29bf39bb2855,Letterkenny  New Beginnings Group,18:00,,F92 HP66,54.9521118,-7.7392139,Raphoe Pastoral Centre,"Monastery Ave.,Cathedral Square,Letterkenny,Co. Donegal",,Wednesday,False,False,False,False,,,"Zoom Meeting: Details:
Tuesday - 120162209
Wednesday - 82088394
No Password Required
Wednesday is a Womens Meeting",Donegal,Republic of Ireland,Republic of Ireland,Alcoholics Anonymous
8730463c-3e15-5729-8518-55c56a74241b,Letterkenny  New Beginnings Group,17:30,,F92 HP66,54.9521118,-7.7392139,Raphoe Pastoral Centre,"Monastery Ave.,Cathedral Square,Letterkenny,Co. Donegal",,Thursday,False,False,False,False,,,"Zoom Meeting: Details:
Tuesday - 120162209
Wednesday - 82088394
No Password Required
Wednesday is a Womens Meeting",Donegal,Republic of Ireland,Republic of Ireland,Alcoholics Anonymous
4c3eadab-7cbf-550c-9fbc-9c6026c5806a,Letterkenny  New Beginnings Group,17:30,,F92 HP66,54.9521118,-7.7392139,Raphoe Pastoral Centre,"Monastery Ave.,Cathedral Square,Letterkenny,Co. Donegal",,Friday,False,False,False,False,,,"Zoom Meeting: Details:
Tuesday - 120162209
Wednesday - 82088394
No Password Required
Wednesday is a Womens Meeting",Donegal,Republic of Ireland,Republic of Ireland,Alcoholics Anonymous
29d8b42e-8b8c-5fa2-93bd-fed3db721a94,Letterkenny  New Beginnings Group,11:00,,F92 HP66,54.9521118,-7.7392139,Raphoe Pastoral Centre,"Monastery Ave.,Cathedral Square,Letterkenny,Co. Donegal",,Saturday,False,False,False,False,,,"Zoom Meeting: Details:
Tuesday - 120162209
Wednesday - 82088394
No Password Required
Wednesday is a Womens Meeting",Donegal,Republic of Ireland,Republic of Ireland,Alcoholics Anonymous
170a72f5-d970-5af2-8165-8cd66657d317,Letterkenny  New Beginnings Group,11:00,,F92 HP66,54.9521118,-7.7392139,Raphoe Pastoral Centre,"Monastery Ave.,Cathedral Square,Letterkenny,Co. Donegal",,Sunday,False,False,False,False,,,"Zoom Meeting: Details:
Tuesday - 120162209
Wednesday - 82088394
No Password Required
Wednesday is a Womens Meeting",Donegal,Republic of Ireland,Republic of Ireland,Alcoholics Anonymous
d6d4d05a-be05-5341-8af8-7cc8e3800fe9,Letterkenny  New Beginnings Group,19:30,,F92 HP66,54.9521118,-7.7392139,Raphoe Pastoral Centre,"Monastery Ave.,Cathedral Square,Letterkenny,Co. Donegal",,Sunday,False,False,False,False,,Tradition,"Zoom Meeting: Details:
Tuesday - 120162209
Wednesday - 82088394
No Password Required
Wednesday is a Womens Meeting",Donegal,Republic of Ireland,Republic of Ireland,Alcoholics Anonymous
7c8f2092-52fe-577e-85f1-be18632d3879,Letterkenny A Vision For You,10:30,,F92 PN81,54.9571525,-7.7136043,Church Of The Irish Martyrs,"Gortlee Road,Letterkenny,Co. Donegal",,Tuesday,False,False,False,False,,,,Donegal,Republic of Ireland,Republic of Ireland,Alcoholics Anonymous
083c249d-6f08-5e63-b5a5-ee93e5777e63,Letterkenny A Vision For You,20:30,,F92 PN81,54.9571525,-7.7136043,Church Of The Irish Martyrs,"Gortlee Road,Letterkenny,Co. Donegal",,Saturday,False,False,False,False,,,,Donegal,Republic of Ireland,Republic of Ireland,Alcoholics Anonymous
ac074bd8-a97b-5384-b92f-298e1bcf1a8d,Letterkenny Creeslough Ards,20:30,,F92 Y23R,55.1584057,-7.8636752,Ards Friary,"Creeslough,Letterkenny,Co. Donegal",,Friday,False,False,False,False,,,,Donegal,Republic of Ireland,Republic of Ireland,Alcoholics Anonymous
14d73651-2e48-5057-99ff-2531abd32ee2,Letterkenny Pearse Road AA Meeting,20:30,,F92 DE20,54.9482635,-7.7360544,Day Centre,"Oliver Plunkett Road,Letterkenny,Co. Donegal",,Wednesday,False,False,False,True,,,,Donegal,Republic of Ireland,Republic of Ireland,Alcoholics Anonymous
121ce42f-c8df-519c-92ad-7ff58a97f61a,Letterkenny Pearse Road AA Meeting,20:30,,F92 DE20,54.9482635,-7.7360544,Day Centre,"Oliver Plunkett Road,Letterkenny,Co. Donegal",,Friday,False,False,False,False,,Steps,,Donegal,Republic of Ireland,Republic of Ireland,Alcoholics Anonymous
bffaf849-3683-5d23-b4ee-aa084f362476,Letterkenny Primary Purpose Group,12:30,,F92 K060,54.9491783,-7.7324493,Letterkenny Community Centre,"Pearse Road,Letterkenny,Co. Donegal",,Monday,False,False,False,False,,,,Donegal,Republic of Ireland,Republic of Ireland,Alcoholics Anonymous
45d7a94a-9816-5986-89a3-f10b70f093ad,Letterkenny Primary Purpose Group,12:30,,F92 K060,54.9491783,-7.7324493,Letterkenny Community Centre,"Pearse Road,Letterkenny,Co. Donegal",,Tuesday,False,False,False,False,,Tradition,,Donegal,Republic of Ireland,Republic of Ireland,Alcoholics Anonymous
d9f7aac6-332b-560a-bfd1-7a1061952f81,Letterkenny Primary Purpose Group,12:30,,F92 K060,54.9491783,-7.7324493,Letterkenny Community Centre,"Pearse Road,Letterkenny,Co. Donegal",,Wednesday,False,False,False,False,,Big Book,,Donegal,Republic of Ireland,Republic of Ireland,Alcoholics Anonymous
fb18fdff-59c3-5e66-822f-cfcc0d7c99ba,Letterkenny Primary Purpose Group,12:30,,F92 K060,54.9491783,-7.7324493,Letterkenny Community Centre,"Pearse Road,Letterkenny,Co. Donegal",,Thursday,False,False,False,False,,,,Donegal,Republic of Ireland,Republic of Ireland,Alcoholics Anonymous
d63022c6-b875-5242-828f-2b1dd04c81a4,Letterkenny Primary Purpose Group,12:30,,F92 K060,54.9491783,-7.7324493,Letterkenny Community Centre,"Pearse Road,Letterkenny,Co. Donegal",,Friday,False,False,False,False,,Steps,,Donegal,Republic of Ireland,Republic of Ireland,Alcoholics Anonymous
97414196-7db7-54fc-a7f1-4ad08530eaf0,Letterkenny Primary Purpose Group,16:00,,F92 K060,54.9491783,-7.7324493,Letterkenny Community Centre,"Pearse Road,Letterkenny,Co. Donegal",,Sunday,False,False,False,False,,,,Donegal,Republic of Ireland,Republic of Ireland,Alcoholics Anonymous
8630a094-acc8-541c-8139-a4e53ab9518e,Lifford Friday Cross Border,20:00,,F93 WR22,54.8348411,-7.4910691,Lifford Conleigh Resource Centre,"Croghan Heights,Lifford,Donegal",,Friday,False,False,False,False,,,,Donegal,Republic of Ireland,Republic of Ireland,Alcoholics Anonymous
0e4e397e-f524-522f-bfac-d12528ec641c,Milford,20:30,,,55.0883927,-7.6989621,Health Centre,"Lower Main Street,Milford,Co. Donegal",,Thursday,False,False,False,True,,,Step meeting last Thursday of the month,Donegal,Republic of Ireland,Republic of Ireland,Alcoholics Anonymous
57c125de-662a-564d-a5a6-ff5a297625e1,Newtowncunningham,20:30,,F93 EH3C,54.995271,-7.5229144,Presbyterian Church Hall,"Monfad Road,Newtowncunningham,Co. Donegal",,Monday,False,False,False,False,,,,Donegal,Republic of Ireland,Republic of Ireland,Alcoholics Anonymous
fbf7ce6f-a241-597d-abae-4bbeee9c566c,Newtowncunningham,20:30,,F93 EH3C,54.995271,-7.5229144,Presbyterian Church Hall,"Monfad Road,Newtowncunningham,Co. Donegal",,Thursday,False,False,False,False,,,,Donegal,Republic of Ireland,Republic of Ireland,Alcoholics Anonymous
550d8c4c-daea-565d-bf41-61080e6e2404,Raphoe,20:30,,F93 NH0F,54.8756865,-7.5880645,Raphoe Congregational Church,"Derry Road,Magherboy,Raphoe,Donegal",,Tuesday,False,False,False,False,,,,Donegal,Republic of Ireland,Republic of Ireland,Alcoholics Anonymous
aba12a53-4539-51d6-afbe-fafa5eda6a82,Stranorlar,20:30,,F93 ET28,54.8053346,-7.774617,Finn Valley Resource Centre,"Drumboe Avenue,Stranorlar,Donegal",,Monday,False,False,False,False,,Steps,,Donegal,Republic of Ireland,Republic of Ireland,Alcoholics Anonymous
a0b3108d-d398-5ad4-8fee-2eeb813c8368,Stranorlar,20:30,,F93 ET28,54.8053346,-7.774617,Finn Valley Resource Centre,"Drumboe Avenue,Stranorlar,Donegal",,Friday,False,False,False,False,,Big Book,,Donegal,Republic of Ireland,Republic of Ireland,Alcoholics Anonymous
8e711eb6-71c9-5daf-9c65-9a93d8dee6d3,Stranorlar,12:00,,F93 ET28,54.8053346,-7.774617,Finn Valley Resource Centre,"Drumboe Avenue,Stranorlar,Donegal",,Sunday,False,False,False,False,,Big Book,,Donegal,Republic of Ireland,Republic of Ireland,Alcoholics Anonymous
c5d8bdd7-fe65-5fdc-8291-20a3550ce711,Termon,20:30,,F92 TY09,55.0501077,-7.8332942,Craoibhin,"Community Enterprise Centre,Currin,Termon,Co. Donegal",,Saturday,False,False,False,False,,,,Donegal,Republic of Ireland,Republic of Ireland,Alcoholics Anonymous
7ee94ab2-4b71-5f25-a440-3feb4881a2e8,Artane,13:00,,,53.384264,-6.2153285,Oratory Of Resurrection,"Kilmore Road,Artane,Dublin 5",,Monday,False,False,False,False,,,,Dublin,Republic of Ireland,Republic of Ireland,Alcoholics Anonymous
2ba4c0cd-6641-5a25-9d08-d8239c5ae5e1,Artane,20:30,,,53.384264,-6.2153285,Oratory Of Resurrection,"Kilmore Road,Artane,Dublin 5",,Tuesday,False,False,False,False,,Beginner,,Dublin,Republic of Ireland,Republic of Ireland,Alcoholics Anonymous
a813e089-10cc-5b7d-accb-826a689bfa15,Artane,20:30,,,53.384264,-6.2153285,Oratory Of Resurrection,"Kilmore Road,Artane,Dublin 5",,Thursday,False,False,False,False,,Steps,,Dublin,Republic of Ireland,Republic of Ireland,Alcoholics Anonymous
787a44ef-07e1-5c5b-80b9-a5c581af98cc,Ashbourne One Day At A Time Group,20:00,,A84 C2H0,53.5139086,-6.4026926,Ashbourne Health Centre,"Killegland,Ashbourne,Co. Meath",,Tuesday,False,False,False,False,,,,Dublin,Republic of Ireland,Republic of Ireland,Alcoholics Anonymous
a7d8610e-d433-55d3-b0e9-4fa042f13430,Ashbourne One Day At A Time Group,20:00,,A84 C2H0,53.5139086,-6.4026926,Ashbourne Health Centre,"Killegland,Ashbourne,Co. Meath",,Sunday,False,False,False,False,,,,Dublin,Republic of Ireland,Republic of Ireland,Alcoholics Anonymous
9e07905f-5d0d-5c6a-a3c2-ff8fc3194c78,Ashbourne Stepping Stones,13:00,,A84 NY73,53.5115783,-6.4000597,,"1St Floor,Ashbourne Civic Library,Killegland Street,Ashbourne,Co. Meath",,Tuesday,False,False,False,False,,,"Meeting is on 1st Floor of the Library. The library is closed on Bank Holiday week-ends, no meetings on Saturdays of Bank Holiday. Our zoom ID is 82550051151 Password 441919. Our phone meeting is 014373270 Password 767316, and then #. The # is important",Dublin,Republic of Ireland,Republic of Ireland,Alcoholics Anonymous
14a6d9cc-9954-57a8-b4cd-ce3458d07eb0,Ashbourne Stepping Stones,19:15,,A84 NY73,53.5115783,-6.4000597,,"1St Floor,Ashbourne Civic Library,Killegland Street,Ashbourne,Co. Meath",,Thursday,False,False,False,False,,,"Meeting is on 1st Floor of the Library. The library is closed on Bank Holiday week-ends, no meetings on Saturdays of Bank Holiday. Our zoom ID is 82550051151 Password 441919. Our phone meeting is 014373270 Password 767316, and then #. The # is important",Dublin,Republic of Ireland,Republic of Ireland,Alcoholics Anonymous
345373a2-0997-5938-81de-dd4fcc3672be,Ashbourne Stepping Stones,13:00,,A84 NY73,53.5115783,-6.4000597,,"1St Floor,Ashbourne Civic Library,Killegland Street,Ashbourne,Co. Meath",,Friday,False,False,False,False,,,"Meeting is on 1st Floor of the Library. The library is closed on Bank Holiday week-ends, no meetings on Saturdays of Bank Holiday. Our zoom ID is 82550051151 Password 441919. Our phone meeting is 014373270 Password 767316, and then #. The # is important",Dublin,Republic of Ireland,Republic of Ireland,Alcoholics Anonymous
c2f6edd5-3f94-5054-8068-f3e9da7f5194,Ashbourne Stepping Stones,10:30,,A84 NY73,53.5115783,-6.4000597,,"1St Floor,Ashbourne Civic Library,Killegland Street,Ashbourne,Co. Meath",,Saturday,False,False,False,False,,Steps,"Meeting is on 1st Floor of the Library. The library is closed on Bank Holiday week-ends, no meetings on Saturdays of Bank Holiday. Our zoom ID is 82550051151 Password 441919. Our phone meeting is 014373270 Password 767316, and then #. The # is important",Dublin,Republic of Ireland,Republic of Ireland,Alcoholics Anonymous
cd3e815f-cb90-51f1-9d36-d04e0ae7e3eb,Baldoyle,13:30,,D13 N840,53.3991649,-6.1272913,Parish Centre,"Main Street,Baldoyle,Dublin 13",,Tuesday,False,False,False,False,,,"Beside Church in the one storey building, use the brown door.",Dublin,Republic of Ireland,Republic of Ireland,Alcoholics Anonymous
280395e7-dcc3-5a81-af02-b34232ff352b,Baldoyle,20:30,,D13 N840,53.3991649,-6.1272913,Parish Centre,"Main Street,Baldoyle,Dublin 13",,Wednesday,False,False,False,False,,,"Beside Church in the one storey building, use the brown door.",Dublin,Republic of Ireland,Republic of Ireland,Alcoholics Anonymous
7e6664d3-7323-5498-b48a-147f7ec29273,Baldoyle,13:30,,D13 N840,53.3991649,-6.1272913,Parish Centre,"Main Street,Baldoyle,Dublin 13",,Saturday,False,False,False,False,,,"Beside Church in the one storey building, use the brown door.",Dublin,Republic of Ireland,Republic of Ireland,Alcoholics Anonymous
471bd366-638f-5db7-80ab-34fb7d5ea53e,Ballinteer,20:00,,D16 H6N6,53.2762626,-6.2517554,Ballinteer Health Centre,",Ballinteer Avenue,Ballinteer,Dublin 16",,Monday,False,False,False,False,,,"Zoom Meeting: ID's & Passwords
Tuesday - 407872840 - 067245
Sunday - 5251638716 Password - ballinteer",Dublin,Republic of Ireland,Republic of Ireland,Alcoholics Anonymous
191d2220-06c5-5cf9-9abe-aad09411dfc2,Ballinteer,20:00,,D16 H6N6,53.2762626,-6.2517554,Ballinteer Health Centre,",Ballinteer Avenue,Ballinteer,Dublin 16",,Tuesday,False,False,False,False,,,"Zoom Meeting: ID's & Passwords
Tuesday - 407872840 - 067245
Sunday - 5251638716 Password - ballinteer",Dublin,Republic of Ireland,Republic of Ireland,Alcoholics Anonymous
0916b0e6-cae6-50a3-aa67-74576277ec8a,Ballinteer,12:30,,D16 H6N6,53.2762626,-6.2517554,Ballinteer Health Centre,",Ballinteer Avenue,Ballinteer,Dublin 16",,Saturday,False,False,False,False,,Steps,"Zoom Meeting: ID's & Passwords
Tuesday - 407872840 - 067245
Sunday - 5251638716 Password - ballinteer",Dublin,Republic of Ireland,Republic of Ireland,Alcoholics Anonymous
2eba1eed-740b-5781-b46b-1fdcdfc644ce,Ballinteer,19:00,,D16 H6N6,53.2762626,-6.2517554,Ballinteer Health Centre,",Ballinteer Avenue,Ballinteer,Dublin 16",,Sunday,False,False,False,False,,,"Zoom Meeting: ID's & Passwords
Tuesday - 407872840 - 067245
Sunday - 5251638716 Password - ballinteer",Dublin,Republic of Ireland,Republic of Ireland,Alcoholics Anonymous
a0d82fa1-05aa-555d-b52f-fdf0d0649e24,Ballycragh AA Group,20:30,,D24 A2C5,53.2734436,-6.3459118,Holy Rosary School,"Old Court Avenue,Ballycragh,Dublin 24",,Tuesday,False,False,False,False,,,,Dublin,Republic of Ireland,Republic of Ireland,Alcoholics Anonymous
03414830-3961-5c6a-bd12-a745d413856c,Ballycragh AA Group,20:30,,D24 A2C5,53.2734436,-6.3459118,Holy Rosary School,"Old Court Avenue,Ballycragh,Dublin 24",,Thursday,False,False,False,False,,Steps,,Dublin,Republic of Ireland,Republic of Ireland,Alcoholics Anonymous
9765c8ea-b08e-569f-b1bd-2f21fb1d4fc3,Ballyfermot Harmony Group,13:00,,D10 A367,53.3423167,-6.3455958,The Resource Centre,"Lynch's Lane,Ballyfermot Road,Ballyfermot,Dublin 10",,Tuesday,False,False,False,False,,,Online Meetings - To request link to online meeting email L70@alcoholicsanonymous.ie,Dublin,Republic of Ireland,Republic of Ireland,Alcoholics Anonymous
98c55964-b914-5f31-bbfd-e474c9eddb06,Ballyfermot Harmony Group,20:00,,D10 A367,53.3423167,-6.3455958,The Resource Centre,"Lynch's Lane,Ballyfermot Road,Ballyfermot,Dublin 10",,Tuesday,False,False,False,False,,Steps,Online Meetings - To request link to online meeting email L70@alcoholicsanonymous.ie,Dublin,Republic of Ireland,Republic of Ireland,Alcoholics Anonymous
83e61a7b-3714-5025-a351-062a15cc0630,Ballyfermot Harmony Group,20:00,,D10 A367,53.3423167,-6.3455958,The Resource Centre,"Lynch's Lane,Ballyfermot Road,Ballyfermot,Dublin 10",,Wednesday,False,False,False,False,,Big Book,Online Meetings - To request link to online meeting email L70@alcoholicsanonymous.ie,Dublin,Republic of Ireland,Republic of Ireland,Alcoholics Anonymous
8cf871b1-b8e4-5dac-b4ae-106a8f1b05a7,Ballyfermot Harmony Group,19:00,,D10 A367,53.3423167,-6.3455958,The Resource Centre,"Lynch's Lane,Ballyfermot Road,Ballyfermot,Dublin 10",,Friday,False,False,False,False,,,Online Meetings - To request link to online meeting email L70@alcoholicsanonymous.ie,Dublin,Republic of Ireland,Republic of Ireland,Alcoholics Anonymous
d6c80eb4-91a9-5a13-a3a9-a449daafd59f,Ballyfermot Serenity Group,12:30,,D10 W449,53.342531,-6.3614099,Main Hall,"Civic Centre,Ballyfermot Road,Ballyfermot,Dublin 10",,Monday,False,False,False,False,,,No Monday meetings on Bank Holidays.,Dublin,Republic of Ireland,Republic of Ireland,Alcoholics Anonymous
3b9df39d-12c6-5fa7-a0aa-10efdbb0ddd7,Ballyfermot Serenity Group,12:30,,D10 W449,53.342531,-6.3614099,Main Hall,"Civic Centre,Ballyfermot Road,Ballyfermot,Dublin 10",,Friday,False,False,False,False,,,No Monday meetings on Bank Holidays.,Dublin,Republic of Ireland,Republic of Ireland,Alcoholics Anonymous
a2a56adc-d827-5f5e-9bb2-0199a1e91e50,Ballymun,11:00,,D11 X3XV,53.3956085,-6.2726907,Sillogue Neighbourhood Centre,"Marewood Court,Sillogue Road,Ballymun,Dublin 11",,Monday,False,False,False,False,,,,Dublin,Republic of Ireland,Republic of Ireland,Alcoholics Anonymous
be434b72-569f-5d33-92c2-d584a179b977,Ballymun,19:00,,D11 X3XV,53.3956085,-6.2726907,Sillogue Neighbourhood Centre,"Marewood Court,Sillogue Road,Ballymun,Dublin 11",,Wednesday,False,False,False,False,,,,Dublin,Republic of Ireland,Republic of Ireland,Alcoholics Anonymous
8312df2b-d6a7-55e7-8052-7bd8be2bf8db,Ballymun,11:00,,D11 X3XV,53.3956085,-6.2726907,Sillogue Neighbourhood Centre,"Marewood Court,Sillogue Road,Ballymun,Dublin 11",,Saturday,False,False,False,False,,,,Dublin,Republic of Ireland,Republic of Ireland,Alcoholics Anonymous
3d909e95-d6cf-5141-9ed3-305baa4f2671,Ballymun D.C.U.,19:15,,,53.3875647,-6.257764,Quiet Room,"Interfaith Centre,DCU,Collins Avenue,Ballymun,Dublin 9",,Tuesday,False,False,False,True,,,,Dublin,Republic of Ireland,Republic of Ireland,Alcoholics Anonymous
3850dadc-f0d2-51a6-905c-2a634997a5e0,Beaumont Hospital,20:30,,D09 V2N0,53.3906025,-6.2235266,Beaumont Hospital,"Room 8 Centre Of Education,Beaumont Road,Beaumont,Dublin 9",,Wednesday,False,False,False,False,,,Meeting in Room 8 centre of education,Dublin,Republic of Ireland,Republic of Ireland,Alcoholics Anonymous
00ecb7a5-ad7a-547f-9e79-278de4cca922,Blanchardstown Steps To Freedom,19:30,,D15 EY81,53.3901114,-6.4060143,Mountview / Fortlawn Community Centre,"Lohunda Downs,Blanchardstown,Dublin 15",,Thursday,False,False,False,True,,,,Dublin,Republic of Ireland,Republic of Ireland,Alcoholics Anonymous
f72ea5f9-3646-5b1f-82f5-ad7c074901ae,Cabinteely Recovery Unity & Service Group,20:00,,D18 YP96,53.2613114,-6.1503703,St. Bridgets Parish Centre,"Johnstown Road,Cabinteely,Dublin 18",,Tuesday,False,False,False,False,,Big Book,,Dublin,Republic of Ireland,Republic of Ireland,Alcoholics Anonymous
a34bf9ee-a65b-55dd-b665-3852ad4d4761,Castleknock,13:00,,D15 T3PN,53.3774515,-6.3787934,Castleknock Community Centre,"Laurel Lodge,Castleknock,Dublin 15",,Tuesday,False,False,False,False,,Big Book,"Beside Laurel Lodge Church
Zoom ID - 610 164 1935 Password - how (same login code for all meetings)",Dublin,Republic of Ireland,Republic of Ireland,Alcoholics Anonymous
a19c7b17-a384-5ae1-b7c6-0a9e07fc5abf,Castleknock,20:30,,D15 T3PN,53.3774515,-6.3787934,Castleknock Community Centre,"Laurel Lodge,Castleknock,Dublin 15",,Wednesday,False,False,False,False,,,"Beside Laurel Lodge Church
Zoom ID - 610 164 1935 Password - how (same login code for all meetings)",Dublin,Republic of Ireland,Republic of Ireland,Alcoholics Anonymous
3ac9605b-430f-50d7-89e1-4b3252b164a2,Castleknock,13:00,,D15 T3PN,53.3774515,-6.3787934,Castleknock Community Centre,"Laurel Lodge,Castleknock,Dublin 15",,Friday,False,False,False,False,,Steps,"Beside Laurel Lodge Church
Zoom ID - 610 164 1935 Password - how (same login code for all meetings)",Dublin,Republic of Ireland,Republic of Ireland,Alcoholics Anonymous
022f879a-605b-5ebb-8f42-e3edea4dd908,Churchtown Good Shepherd School,20:30,,D14 Y448,53.293642,-6.2694793,Good Shepherd National School,"Whitehall Road,Churchtown,Dublin 14",,Wednesday,False,False,False,False,,,,Dublin,Republic of Ireland,Republic of Ireland,Alcoholics Anonymous
656b23dc-8054-57cb-8d96-080c502b2e6a,Churchtown Good Shepherd School,20:30,,D14 Y448,53.293642,-6.2694793,Good Shepherd National School,"Whitehall Road,Churchtown,Dublin 14",,Friday,False,False,False,False,,,,Dublin,Republic of Ireland,Republic of Ireland,Alcoholics Anonymous
826b8ece-85de-59c0-b2b4-24812765dbb5,Clondalkin Bawnogue Group,20:00,,D22 EP20,53.3217954,-6.4108425,Tus Nua,"New Nangor Road,Clondalkin,Dublin 22",,Tuesday,False,False,False,False,,,,Dublin,Republic of Ireland,Republic of Ireland,Alcoholics Anonymous
71183487-a587-5a91-b023-51d6ad51229e,Clondalkin Bawnogue Group,19:00,,D22 EP20,53.3217954,-6.4108425,Tus Nua,"New Nangor Road,Clondalkin,Dublin 22",,Thursday,False,False,False,False,,,,Dublin,Republic of Ireland,Republic of Ireland,Alcoholics Anonymous
2c391462-d360-5f50-9f96-365fda97261e,Clonsilla,13:00,,D15 WTX8,53.3831712,-6.4100179,Lohunda  Lodge,"Clonsilla Village,Clonsilla,Dublin 15",,Monday,False,False,False,False,,,To request a link to an online meeting please send an email to L30@alcoholicsanonymous.ie,Dublin,Republic of Ireland,Republic of Ireland,Alcoholics Anonymous
551180be-a7f2-5709-9735-039bd60d1e86,Clonsilla,20:30,,D15 WTX8,53.3831712,-6.4100179,Lohunda  Lodge,"Clonsilla Village,Clonsilla,Dublin 15",,Monday,False,False,False,False,,,To request a link to an online meeting please send an email to L30@alcoholicsanonymous.ie,Dublin,Republic of Ireland,Republic of Ireland,Alcoholics Anonymous
11f6beb6-be64-5b71-9c4c-60460ad95437,Clonsilla,13:00,,D15 WTX8,53.3831712,-6.4100179,Lohunda  Lodge,"Clonsilla Village,Clonsilla,Dublin 15",,Tuesday,False,False,False,False,,,To request a link to an online meeting please send an email to L30@alcoholicsanonymous.ie,Dublin,Republic of Ireland,Republic of Ireland,Alcoholics Anonymous
3fbb6bb8-5ccb-56e7-aadc-82f20147db1e,Clonsilla,18:30,,D15 WTX8,53.3831712,-6.4100179,Lohunda  Lodge,"Clonsilla Village,Clonsilla,Dublin 15",,Tuesday,False,False,False,False,,,To request a link to an online meeting please send an email to L30@alcoholicsanonymous.ie,Dublin,Republic of Ireland,Republic of Ireland,Alcoholics Anonymous
f3bc6064-4738-5893-9935-d8d39ba322f9,Clonsilla,20:30,,D15 WTX8,53.3831712,-6.4100179,Lohunda  Lodge,"Clonsilla Village,Clonsilla,Dublin 15",,Tuesday,False,False,False,False,,,To request a link to an online meeting please send an email to L30@alcoholicsanonymous.ie,Dublin,Republic of Ireland,Republic of Ireland,Alcoholics Anonymous
66a9476b-0463-5945-9cbb-aae29f6d1a0f,Clonsilla,13:00,,D15 WTX8,53.3831712,-6.4100179,Lohunda  Lodge,"Clonsilla Village,Clonsilla,Dublin 15",,Wednesday,False,False,False,False,,,To request a link to an online meeting please send an email to L30@alcoholicsanonymous.ie,Dublin,Republic of Ireland,Republic of Ireland,Alcoholics Anonymous
0d02240e-306c-54f1-b354-5346127129e1,Clonsilla,20:30,,D15 WTX8,53.3831712,-6.4100179,Lohunda  Lodge,"Clonsilla Village,Clonsilla,Dublin 15",,Wednesday,False,False,False,False,,Beginner,To request a link to an online meeting please send an email to L30@alcoholicsanonymous.ie,Dublin,Republic of Ireland,Republic of Ireland,Alcoholics Anonymous
3438053e-e83b-52bd-af80-fc58d03bc9f3,Clonsilla,13:00,,D15 WTX8,53.3831712,-6.4100179,Lohunda  Lodge,"Clonsilla Village,Clonsilla,Dublin 15",,Thursday,False,False,False,False,,,To request a link to an online meeting please send an email to L30@alcoholicsanonymous.ie,Dublin,Republic of Ireland,Republic of Ireland,Alcoholics Anonymous
2badb744-b3b1-5ec3-a0d4-ef330ccf0633,Clonsilla,20:30,,D15 WTX8,53.3831712,-6.4100179,Lohunda  Lodge,"Clonsilla Village,Clonsilla,Dublin 15",,Thursday,False,False,False,False,,Big Book,To request a link to an online meeting please send an email to L30@alcoholicsanonymous.ie,Dublin,Republic of Ireland,Republic of Ireland,Alcoholics Anonymous
5bcfdbb3-4f8a-5bf6-be19-4f01ac29d0ce,Clonsilla,13:00,,D15 WTX8,53.3831712,-6.4100179,Lohunda  Lodge,"Clonsilla Village,Clonsilla,Dublin 15",,Friday,False,False,False,False,,,To request a link to an online meeting please send an email to L30@alcoholicsanonymous.ie,Dublin,Republic of Ireland,Republic of Ireland,Alcoholics Anonymous
79608458-c6bc-5e88-8f90-819b83751cab,Clonsilla,20:30,,D15 WTX8,53.3831712,-6.4100179,Lohunda  Lodge,"Clonsilla Village,Clonsilla,Dublin 15",,Friday,False,False,False,False,,,To request a link to an online meeting please send an email to L30@alcoholicsanonymous.ie,Dublin,Republic of Ireland,Republic of Ireland,Alcoholics Anonymous
7df03267-1a5e-5147-afb5-949e36c19d66,Clonsilla,13:00,,D15 WTX8,53.3831712,-6.4100179,Lohunda  Lodge,"Clonsilla Village,Clonsilla,Dublin 15",,Saturday,False,False,False,False,,Steps,To request a link to an online meeting please send an email to L30@alcoholicsanonymous.ie,Dublin,Republic of Ireland,Republic of Ireland,Alcoholics Anonymous
368fa4a9-a8ae-5efa-a862-0e3a7aa8f5d5,Clonsilla,17:00,,D15 WTX8,53.3831712,-6.4100179,Lohunda  Lodge,"Clonsilla Village,Clonsilla,Dublin 15",,Saturday,False,False,False,False,,,To request a link to an online meeting please send an email to L30@alcoholicsanonymous.ie,Dublin,Republic of Ireland,Republic of Ireland,Alcoholics Anonymous
1b26ca1d-9b35-5565-a0cd-4b5e1de8d2cc,Clonsilla,20:30,,D15 WTX8,53.3831712,-6.4100179,Lohunda  Lodge,"Clonsilla Village,Clonsilla,Dublin 15",,Saturday,False,False,False,False,,,To request a link to an online meeting please send an email to L30@alcoholicsanonymous.ie,Dublin,Republic of Ireland,Republic of Ireland,Alcoholics Anonymous
e2f37222-8546-547e-b47f-6d1925957be8,Clonsilla,10:00,,D15 WTX8,53.3831712,-6.4100179,Lohunda  Lodge,"Clonsilla Village,Clonsilla,Dublin 15",,Sunday,False,False,False,False,,,To request a link to an online meeting please send an email to L30@alcoholicsanonymous.ie,Dublin,Republic of Ireland,Republic of Ireland,Alcoholics Anonymous
eb214151-c6d0-59c3-88c2-57e852162d4a,Clonsilla,11:30,,D15 WTX8,53.3831712,-6.4100179,Lohunda  Lodge,"Clonsilla Village,Clonsilla,Dublin 15",,Sunday,False,False,False,False,,,To request a link to an online meeting please send an email to L30@alcoholicsanonymous.ie,Dublin,Republic of Ireland,Republic of Ireland,Alcoholics Anonymous
79592a70-7479-5442-aeda-b298208108b6,Clonsilla,18:00,,D15 WTX8,53.3831712,-6.4100179,Lohunda  Lodge,"Clonsilla Village,Clonsilla,Dublin 15",,Sunday,False,False,False,False,,Big Book,To request a link to an online meeting please send an email to L30@alcoholicsanonymous.ie,Dublin,Republic of Ireland,Republic of Ireland,Alcoholics Anonymous
6ee7e51b-e8ad-57e6-9d45-47410dd9b922,Clontarf Hospital,12:00,,D03 Y9T7,53.3653167,-6.2147282,Clontarf Hospital,"Blackheath Park,Clontarf,Dublin",,Sunday,False,False,False,False,,,,Dublin,Republic of Ireland,Republic of Ireland,Alcoholics Anonymous
08014536-f83e-57f5-ab53-a59264e6af26,Corduff There Is A Solution,11:00,,D15 X383,53.399377,-6.3777327,Corduff Community Centre,"Blackcourt Road,Corduff,Dublin 15",,Saturday,False,False,False,True,,,"Open Meetings - both Online and Physical
To request link to online meeting email L308@alcoholicsanonymous.ie",Dublin,Republic of Ireland,Republic of Ireland,Alcoholics Anonymous
4b6fec0e-8b11-5c72-acdf-a947b30b3ff2,Donabate,20:30,,K36 RF76,53.4861295,-6.1490707,Donabate Parish Hall,"Main Street,Donabate,Co. Dublin",,Thursday,False,False,False,False,,,,Dublin,Republic of Ireland,Republic of Ireland,Alcoholics Anonymous
1bc7dea5-eaca-5443-aff2-b6beb1eb5741,Donnycarney,11:30,,D05 XE22,53.3750114,-6.2164124,Donnycarney / Beaumont Local Car Centre,"St Johns Court,Malahide Road,Donnycarney,Dublin 5",,Sunday,False,False,False,False,,,,Dublin,Republic of Ireland,Republic of Ireland,Alcoholics Anonymous
af50ad53-7e54-5dcc-873f-8e5b831b8f6d,Dublin City Aungier Street Back To Basics,20:00,,D02 T258,53.3401524,-6.2659528,Carmelite Community Centre,"Aungier Street,Dublin City,Dublin 2",,Monday,False,False,False,False,,Big Book,,Dublin,Republic of Ireland,Republic of Ireland,Alcoholics Anonymous
bf2db7ce-dfd9-58a0-a8a8-697373067dc2,Dublin City Clarendon Street Group,11:45,,D02 XD26,53.3423729,-6.2608798,St. Teresa's Church,"Clarendon Street,Dublin City,Dublin 2",,Monday,False,False,False,False,,Beginner,"To request link to online meeting email L426@alcoholicsanonymous.ie.  
***Behind Brown Thomas. *** 
***Entry over Priory Coffee Shop.***
  
No meetings on Bank Holidays",Dublin,Republic of Ireland,Republic of Ireland,Alcoholics Anonymous
7622fc0d-eeae-5644-89b9-8b873e5db50f,Dublin City Clarendon Street Group,11:45,,D02 XD26,53.3423729,-6.2608798,St. Teresa's Church,"Clarendon Street,Dublin City,Dublin 2",,Tuesday,False,False,False,False,,Big Book,"To request link to online meeting email L426@alcoholicsanonymous.ie.  
***Behind Brown Thomas. *** 
***Entry over Priory Coffee Shop.***
  
No meetings on Bank Holidays",Dublin,Republic of Ireland,Republic of Ireland,Alcoholics Anonymous
fc4af8dc-c894-5f3b-95bb-f4943313c075,Dublin City Clarendon Street Group,11:45,,D02 XD26,53.3423729,-6.2608798,St. Teresa's Church,"Clarendon Street,Dublin City,Dublin 2",,Wednesday,False,False,False,False,,,"To request link to online meeting email L426@alcoholicsanonymous.ie.  
***Behind Brown Thomas. *** 
***Entry over Priory Coffee Shop.***
  
No meetings on Bank Holidays",Dublin,Republic of Ireland,Republic of Ireland,Alcoholics Anonymous
6bf4cedc-fdd9-55d7-85eb-e85d826f14cf,Dublin City Clarendon Street Group,11:45,,D02 XD26,53.3423729,-6.2608798,St. Teresa's Church,"Clarendon Street,Dublin City,Dublin 2",,Thursday,False,False,False,False,,Steps,"To request link to online meeting email L426@alcoholicsanonymous.ie.  
***Behind Brown Thomas. *** 
***Entry over Priory Coffee Shop.***
  
No meetings on Bank Holidays",Dublin,Republic of Ireland,Republic of Ireland,Alcoholics Anonymous
7b9476f4-da80-5567-aa34-f4127acdff78,Dublin City Clarendon Street Group,11:45,,D02 XD26,53.3423729,-6.2608798,St. Teresa's Church,"Clarendon Street,Dublin City,Dublin 2",,Friday,False,False,False,False,,Big Book,"To request link to online meeting email L426@alcoholicsanonymous.ie.  
***Behind Brown Thomas. *** 
***Entry over Priory Coffee Shop.***
  
No meetings on Bank Holidays",Dublin,Republic of Ireland,Republic of Ireland,Alcoholics Anonymous
6e8b74a8-0356-5586-be84-ab1f84cc52ff,Dublin City Clarendon Street Group,11:45,,D02 XD26,53.3423729,-6.2608798,St. Teresa's Church,"Clarendon Street,Dublin City,Dublin 2",,Saturday,False,False,False,True,,,"To request link to online meeting email L426@alcoholicsanonymous.ie.  
***Behind Brown Thomas. *** 
***Entry over Priory Coffee Shop.***
  
No meetings on Bank Holidays",Dublin,Republic of Ireland,Republic of Ireland,Alcoholics Anonymous
d2d1bec2-cc5e-5338-a9bf-f4175a001177,Dublin City Dorset Street The Priory,20:30,,D01 A4E4,53.3533527,-6.2672213,St Saviour's Priory,"9 - 11 Dorset Street Upper,Dublin City,Dublin 1",,Tuesday,False,False,False,False,,,Meeting in the Basement Down Stairs from Street,Dublin,Republic of Ireland,Republic of Ireland,Alcoholics Anonymous
4130264e-19ee-5c55-aac8-c06528f6e915,Dublin City Dorset Street The Priory,18:30,,D01 A4E4,53.3533527,-6.2672213,St Saviour's Priory,"9 - 11 Dorset Street Upper,Dublin City,Dublin 1",,Sunday,False,False,False,False,,,Meeting in the Basement Down Stairs from Street,Dublin,Republic of Ireland,Republic of Ireland,Alcoholics Anonymous
e90debd7-7192-5478-9115-db8678fcc75b,Dublin City Downtown Group,13:00,,D01 V2A0,53.3546124,-6.2639752,Abbey Presbyterian Church,"Parnell Square North,Dublin City,Dublin 1",,Monday,False,False,False,False,,Big Book,,Dublin,Republic of Ireland,Republic of Ireland,Alcoholics Anonymous
9914fd0e-6e34-5a6f-bd5d-a558f8c0b0d1,Dublin City Downtown Group,13:00,,D01 V2A0,53.3546124,-6.2639752,Abbey Presbyterian Church,"Parnell Square North,Dublin City,Dublin 1",,Wednesday,False,False,False,False,,,,Dublin,Republic of Ireland,Republic of Ireland,Alcoholics Anonymous
e2fef2aa-ed46-5c0f-96ac-ae99426c1f01,Dublin City Downtown Group,13:00,,D01 V2A0,53.3546124,-6.2639752,Abbey Presbyterian Church,"Parnell Square North,Dublin City,Dublin 1",,Thursday,False,False,False,False,,Steps,,Dublin,Republic of Ireland,Republic of Ireland,Alcoholics Anonymous
bc7140f1-e609-52aa-a250-8e4558828b8f,Dublin City Downtown Group,11:00,,D01 V2A0,53.3546124,-6.2639752,Abbey Presbyterian Church,"Parnell Square North,Dublin City,Dublin 1",,Saturday,False,False,False,False,,,,Dublin,Republic of Ireland,Republic of Ireland,Alcoholics Anonymous
0c994234-4236-5797-9d00-f98d690d9023,Dublin City Ely House,18:00,,D02 P028,53.3375326,-6.2538244,Ely House,"8 Ely Place,Dublin City",,Friday,False,False,False,False,,Big Book,,Dublin,Republic of Ireland,Republic of Ireland,Alcoholics Anonymous
096b9f8e-6460-55f6-9e73-57f856d9d90e,Dublin City Findlaters,19:30,,D01 V2A0,53.3546124,-6.2639752,Abbey Presbyterian Church,"Parnell Square North,Dublin City,Dublin 1",,Monday,False,False,False,False,,,Entrance on North Fredricks Street. Closed on Bank Holiday Mondays.,Dublin,Republic of Ireland,Republic of Ireland,Alcoholics Anonymous
a2a52c03-d277-5c99-9bc8-d0d1159bf221,Dublin City Findlaters,19:30,,D01 V2A0,53.3546124,-6.2639752,Abbey Presbyterian Church,"Parnell Square North,Dublin City,Dublin 1",,Thursday,False,False,False,False,,,Entrance on North Fredricks Street. Closed on Bank Holiday Mondays.,Dublin,Republic of Ireland,Republic of Ireland,Alcoholics Anonymous
60744b8e-7641-5df8-a34c-3bd4c42075b4,Dublin City Lower Gardiner Street New Hope,13:00,,D01 KC83,53.3510323,-6.2549479,Teach Mhuire,"38-39 Lower Gardiner Street,Dublin City",,Wednesday,False,False,False,False,,,,Dublin,Republic of Ireland,Republic of Ireland,Alcoholics Anonymous
fee56664-6e8d-506b-8c19-7bb45df97c57,Dublin City Lower Gardiner Street New Hope,19:00,,D01 KC83,53.3510323,-6.2549479,Teach Mhuire,"38-39 Lower Gardiner Street,Dublin City",,Thursday,False,False,False,False,,,,Dublin,Republic of Ireland,Republic of Ireland,Alcoholics Anonymous
ce419d23-56b9-507d-9dcf-8a342206a8ca,Dublin City Od Nowa,19:30,,,53.3435561,-6.2736867,St. Audeons Church,"High Street,Dublin City,Dublin 8",,Monday,False,False,False,True,,Steps & Tradition,"Polish spoken at this meeting.
First Monday of month is an Open meeting",Dublin,Republic of Ireland,Republic of Ireland,Alcoholics Anonymous
8c318393-e57e-50b2-8d4a-dc54383ccb2f,Dublin City Sherrard Street Unity Group,13:00,,D01 X6A0,53.3587286,-6.2594524,,"26 Upper Sherrard Street,Dublin City,Dublin 1",,Monday,False,False,False,False,,,Russian Language is spoken at Saturday 10:30 am & Sunday 13.30 meetings.,Dublin,Republic of Ireland,Republic of Ireland,Alcoholics Anonymous
eba249fb-7c55-5921-a643-8fe0144ccb88,Dublin City Sherrard Street Unity Group,18:30,,D01 X6A0,53.3587286,-6.2594524,,"26 Upper Sherrard Street,Dublin City,Dublin 1",,Monday,False,False,False,False,,,Russian Language is spoken at Saturday 10:30 am & Sunday 13.30 meetings.,Dublin,Republic of Ireland,Republic of Ireland,Alcoholics Anonymous
d3c0e65a-66d8-5bfd-96d6-0b50e2626722,Dublin City Sherrard Street Unity Group,13:00,,D01 X6A0,53.3587286,-6.2594524,,"26 Upper Sherrard Street,Dublin City,Dublin 1",,Tuesday,False,False,False,False,,,Russian Language is spoken at Saturday 10:30 am & Sunday 13.30 meetings.,Dublin,Republic of Ireland,Republic of Ireland,Alcoholics Anonymous
4f8e6f90-7c65-5e4b-900f-b51e59a345ef,Dublin City Sherrard Street Unity Group,18:30,,D01 X6A0,53.3587286,-6.2594524,,"26 Upper Sherrard Street,Dublin City,Dublin 1",,Tuesday,False,False,False,False,,,Russian Language is spoken at Saturday 10:30 am & Sunday 13.30 meetings.,Dublin,Republic of Ireland,Republic of Ireland,Alcoholics Anonymous
cdb2eb66-5a3f-5496-8d22-805cccb701ce,Dublin City Sherrard Street Unity Group,11:30,,D01 X6A0,53.3587286,-6.2594524,,"26 Upper Sherrard Street,Dublin City,Dublin 1",,Wednesday,False,False,False,False,,,Russian Language is spoken at Saturday 10:30 am & Sunday 13.30 meetings.,Dublin,Republic of Ireland,Republic of Ireland,Alcoholics Anonymous
946899ff-5e99-5a55-a3f5-51008fadf2cb,Dublin City Sherrard Street Unity Group,13:00,,D01 X6A0,53.3587286,-6.2594524,,"26 Upper Sherrard Street,Dublin City,Dublin 1",,Wednesday,False,False,False,False,,,Russian Language is spoken at Saturday 10:30 am & Sunday 13.30 meetings.,Dublin,Republic of Ireland,Republic of Ireland,Alcoholics Anonymous
6703d296-6406-52b8-be2b-dbb4d907ded2,Dublin City Sherrard Street Unity Group,18:30,,D01 X6A0,53.3587286,-6.2594524,,"26 Upper Sherrard Street,Dublin City,Dublin 1",,Wednesday,False,False,False,False,,,Russian Language is spoken at Saturday 10:30 am & Sunday 13.30 meetings.,Dublin,Republic of Ireland,Republic of Ireland,Alcoholics Anonymous
06676295-4960-5a77-a8fc-c9c43964b025,Dublin City Sherrard Street Unity Group,20:30,,D01 X6A0,53.3587286,-6.2594524,,"26 Upper Sherrard Street,Dublin City,Dublin 1",,Wednesday,False,False,False,False,,,Russian Language is spoken at Saturday 10:30 am & Sunday 13.30 meetings.,Dublin,Republic of Ireland,Republic of Ireland,Alcoholics Anonymous
999aeff5-0688-5750-841f-dc1aff171c90,Dublin City Sherrard Street Unity Group,13:00,,D01 X6A0,53.3587286,-6.2594524,,"26 Upper Sherrard Street,Dublin City,Dublin 1",,Thursday,False,False,False,False,,,Russian Language is spoken at Saturday 10:30 am & Sunday 13.30 meetings.,Dublin,Republic of Ireland,Republic of Ireland,Alcoholics Anonymous
dc6e4b40-c5f2-5c0a-b2e1-bee8126be50e,Dublin City Sherrard Street Unity Group,18:30,,D01 X6A0,53.3587286,-6.2594524,,"26 Upper Sherrard Street,Dublin City,Dublin 1",,Thursday,False,False,False,False,,,Russian Language is spoken at Saturday 10:30 am & Sunday 13.30 meetings.,Dublin,Republic of Ireland,Republic of Ireland,Alcoholics Anonymous
0ec8bdd0-203f-57af-9b0f-40da7fcf32fb,Dublin City Sherrard Street Unity Group,20:30,,D01 X6A0,53.3587286,-6.2594524,,"26 Upper Sherrard Street,Dublin City,Dublin 1",,Thursday,False,False,False,False,,,Russian Language is spoken at Saturday 10:30 am & Sunday 13.30 meetings.,Dublin,Republic of Ireland,Republic of Ireland,Alcoholics Anonymous
1b6aa3f9-f9da-5ecc-a309-2f032adb81a4,Dublin City Sherrard Street Unity Group,13:00,,D01 X6A0,53.3587286,-6.2594524,,"26 Upper Sherrard Street,Dublin City,Dublin 1",,Friday,False,False,False,False,,,Russian Language is spoken at Saturday 10:30 am & Sunday 13.30 meetings.,Dublin,Republic of Ireland,Republic of Ireland,Alcoholics Anonymous
ecbb4c4b-2e8e-57b3-8d53-f22aaf1cd320,Dublin City Sherrard Street Unity Group,18:30,,D01 X6A0,53.3587286,-6.2594524,,"26 Upper Sherrard Street,Dublin City,Dublin 1",,Friday,False,False,False,False,,,Russian Language is spoken at Saturday 10:30 am & Sunday 13.30 meetings.,Dublin,Republic of Ireland,Republic of Ireland,Alcoholics Anonymous
7588aa1c-7104-5008-8501-81089550ee15,Dublin City Sherrard Street Unity Group,20:30,,D01 X6A0,53.3587286,-6.2594524,,"26 Upper Sherrard Street,Dublin City,Dublin 1",,Friday,False,False,False,False,,,Russian Language is spoken at Saturday 10:30 am & Sunday 13.30 meetings.,Dublin,Republic of Ireland,Republic of Ireland,Alcoholics Anonymous
463a9f12-9705-5fed-8a27-bd25de5366db,Dublin City Sherrard Street Unity Group,10:30,,D01 X6A0,53.3587286,-6.2594524,,"26 Upper Sherrard Street,Dublin City,Dublin 1",,Saturday,False,False,False,False,,,Russian Language is spoken at Saturday 10:30 am & Sunday 13.30 meetings.,Dublin,Republic of Ireland,Republic of Ireland,Alcoholics Anonymous
fb152cad-1e18-5499-b79c-048f72156ec4,Dublin City Sherrard Street Unity Group,12:00,,D01 X6A0,53.3587286,-6.2594524,,"26 Upper Sherrard Street,Dublin City,Dublin 1",,Saturday,False,False,False,False,,,Russian Language is spoken at Saturday 10:30 am & Sunday 13.30 meetings.,Dublin,Republic of Ireland,Republic of Ireland,Alcoholics Anonymous
2b7d1a27-b4e6-58a0-b48d-787b2ee17150,Dublin City Sherrard Street Unity Group,18:00,,D01 X6A0,53.3587286,-6.2594524,,"26 Upper Sherrard Street,Dublin City,Dublin 1",,Saturday,False,False,False,False,,Steps,Russian Language is spoken at Saturday 10:30 am & Sunday 13.30 meetings.,Dublin,Republic of Ireland,Republic of Ireland,Alcoholics Anonymous
ca6c997e-9610-533c-a389-6b127bffe312,Dublin City Sherrard Street Unity Group,20:30,,D01 X6A0,53.3587286,-6.2594524,,"26 Upper Sherrard Street,Dublin City,Dublin 1",,Saturday,False,False,False,False,,,Russian Language is spoken at Saturday 10:30 am & Sunday 13.30 meetings.,Dublin,Republic of Ireland,Republic of Ireland,Alcoholics Anonymous
c323808b-31cd-535b-b73d-8bbf89ffeecf,Dublin City Sherrard Street Unity Group,12:00,,D01 X6A0,53.3587286,-6.2594524,,"26 Upper Sherrard Street,Dublin City,Dublin 1",,Sunday,False,False,False,False,,,Russian Language is spoken at Saturday 10:30 am & Sunday 13.30 meetings.,Dublin,Republic of Ireland,Republic of Ireland,Alcoholics Anonymous
e051bc80-5d90-544d-a0a9-8fef9c31e34a,Dublin City Sherrard Street Unity Group,13:30,,D01 X6A0,53.3587286,-6.2594524,,"26 Upper Sherrard Street,Dublin City,Dublin 1",,Sunday,False,False,False,False,,,Russian Language is spoken at Saturday 10:30 am & Sunday 13.30 meetings.,Dublin,Republic of Ireland,Republic of Ireland,Alcoholics Anonymous
23f7c65e-13ea-5e23-9753-c893216fe841,Dublin City Sherrard Street Unity Group,18:00,,D01 X6A0,53.3587286,-6.2594524,,"26 Upper Sherrard Street,Dublin City,Dublin 1",,Sunday,False,False,False,False,,,Russian Language is spoken at Saturday 10:30 am & Sunday 13.30 meetings.,Dublin,Republic of Ireland,Republic of Ireland,Alcoholics Anonymous
ac84dbf4-3979-5dcf-9e11-79d480d8da92,Dublin City Sherrard Street Unity Group,20:30,,D01 X6A0,53.3587286,-6.2594524,,"26 Upper Sherrard Street,Dublin City,Dublin 1",,Sunday,False,False,False,False,,,Russian Language is spoken at Saturday 10:30 am & Sunday 13.30 meetings.,Dublin,Republic of Ireland,Republic of Ireland,Alcoholics Anonymous
15512c94-28d5-5984-8900-524ac8a0cc98,Dublin City Wellington Street AA,20:30,,D07 FDN8,53.3562553,-6.2688074,Crosscare,"24 - 26 Wellington Street Upper,Dublin City,Dublin 7",,Wednesday,False,False,False,False,,,,Dublin,Republic of Ireland,Republic of Ireland,Alcoholics Anonymous
3cfe18d0-dc84-58ce-aba5-fe15756feeb4,Dun Laoghaire Tivoli,20:30,,A96 57X8,53.2907602,-6.1359008,The Methodist Church Hall,"Northumberland Avenue,Dun Laoghaire,Co. Dublin",,Saturday,False,False,False,False,,,,Dublin,Republic of Ireland,Republic of Ireland,Alcoholics Anonymous
0a7b384f-c93e-5ebd-8531-32038622f8a0,Dundrum Don Marmion,13:00,,D16 FD96,53.2881331,-6.2401263,Dom Marmion Centre,"Sandyford Road,Dundrum,Dublin 14",,Monday,False,False,False,False,,,,Dublin,Republic of Ireland,Republic of Ireland,Alcoholics Anonymous
cccb2c68-c728-51a6-9238-acab36728eb2,Dundrum Don Marmion,13:00,,D16 FD96,53.2881331,-6.2401263,Dom Marmion Centre,"Sandyford Road,Dundrum,Dublin 14",,Thursday,False,False,False,False,,,,Dublin,Republic of Ireland,Republic of Ireland,Alcoholics Anonymous
73b08c68-1aa6-5aff-ad37-2030dcd76166,Fairview Vincent’S Group,19:30,,D03 E165,53.363244,-6.2392921,Our Lady's Hall,"Fairview,Dublin3",,Wednesday,False,False,False,False,,,"Behind the Church 
Corner of  Fairview Strand and Phillipsburgh Avenue. 
Ring bell on the left of the door
Zoom Meeting
To request link to online meeting email 
L41@alcoholicsanonymous.ie
NO Meeting Available on Church Holidays eg. Good Friday",Dublin,Republic of Ireland,Republic of Ireland,Alcoholics Anonymous
361ac1f1-9d17-5637-894b-fef022e1780d,Fairview Vincent’S Group,19:30,,D03 E165,53.363244,-6.2392921,Our Lady's Hall,"Fairview,Dublin3",,Friday,False,False,False,False,,,"Behind the Church 
Corner of  Fairview Strand and Phillipsburgh Avenue. 
Ring bell on the left of the door
Zoom Meeting
To request link to online meeting email 
L41@alcoholicsanonymous.ie
NO Meeting Available on Church Holidays eg. Good Friday",Dublin,Republic of Ireland,Republic of Ireland,Alcoholics Anonymous
e3a0d932-9c7c-5e2c-ae09-0be7d13c2f53,Finglas St Helena’S Group,20:30,,D11 YP92,53.3828635,-6.3007518,St. Helena's Resource Centre,"St. Helena's Road,Finglas,Dublin 11",,Monday,False,False,False,False,,,On Bank Holiday Mondays the 20:30 meeting is held in WFTA.,Dublin,Republic of Ireland,Republic of Ireland,Alcoholics Anonymous
01aad3c8-0454-5d9e-b6b2-3d03c92a1d33,Finglas St Helena’S Group,20:30,,D11 YP92,53.3828635,-6.3007518,St. Helena's Resource Centre,"St. Helena's Road,Finglas,Dublin 11",,Tuesday,False,False,False,False,,,On Bank Holiday Mondays the 20:30 meeting is held in WFTA.,Dublin,Republic of Ireland,Republic of Ireland,Alcoholics Anonymous
ea542fd6-7a7e-5fad-b4ae-e41395eafa9e,Finglas St Helena’S Group,20:30,,D11 YP92,53.3828635,-6.3007518,St. Helena's Resource Centre,"St. Helena's Road,Finglas,Dublin 11",,Wednesday,False,False,False,False,,,On Bank Holiday Mondays the 20:30 meeting is held in WFTA.,Dublin,Republic of Ireland,Republic of Ireland,Alcoholics Anonymous
d0c23ac7-3374-5b3d-8894-3be3e33bba9b,Finglas St Helena’S Group,20:30,,D11 YP92,53.3828635,-6.3007518,St. Helena's Resource Centre,"St. Helena's Road,Finglas,Dublin 11",,Thursday,False,False,False,False,,,On Bank Holiday Mondays the 20:30 meeting is held in WFTA.,Dublin,Republic of Ireland,Republic of Ireland,Alcoholics Anonymous
67f763f6-b6e3-5d53-b467-9e1dc0fd4fc0,Finglas St Helena’S Group,20:30,,D11 YP92,53.3828635,-6.3007518,St. Helena's Resource Centre,"St. Helena's Road,Finglas,Dublin 11",,Friday,False,False,False,False,,Steps,On Bank Holiday Mondays the 20:30 meeting is held in WFTA.,Dublin,Republic of Ireland,Republic of Ireland,Alcoholics Anonymous
52b63d06-577d-5aa6-be54-14c44fe5ac72,Finglas St Helena’S Group,18:00,,D11 CVH6,53.3903944,-6.3112,WEFTA,"Mellows Road,,Finglas,Dublin",,Saturday,False,False,False,False,,,Bank Holiday Mondays at 20:30,Dublin,Republic of Ireland,Republic of Ireland,Alcoholics Anonymous
05b9eb72-24ab-58c2-b9a5-cdeb43c4428f,Foxrock Women’S Meeting,13:00,,D18 V304,53.274486,-6.1735956,Foxrock Parish,"Pastoral Centre,Kill Lane,Foxrock,Dublin 18",,Tuesday,False,False,False,True,,,To request link to online meeting email L434@alcoholicsanonymous.ie,Dublin,Republic of Ireland,Republic of Ireland,Alcoholics Anonymous
cf9edc67-c604-57a1-85bd-ac3153422d6d,Glasthule Group,20:30,,A96 FW66,53.2878404,-6.1249344,Parish Centre,"St. Joseph's Church,Summerhill Road,Glasthule,Co. Dublin",,Thursday,False,False,False,False,,,"Tradition meeting 1st Thurs of every month.
The meeting is at the rear of the church left side as you walk in",Dublin,Republic of Ireland,Republic of Ireland,Alcoholics Anonymous
d9554e37-2a48-5f4a-bb46-ef69137b4c55,Inchicore St. Michaels Bulfin Road,11:00,,D08 YR89,53.3399373,-6.3151667,De Mazenod Centre,"52A Bulfin Road,Inchicore,Dublin 8",,Saturday,False,False,False,False,,,,Dublin,Republic of Ireland,Republic of Ireland,Alcoholics Anonymous
052020de-70ce-539f-9cfb-7ae5f596c0c3,Inchicore St. Michaels Bulfin Road,19:00,,D08 YR89,53.3399373,-6.3151667,De Mazenod Centre,"52A Bulfin Road,Inchicore,Dublin 8",,Sunday,False,False,False,False,,Steps,,Dublin,Republic of Ireland,Republic of Ireland,Alcoholics Anonymous
3a3de880-c2ec-5230-b7f8-eb86b9db8b02,Lusk Back To Basics,13:00,,K45 TY26,53.5297633,-6.170615,Lusk Parish Centre,"Chapel Road,Lusk,Co. Dublin",,Monday,False,False,False,False,,,Upstairs in Parish Hall,Dublin,Republic of Ireland,Republic of Ireland,Alcoholics Anonymous
d2296f16-f70a-5afc-a603-e0a5765f45d5,Lusk Back To Basics,18:00,,K45 TY26,53.5297633,-6.170615,Lusk Parish Centre,"Chapel Road,Lusk,Co. Dublin",,Friday,False,False,False,False,,,Upstairs in Parish Hall,Dublin,Republic of Ireland,Republic of Ireland,Alcoholics Anonymous
e2e21e87-27d6-5686-861f-eb11510873e9,Malahide,20:30,,K36 RY76,53.4508522,-6.155235,Parish Hall,"St. Sylvesters Church,Old Street,Malahide,Co. Dublin",,Saturday,False,False,False,False,,,,Dublin,Republic of Ireland,Republic of Ireland,Alcoholics Anonymous
f810a1e5-faf5-5489-ab31-e3c01e8e634c,Monkstown First Group,13:00,,A96 F6T0,53.2854561,-6.1334106,DEC Church,"Glenageary Road Lower,Dun Laoghaire,Co. Dublin",,Monday,False,False,False,False,,,,Dublin,Republic of Ireland,Republic of Ireland,Alcoholics Anonymous
6bd9242f-78cd-5693-baa2-b1dc75204118,Monkstown First Group,18:30,,A96 F6T0,53.2854561,-6.1334106,DEC Church,"Glenageary Road Lower,Dun Laoghaire,Co. Dublin",,Monday,False,False,False,False,,,,Dublin,Republic of Ireland,Republic of Ireland,Alcoholics Anonymous
2bd00edd-cc76-59ce-9ed4-107cb7badd1a,Monkstown First Group,13:00,,A96 F6T0,53.2854561,-6.1334106,DEC Church,"Glenageary Road Lower,Dun Laoghaire,Co. Dublin",,Tuesday,False,False,False,False,,,,Dublin,Republic of Ireland,Republic of Ireland,Alcoholics Anonymous
36c90266-2bb5-56df-826c-26a3fd74c580,Monkstown First Group,18:30,,A96 F6T0,53.2854561,-6.1334106,DEC Church,"Glenageary Road Lower,Dun Laoghaire,Co. Dublin",,Tuesday,False,False,False,False,,,,Dublin,Republic of Ireland,Republic of Ireland,Alcoholics Anonymous
9f03905a-e56a-5341-b350-86bccb6c210a,Monkstown First Group,13:00,,A96 F6T0,53.2854561,-6.1334106,DEC Church,"Glenageary Road Lower,Dun Laoghaire,Co. Dublin",,Wednesday,False,False,False,False,,,,Dublin,Republic of Ireland,Republic of Ireland,Alcoholics Anonymous
a60b6a16-75b6-5389-852a-13d96e9dd318,Monkstown First Group,18:30,,A96 F6T0,53.2854561,-6.1334106,DEC Church,"Glenageary Road Lower,Dun Laoghaire,Co. Dublin",,Wednesday,False,False,False,False,,,,Dublin,Republic of Ireland,Republic of Ireland,Alcoholics Anonymous
56896ad8-0e87-59aa-b0a1-22c53a490e71,Monkstown First Group,13:00,,A96 F6T0,53.2854561,-6.1334106,DEC Church,"Glenageary Road Lower,Dun Laoghaire,Co. Dublin",,Thursday,False,False,False,False,,,,Dublin,Republic of Ireland,Republic of Ireland,Alcoholics Anonymous
ce370099-6eb3-58c6-a650-b835a44540c2,Monkstown First Group,18:30,,A96 F6T0,53.2854561,-6.1334106,DEC Church,"Glenageary Road Lower,Dun Laoghaire,Co. Dublin",,Thursday,False,False,False,False,,,,Dublin,Republic of Ireland,Republic of Ireland,Alcoholics Anonymous
d811c4c5-2fd4-5ed9-b5ad-8a8045c7c128,Monkstown First Group,13:00,,A96 F6T0,53.2854561,-6.1334106,DEC Church,"Glenageary Road Lower,Dun Laoghaire,Co. Dublin",,Friday,False,False,False,False,,,,Dublin,Republic of Ireland,Republic of Ireland,Alcoholics Anonymous
dcb953c9-efd9-598b-92b2-62286b515b64,Monkstown First Group,18:30,,A96 F6T0,53.2854561,-6.1334106,DEC Church,"Glenageary Road Lower,Dun Laoghaire,Co. Dublin",,Friday,False,False,False,False,,,,Dublin,Republic of Ireland,Republic of Ireland,Alcoholics Anonymous
d8ee2674-ad5c-540d-855c-78a2cde7593e,Monkstown First Group,09:00,,A96 F6T0,53.2854561,-6.1334106,DEC Church,"Glenageary Road Lower,Dun Laoghaire,Co. Dublin",,Saturday,False,False,False,False,,,,Dublin,Republic of Ireland,Republic of Ireland,Alcoholics Anonymous
e1182a55-14bc-5ea1-aa9a-f65d8bdb6713,Monkstown First Group,11:00,,A96 F6T0,53.2854561,-6.1334106,DEC Church,"Glenageary Road Lower,Dun Laoghaire,Co. Dublin",,Saturday,False,False,False,False,,,,Dublin,Republic of Ireland,Republic of Ireland,Alcoholics Anonymous
a4abbb4c-576f-5cc6-bdfd-2b5c0bfa0a16,Monkstown First Group,17:30,,A96 F6T0,53.2854561,-6.1334106,DEC Church,"Glenageary Road Lower,Dun Laoghaire,Co. Dublin",,Sunday,False,False,False,False,,,,Dublin,Republic of Ireland,Republic of Ireland,Alcoholics Anonymous
c46c9341-3fbb-5cce-8a7d-cbc9c4fd4146,Monkstown Homecomers,20:30,,,53.292968,-6.1495742,Quaker Hall,"Packenham Road,Monkstown,Co. Dublin",,Monday,False,False,False,False,,,,Dublin,Republic of Ireland,Republic of Ireland,Alcoholics Anonymous
fa13bb83-c022-5f3b-b9ef-52add37e63b6,Monkstown Homecomers,20:30,,,53.292968,-6.1495742,Quaker Hall,"Packenham Road,Monkstown,Co. Dublin",,Tuesday,False,False,False,False,,,,Dublin,Republic of Ireland,Republic of Ireland,Alcoholics Anonymous
3f3b54a1-a654-59b1-93ca-82a427ef841c,Monkstown Homecomers,18:30,,,53.292968,-6.1495742,Quaker Hall,"Packenham Road,Monkstown,Co. Dublin",,Saturday,False,False,False,False,,,,Dublin,Republic of Ireland,Republic of Ireland,Alcoholics Anonymous
ac910e39-5fd9-50b7-bf84-2bf2b454ddc3,Mount Argus Lower Kimmage,20:30,,D6W C425,53.3192733,-6.2912168,Mount Argus Community Centre,"179 Lower Kimmage Road,Kimmage,Dublin 6W",,Wednesday,False,False,False,False,,,,Dublin,Republic of Ireland,Republic of Ireland,Alcoholics Anonymous
1668d9c5-1df8-5131-907e-827896f8e27d,Mount Argus Lower Kimmage,11:30,,D6W C425,53.3192733,-6.2912168,Mount Argus Community Centre,"179 Lower Kimmage Road,Kimmage,Dublin 6W",,Sunday,False,False,False,False,,,,Dublin,Republic of Ireland,Republic of Ireland,Alcoholics Anonymous
d3335f3b-5710-5387-963c-da5ad4872a04,Mount Argus Lower Kimmage,20:30,,D6W C425,53.3192733,-6.2912168,Mount Argus Community Centre,"179 Lower Kimmage Road,Kimmage,Dublin 6W",,Sunday,False,False,False,False,,,,Dublin,Republic of Ireland,Republic of Ireland,Alcoholics Anonymous
29e0bb52-4d3f-5544-9f45-6c4834d34810,Mount Merrion,20:00,,A94 VR80,53.3010226,-6.1912119,St. Philip & St. James Community Centre,"Cross Avenue,Blackrock,Co. Dublin",,Tuesday,False,False,False,False,,Steps,Last Friday of the Month - Trad,Dublin,Republic of Ireland,Republic of Ireland,Alcoholics Anonymous
9afcce2a-ec7b-58e7-996c-a2d58be5eb32,Mount Merrion,20:00,,A94 VR80,53.3010226,-6.1912119,St. Philip & St. James Community Centre,"Cross Avenue,Blackrock,Co. Dublin",,Thursday,False,False,False,False,,,Last Friday of the Month - Trad,Dublin,Republic of Ireland,Republic of Ireland,Alcoholics Anonymous
e841e574-5d08-566d-991e-6bf63762752b,Mount Merrion,20:00,,A94 VR80,53.3010226,-6.1912119,St. Philip & St. James Community Centre,"Cross Avenue,Blackrock,Co. Dublin",,Friday,False,False,False,False,,,Last Friday of the Month - Trad,Dublin,Republic of Ireland,Republic of Ireland,Alcoholics Anonymous
7283ec8f-1fb7-5cbf-a0a5-1c1726d3ee66,Mount Merrion,20:00,,A94 VR80,53.3010226,-6.1912119,St. Philip & St. James Community Centre,"Cross Avenue,Blackrock,Co. Dublin",,Sunday,False,False,False,False,,Big Book,Last Friday of the Month - Trad,Dublin,Republic of Ireland,Republic of Ireland,Alcoholics Anonymous
5356c9d5-16f8-53d2-9518-0ca0f687a9e2,Ranelagh Beechwood Sunday Night BB,19:30,,D06 TD65,53.3187179,-6.2518417,Beechwood Community Centre,"Mountainview Road,Ranelagh,Dublin 6",,Sunday,False,False,False,False,,Big Book,,Dublin,Republic of Ireland,Republic of Ireland,Alcoholics Anonymous
3c4a7a27-cd72-56e6-a90e-65adcf1941f6,Ranelagh New Freedom,18:00,,D06 E542,53.330164,-6.2523925,Wesley House Community Centre,"Leeson Park,Ranelagh,Dublin 6",,Saturday,False,False,False,False,,,,Dublin,Republic of Ireland,Republic of Ireland,Alcoholics Anonymous
9d9d9794-4f9e-5a40-8fb9-f84a65a105ce,Rathfarnham Sancta Maria,20:00,,D16 V389,53.2847356,-6.3039319,Sancta Maria Secondary School,"Ballyroan Crescent,Rathfarnham,Dublin 16",,Monday,False,False,False,False,,,"Trad Meeting - 1st Monday of month.
Step Meeting - last Saturday of month.",Dublin,Republic of Ireland,Republic of Ireland,Alcoholics Anonymous
22c04a75-55eb-5fe9-8bb6-1d28f12bf481,Rathfarnham Sancta Maria,20:00,,D16 V389,53.2847356,-6.3039319,Sancta Maria Secondary School,"Ballyroan Crescent,Rathfarnham,Dublin 16",,Saturday,False,False,False,False,,,"Trad Meeting - 1st Monday of month.
Step Meeting - last Saturday of month.",Dublin,Republic of Ireland,Republic of Ireland,Alcoholics Anonymous
4a256efa-71af-547d-a04d-c1b0628713ab,Rathmines Black Church,19:00,,,53.3202219,-6.2638281,Church Of The Holy Trinity,"Church Avenue,Rathmines,Dublin 6",,Saturday,False,False,False,False,,,,Dublin,Republic of Ireland,Republic of Ireland,Alcoholics Anonymous
dc3bc221-d4c6-58d1-8070-5c2697fda84a,Rialto St. Andrew’S Sundrive Group,18:30,,D08 H51F,53.3356222,-6.2937961,St. Andrew's Resource Centre,"469 South Circular Road,Rialto,Dublin 8",,Monday,False,False,False,False,,,Every first Thursday of the month is a big book meeting.,Dublin,Republic of Ireland,Republic of Ireland,Alcoholics Anonymous
ae73df92-6a9d-53ce-9ae4-51bc9b62187c,Rialto St. Andrew’S Sundrive Group,18:30,,D08 H51F,53.3356222,-6.2937961,St. Andrew's Resource Centre,"469 South Circular Road,Rialto,Dublin 8",,Thursday,False,False,False,False,,,Every first Thursday of the month is a big book meeting.,Dublin,Republic of Ireland,Republic of Ireland,Alcoholics Anonymous
5a50a1a9-334e-5d3c-8f91-8811d480c1d4,Ronanstown Discovery Group,20:30,,,53.3453188,-6.4080666,CASP,"Muriel Boothman Centre,Fonthill Road,Ronanstown,Dublin 22",,Wednesday,False,False,False,False,,,,Dublin,Republic of Ireland,Republic of Ireland,Alcoholics Anonymous
e40be963-fb6b-5f53-a977-86fba78905be,Shankill Crinken,20:30,,A98 VX58,53.2195907,-6.1195863,The Church Hall,"St. Jame's Church,Crinken,Dublin Road,Shankill,Dublin 18",,Monday,False,False,False,False,,,,Dublin,Republic of Ireland,Republic of Ireland,Alcoholics Anonymous
83adf93b-c0da-57b5-98f0-449b709f0f2a,Shankill St. Annes,20:30,,D18 VH64,53.2340752,-6.1239761,St. Anne's Resource Centre,"Shankill,Co. Dublin",,Sunday,False,False,False,False,,,Beside St. Anne's RC Church,Dublin,Republic of Ireland,Republic of Ireland,Alcoholics Anonymous
2b57e4ec-fc29-5d8b-ace0-8ca26ead6061,Skerries,19:30,,K34 Y319,53.5798933,-6.1064588,Cornerstone Church,"27-30 Strand Street,Skerries,Co. Dublin",,Monday,False,False,False,False,,,To request a link to an online meeting please send an email to L54@alcoholicsanonymous.ie,Dublin,Republic of Ireland,Republic of Ireland,Alcoholics Anonymous
971c8751-15ad-5e4e-8d08-b6e405b09bfe,Skerries,20:00,,K34 Y319,53.5798933,-6.1064588,Cornerstone Church,"27-30 Strand Street,Skerries,Co. Dublin",,Friday,False,False,False,False,,,To request a link to an online meeting please send an email to L54@alcoholicsanonymous.ie,Dublin,Republic of Ireland,Republic of Ireland,Alcoholics Anonymous
225440c9-898f-5225-8c66-de3326f860bf,Sutton Bayside Lunchtime,13:00,,D13 X8H4,53.3889286,-6.1409659,Bayside Community Centre,"Bayside Sutton,Dublin 13",,Monday,False,False,False,False,,,,Dublin,Republic of Ireland,Republic of Ireland,Alcoholics Anonymous
efef90bd-cc16-57a4-8eb1-f1c321fd578e,Sutton Bayside Lunchtime,13:00,,D13 X8H4,53.3889286,-6.1409659,Bayside Community Centre,"Bayside Sutton,Dublin 13",,Friday,False,False,False,False,,,,Dublin,Republic of Ireland,Republic of Ireland,Alcoholics Anonymous
f60404f9-8e10-585d-be49-79c88f8a49cb,Swords Keep It Simple,13:00,,K67 T6T7,53.4534745,-6.243103,Community Centre,"River Valley,Swords,Co. Dublin",,Sunday,False,False,False,False,,,,Dublin,Republic of Ireland,Republic of Ireland,Alcoholics Anonymous
1b98da10-abbf-5231-8b3c-6713b0a66f6f,Swords Midday,12:30,,K67 PN72,53.4579837,-6.2191617,Senior Citizens Centre,"Fosters Way,Swords,Co. Dublin",,Thursday,False,False,False,False,,,"Opposite Fingal Council Offices
Behind Bank of Ireland on Main Street",Dublin,Republic of Ireland,Republic of Ireland,Alcoholics Anonymous
99954090-fbec-5c0d-912a-2238e72282ac,Swords Monday Meeting,20:30,,K67 PH96,53.459584,-6.2368792,BASE,"Brackenstown,Swords,Co. Dublin",,Monday,False,False,False,False,,,"""No Meeting on Bank Holidays""
Please note that on bank holiday's, there will NOT be a meeting.",Dublin,Republic of Ireland,Republic of Ireland,Alcoholics Anonymous
22e46d15-e08f-57e2-a47a-cb6900be936b,Swords Saoirse,19:30,,K67 PH96,53.459584,-6.2368792,BASE,"Brackenstown,Swords,Co. Dublin",,Friday,False,False,False,True,,,,Dublin,Republic of Ireland,Republic of Ireland,Alcoholics Anonymous
8634bf29-fa86-5c82-a6bf-174bd9269740,Tallaght Daily Reprieve,11:30,,D24 TC7H,53.2948594,-6.3427075,St Aengus Community Centre,"Castletymon Road,Tallaght,Dublin 24",,Monday,False,False,False,False,,,,Dublin,Republic of Ireland,Republic of Ireland,Alcoholics Anonymous
7abc46e1-d33d-5e13-8682-9a6fe8f0d441,Tallaght Daily Reprieve,20:00,,D24 TC7H,53.2948594,-6.3427075,St Aengus Community Centre,"Castletymon Road,Tallaght,Dublin 24",,Monday,False,False,False,False,,Big Book,,Dublin,Republic of Ireland,Republic of Ireland,Alcoholics Anonymous
6677de35-012e-56fb-8d5d-da3493d9d315,Tallaght Daily Reprieve,13:00,,D24 TC7H,53.2948594,-6.3427075,St Aengus Community Centre,"Castletymon Road,Tallaght,Dublin 24",,Tuesday,False,False,False,False,,,,Dublin,Republic of Ireland,Republic of Ireland,Alcoholics Anonymous
d3718695-dc7b-5ff7-a7af-d3bd27dd1b08,Tallaght Daily Reprieve,11:30,,D24 TC7H,53.2948594,-6.3427075,St Aengus Community Centre,"Castletymon Road,Tallaght,Dublin 24",,Wednesday,False,False,False,False,,,,Dublin,Republic of Ireland,Republic of Ireland,Alcoholics Anonymous
2fc46f05-0409-5a8d-b7f5-e506255da367,Tallaght Daily Reprieve,20:00,,D24 TC7H,53.2948594,-6.3427075,St Aengus Community Centre,"Castletymon Road,Tallaght,Dublin 24",,Wednesday,False,False,False,False,,Steps,,Dublin,Republic of Ireland,Republic of Ireland,Alcoholics Anonymous
b3869c7b-dadd-5731-bfee-b3ac808ddabf,Tallaght Daily Reprieve,13:00,,D24 TC7H,53.2948594,-6.3427075,St Aengus Community Centre,"Castletymon Road,Tallaght,Dublin 24",,Thursday,False,False,False,False,,,,Dublin,Republic of Ireland,Republic of Ireland,Alcoholics Anonymous
e479f397-5a64-504f-b83b-3efcf642a3e3,Tallaght Daily Reprieve,11:30,,D24 TC7H,53.2948594,-6.3427075,St Aengus Community Centre,"Castletymon Road,Tallaght,Dublin 24",,Friday,False,False,False,False,,,,Dublin,Republic of Ireland,Republic of Ireland,Alcoholics Anonymous
f3717421-52cd-5aaa-b68d-70c408a92fdf,Tallaght Daily Reprieve,20:00,,D24 TC7H,53.2948594,-6.3427075,St Aengus Community Centre,"Castletymon Road,Tallaght,Dublin 24",,Friday,False,False,False,False,,Beginner,,Dublin,Republic of Ireland,Republic of Ireland,Alcoholics Anonymous
ffa68e4c-ff53-5f97-a2c2-9c020a708083,Tallaght Daily Reprieve,11:30,,D24 TC7H,53.2948594,-6.3427075,St Aengus Community Centre,"Castletymon Road,Tallaght,Dublin 24",,Saturday,False,False,False,False,,,,Dublin,Republic of Ireland,Republic of Ireland,Alcoholics Anonymous
adfb16e2-eb53-5a9b-9dfa-93102d7e5e12,Tallaght Daily Reprieve,20:00,,D24 TC7H,53.2948594,-6.3427075,St Aengus Community Centre,"Castletymon Road,Tallaght,Dublin 24",,Saturday,False,False,False,False,,,,Dublin,Republic of Ireland,Republic of Ireland,Alcoholics Anonymous
18bd34ea-60c7-5090-a54f-fcfdbeb851ff,Tallaght Daily Reprieve,08:30,,D24 TC7H,53.2948594,-6.3427075,St Aengus Community Centre,"Castletymon Road,Tallaght,Dublin 24",,Sunday,False,False,False,False,,,,Dublin,Republic of Ireland,Republic of Ireland,Alcoholics Anonymous
f92fdad7-c52a-53f8-862e-dee3bf974c93,Tallaght Daily Reprieve,11:30,,D24 TC7H,53.2948594,-6.3427075,St Aengus Community Centre,"Castletymon Road,Tallaght,Dublin 24",,Sunday,False,False,False,False,,,,Dublin,Republic of Ireland,Republic of Ireland,Alcoholics Anonymous
1d57a5a0-68b8-5fc7-ab12-1c41a5bbfec1,Tallaght Daily Reprieve,20:00,,D24 TC7H,53.2948594,-6.3427075,St Aengus Community Centre,"Castletymon Road,Tallaght,Dublin 24",,Sunday,False,False,False,False,,,,Dublin,Republic of Ireland,Republic of Ireland,Alcoholics Anonymous
b2ecfb2c-6a99-5a84-9552-f8588abd2041,Tallaght Fettercairn AA Group,20:00,,D24 W92N,53.2929047,-6.3956443,Fettercairn Community Centre,"Fettercairn Road,Tallaght,Dublin",,Tuesday,False,False,False,False,,Big Book,,Dublin,Republic of Ireland,Republic of Ireland,Alcoholics Anonymous
9258b176-1473-5ba7-8460-b6ceb89e0cc3,Tallaght Fettercairn AA Group,20:00,,D24 W92N,53.2929047,-6.3956443,Fettercairn Community Centre,"Fettercairn Road,Tallaght,Dublin",,Thursday,False,False,False,False,,Beginner,,Dublin,Republic of Ireland,Republic of Ireland,Alcoholics Anonymous
8b5e86aa-8330-54a3-b8af-7d4701144adf,Tallaght Fettercairn AA Group,10:00,,D24 W92N,53.2929047,-6.3956443,Fettercairn Community Centre,"Fettercairn Road,Tallaght,Dublin",,Saturday,False,False,False,False,,,,Dublin,Republic of Ireland,Republic of Ireland,Alcoholics Anonymous
5b08c120-8f54-500c-b26c-24f1fe7dddb5,Tallaght The Common Solution Group,19:45,,D24 Y098,53.3064928,-6.3687005,Kingswood Community Centre,"Sylvan Drive,Kingswood,Tallaght,Dublin 24",,Monday,False,False,False,False,,Big Book,No Meetings on Bank Holiday Mondays,Dublin,Republic of Ireland,Republic of Ireland,Alcoholics Anonymous
e8237944-4a14-5236-a1fe-fff28d54ec78,Templeogue AA Group,20:30,,D6W V998,53.2961815,-6.3165513,St. Michaels House,"Tallaght Road,Templeogue,Dublin 6W",,Friday,False,False,False,False,,,Opposite Cheeverstown House,Dublin,Republic of Ireland,Republic of Ireland,Alcoholics Anonymous
6c9744e5-d0e2-50d9-9c6e-fd51dd60ee79,Walkinstown,20:30,,D12 V279,53.3149227,-6.3429492,Walkinstown Community Centre,"131A Walkinstown Avenue,Walkinstown,Dublin 12",,Tuesday,False,False,False,False,,,,Dublin,Republic of Ireland,Republic of Ireland,Alcoholics Anonymous
7eee4114-4a72-518d-b8bb-2074591d8252,Walkinstown,20:30,,D12 V279,53.3149227,-6.3429492,Walkinstown Community Centre,"131A Walkinstown Avenue,Walkinstown,Dublin 12",,Thursday,False,False,False,False,,,,Dublin,Republic of Ireland,Republic of Ireland,Alcoholics Anonymous
dfc952ea-d302-5677-bb1d-b75848d7aa21,Aran Inis Mór,21:00,,H91 K4C6,53.118643,-9.6724703,Halla Rónáin (Upstairs),"Cill Rónáin,Co. Na Gaillmhe",,Sunday,False,False,False,False,,,,Galway,Republic of Ireland,Republic of Ireland,Alcoholics Anonymous
93972a9f-cb6b-5769-9adb-743a7119cd4b,Athenry Wednesday Night,20:30,,,53.3007537,-8.745493,Pastoral Centre,"(Beside Church),Church Street,Athenry,Co. Galway",,Wednesday,False,False,False,False,,,,Galway,Republic of Ireland,Republic of Ireland,Alcoholics Anonymous
eeef910f-aa0f-5eee-a4f4-83f45b624f64,Ballybane Emotional Sobriety,17:30,,H91 RH32,53.2855714,-9.0004024,Unit 18,"SCCUL Enterprise Centre,Castlepark Road,Ballybane,Galway",,Sunday,False,False,False,True,,,Open Meeting,Galway,Republic of Ireland,Republic of Ireland,Alcoholics Anonymous
468a0b30-db41-582a-9af4-f0662d65cb11,Carraroe,20:30,,H91 X4WH,53.2597685,-9.6040726,An Crompán,"Barraderry,Carraroe,Co. Galway",,Monday,False,False,False,False,,,Beside Fire Station Industrial Estate,Galway,Republic of Ireland,Republic of Ireland,Alcoholics Anonymous
a95b61f7-bada-5f7d-98ed-8061ba6e2d5a,Clarinbridge,20:00,,H91 HY03,53.2287362,-8.8792731,Clarinbridge Parish Office,"Main Street,Hill Park,Clarinbridge,Co. Galway",,Tuesday,False,False,False,False,,,,Galway,Republic of Ireland,Republic of Ireland,Alcoholics Anonymous
9117f808-4194-5906-9955-9b91e65c8dc7,Cong / Neale,20:30,,F31 WV60,53.5754882,-9.2290741,O'brien Memorial Hall,"Lecarrow Killeen,The Neale,Co. Mayo",,Sunday,False,False,False,False,,,,Galway,Republic of Ireland,Republic of Ireland,Alcoholics Anonymous
b2f0e3be-2ccb-572a-aab3-83d19828afa9,Craughwell,20:00,,,53.2302689,-8.7347736,St. Michael's Community Hall,"Main Street,Craughwell,Co. Galway",,Saturday,False,False,False,False,,,,Galway,Republic of Ireland,Republic of Ireland,Alcoholics Anonymous
f803ffa6-bfa6-519d-b3e4-4f8ed574f23b,Galway City Bohermore AA Group,20:30,,,53.2804847,-9.0468843,Community Centre,"Bohermore,Galway City",,Saturday,False,False,False,False,,,,Galway,Republic of Ireland,Republic of Ireland,Alcoholics Anonymous
4f698243-2a3b-54ef-aee7-ccc38dd12fe6,Galway City Bohermore AA Group,20:30,,,53.2804847,-9.0468843,Community Centre,"Bohermore,Galway City",,Sunday,False,False,False,False,,,,Galway,Republic of Ireland,Republic of Ireland,Alcoholics Anonymous
8f9eb784-c8b8-5cea-b181-24786bc16dff,Galway City Croi Nua,17:45,,H91 WY2A,53.2675277,-9.0743381,Croi Nua Spirituality Centre,"Rosary Lane Taylor's Hill,Galway City",,Monday,False,False,False,False,,Steps & Tradition,"To request link to online meeting, email C120@alcoholicsanonymous.ie",Galway,Republic of Ireland,Republic of Ireland,Alcoholics Anonymous
afd23006-34a8-58b6-9a1c-2ebc4e8ef52f,Galway City Croi Nua,17:45,,H91 WY2A,53.2675277,-9.0743381,Croi Nua Spirituality Centre,"Rosary Lane Taylor's Hill,Galway City",,Friday,False,False,False,False,,,"To request link to online meeting, email C120@alcoholicsanonymous.ie",Galway,Republic of Ireland,Republic of Ireland,Alcoholics Anonymous
4fd03119-7b84-5cc1-a4ac-3f499340f8b9,Galway City Doughiska,18:45,,H91 FCV9,53.2862476,-8.9878883,Doughiska,"Primary Care Centre,Galway City,Galway",,Wednesday,False,False,False,False,,,Next to NCT & LIDL,Galway,Republic of Ireland,Republic of Ireland,Alcoholics Anonymous
a61af032-67bc-5d03-90e9-26aef44b9875,Galway City Iskierka Group,18:30,,H91 N6Y6,53.2804946,-9.0630103,Church Of Saint Columbanus,"Distillary Road,Lower Newcastle,Galway City,Galway",,Saturday,False,False,False,False,,,"Polish spoken at this meeting , (next to N.U.I. Galway)  Chapel Common Room",Galway,Republic of Ireland,Republic of Ireland,Alcoholics Anonymous
e8952fe4-c9c5-5f63-aa4e-d2f27e0495a3,Galway City Mervue,21:00,,H91 FH52,53.2817381,-9.0159444,Room 4,",Old Community Centre,Mervue Church,Mervue,Galway City",,Monday,False,False,False,False,,,,Galway,Republic of Ireland,Republic of Ireland,Alcoholics Anonymous
dc1a1c47-0749-57a4-b9a2-4986f820f026,Galway City Mervue,21:00,,H91 FH52,53.2817381,-9.0159444,Room 4,",Old Community Centre,Mervue Church,Mervue,Galway City",,Saturday,False,False,False,False,,,,Galway,Republic of Ireland,Republic of Ireland,Alcoholics Anonymous
5a19d5bb-dcb6-5e75-a2c3-f5d3f089e934,Galway City Primary Purpose,18:15,,H91 X5P6,53.2821024,-9.0171052,C/O COPE Centre,"1 Walter Macken Place,Mervue,Galway City",,Monday,False,False,False,False,,Big Book,,Galway,Republic of Ireland,Republic of Ireland,Alcoholics Anonymous
0f98b472-e3e2-56b8-bcda-003c47c7307d,Galway City Primary Purpose,18:15,,H91 X5P6,53.2821024,-9.0171052,C/O COPE Centre,"1 Walter Macken Place,Mervue,Galway City",,Wednesday,False,False,False,False,,,,Galway,Republic of Ireland,Republic of Ireland,Alcoholics Anonymous
1643163f-37ae-5b26-ae92-d7b07c227f07,Galway City Primary Purpose,20:00,,H91 X5P6,53.2821024,-9.0171052,C/O COPE Centre,"1 Walter Macken Place,Mervue,Galway City",,Thursday,False,False,False,False,,Steps,,Galway,Republic of Ireland,Republic of Ireland,Alcoholics Anonymous
780462a5-7e11-5682-bda2-0bf249a09003,Galway City Room 7 Ozanam House,13:00,,H91 V2PV,53.2831471,-9.0120583,Ozanam House,"13 St Augustine Street,Galway City",,Monday,False,False,False,False,,,To request link to online meeting email C17@alcoholicsanonymous.ie,Galway,Republic of Ireland,Republic of Ireland,Alcoholics Anonymous
cac58872-2a0a-5d7e-8c2e-9a2608fb93da,Galway City Room 7 Ozanam House,13:00,,H91 V2PV,53.2831471,-9.0120583,Ozanam House,"13 St Augustine Street,Galway City",,Tuesday,False,False,False,False,,,To request link to online meeting email C17@alcoholicsanonymous.ie,Galway,Republic of Ireland,Republic of Ireland,Alcoholics Anonymous
9837d2a8-243e-58b3-90e0-3e575223153b,Galway City Room 7 Ozanam House,13:00,,H91 V2PV,53.2831471,-9.0120583,Ozanam House,"13 St Augustine Street,Galway City",,Wednesday,False,False,False,False,,Big Book,To request link to online meeting email C17@alcoholicsanonymous.ie,Galway,Republic of Ireland,Republic of Ireland,Alcoholics Anonymous
a9828ad2-f5f4-5655-ae52-56d6a0410ffa,Galway City Room 7 Ozanam House,13:00,,H91 V2PV,53.2831471,-9.0120583,Ozanam House,"13 St Augustine Street,Galway City",,Thursday,False,False,False,False,,Steps,To request link to online meeting email C17@alcoholicsanonymous.ie,Galway,Republic of Ireland,Republic of Ireland,Alcoholics Anonymous
bf20d078-9114-5b25-985e-9221a886c427,Galway City Room 7 Ozanam House,13:00,,H91 V2PV,53.2831471,-9.0120583,Ozanam House,"13 St Augustine Street,Galway City",,Friday,False,False,False,False,,,To request link to online meeting email C17@alcoholicsanonymous.ie,Galway,Republic of Ireland,Republic of Ireland,Alcoholics Anonymous
4ab04f3d-7450-5bab-a422-5b1accbf5ec0,Galway City Saturday Daytime 1Pm,13:00,,,53.2812609,-9.044737,Bohermore Community Centre,"Bohermore,Galway City",,Saturday,False,False,False,False,,,,Galway,Republic of Ireland,Republic of Ireland,Alcoholics Anonymous
87748125-9aa9-54a9-9d46-cd62b956b882,Galway City Shantalla Group,19:00,,H91 A4VW,53.2760812,-9.0710631,St Josephs Shantalla Community Centre,"Ashe Road,Galway City",,Thursday,False,False,False,False,,,,Galway,Republic of Ireland,Republic of Ireland,Alcoholics Anonymous
81f6232d-9708-571a-9562-5bba3b8da28b,Galway City The Abbey,20:00,,H91 XKF4,53.2751086,-9.0549745,Diocesan Pastoral Centre,"Newtownsmith,Galway City",,Monday,False,False,False,False,,,,Galway,Republic of Ireland,Republic of Ireland,Alcoholics Anonymous
0a1f3e5a-aeff-5945-8e37-df6d5da9a5fc,Galway City The Abbey,20:00,,H91 XKF4,53.2751086,-9.0549745,Diocesan Pastoral Centre,"Newtownsmith,Galway City",,Wednesday,False,False,False,False,,,,Galway,Republic of Ireland,Republic of Ireland,Alcoholics Anonymous
4b9bdcde-1232-5188-916f-808d38fbf968,Galway City Tir Na Nóg,22:00,,H91 H992,53.272351,-9.0512707,,"4 St. Augustine Street,Youth Service,Galway City,Co. Galway",,Saturday,False,False,False,False,,,,Galway,Republic of Ireland,Republic of Ireland,Alcoholics Anonymous
006af9c5-6e0c-55ee-967e-9780f962d78a,Galway City Tir Na Nóg,10:00,,H91 H992,53.272351,-9.0512707,,"4 St. Augustine Street,Youth Service,Galway City,Co. Galway",,Sunday,False,False,False,False,,,,Galway,Republic of Ireland,Republic of Ireland,Alcoholics Anonymous
6ec352ad-d280-5c27-87ac-cbed3948bd70,Galway City Tír Na Nóg,21:00,,H91 A4VW,53.2760812,-9.0710631,St Josephs Shantalla Community Centre,"Ashe Road,Galway City",,Saturday,False,False,False,False,,,"To request a link to an online meeting please email c189@alcoholicsanonymous.ie
This meeting is moving temporarily from our usual location - due to construction. The meeting will be at this new/alternate location from 15 Feb through 30 March",Galway,Republic of Ireland,Republic of Ireland,Alcoholics Anonymous
6073531c-6a2e-5e09-ae20-83a6b4859194,Galway City Tír Na Nóg,10:00,,H91 A4VW,53.2760812,-9.0710631,St Josephs Shantalla Community Centre,"Ashe Road,Galway City",,Sunday,False,False,False,False,,,"To request a link to an online meeting please email c189@alcoholicsanonymous.ie
This meeting is moving temporarily from our usual location - due to construction. The meeting will be at this new/alternate location from 15 Feb through 30 March",Galway,Republic of Ireland,Republic of Ireland,Alcoholics Anonymous
ca080cff-1e52-5f95-841d-496ea6753937,Galway City Westside Tuesday,13:00,,H91 C1KX,53.2777416,-9.0737496,Westside Resource Centre,"Seamus Quirke Road,Galway City",,Tuesday,False,False,False,False,,,,Galway,Republic of Ireland,Republic of Ireland,Alcoholics Anonymous
6a354183-f7fb-5b23-9a0a-100e308f85cf,Galway Salthill Sunrise Meeting,07:00,,H91 T8F5,53.2607241,-9.076163,Christ The King Catholic Church,"Salthill Upper,Galway",,Tuesday,False,False,False,False,,,Meditation Meeting,Galway,Republic of Ireland,Republic of Ireland,Alcoholics Anonymous
7862b4bc-6d93-535a-8aa8-8538237ebcc5,Galway Salthill Sunrise Meeting,07:00,,H91 T8F5,53.2607241,-9.076163,Christ The King Catholic Church,"Salthill Upper,Galway",,Thursday,False,False,False,False,,,Meditation Meeting,Galway,Republic of Ireland,Republic of Ireland,Alcoholics Anonymous
b967248f-e9da-577f-9772-0414e8ebcaf9,Galway Salthill Sunrise Meeting,07:00,,H91 T8F5,53.2607241,-9.076163,Christ The King Catholic Church,"Salthill Upper,Galway",,Friday,False,False,False,False,,,Meditation Meeting,Galway,Republic of Ireland,Republic of Ireland,Alcoholics Anonymous
4f47536e-b04f-5c6d-866f-948aceff750f,Good Morning Oranmore,08:30,,H91 EVX4,53.2656399,-8.9311164,Oranmore Parish Office,"Oranmore Church Grounds,Oranmore,Co. Galway",,Thursday,False,False,False,False,,,,Galway,Republic of Ireland,Republic of Ireland,Alcoholics Anonymous
49b5d17e-5aff-50b1-81d8-30d2301a8cf9,Good Morning Oranmore,08:30,,H91 EVX4,53.2656399,-8.9311164,Oranmore Parish Office,"Oranmore Church Grounds,Oranmore,Co. Galway",,Saturday,False,False,False,False,,,,Galway,Republic of Ireland,Republic of Ireland,Alcoholics Anonymous
a18f1e74-df55-5bc6-89da-d8e23dcc4df3,Kinvara Saturday Morning,10:00,,H91 Y8PD,53.2355645,-8.7265892,Parochial Hall,"St. Joseph's Church,Kinvara,Co. Galway",,Saturday,False,False,False,False,,,,Galway,Republic of Ireland,Republic of Ireland,Alcoholics Anonymous
c5326fae-2fa3-5197-b86a-cbeabba81796,Lettermore,20:30,,H91 A7D3,53.268784,-9.6626992,Tiernee Hall,"Tiernee,Lettermore,Co. Galway",,Friday,False,False,False,False,,,,Galway,Republic of Ireland,Republic of Ireland,Alcoholics Anonymous
562c2525-2b06-5687-a070-08f05a8db602,Recess,20:30,,H91 AE65,53.4644363,-9.716996,Old National School,"Ionad Phobail,Recess,Co. Galway",,Tuesday,False,False,False,False,,,,Galway,Republic of Ireland,Republic of Ireland,Alcoholics Anonymous
025b0aaf-4605-571a-99ee-a010c578e278,Shrule,20:30,,H91 FF84,53.5226522,-9.0877892,Health Centre,"Dalgan Road,Shrule,Co. Mayo",,Wednesday,False,False,False,False,,,,Galway,Republic of Ireland,Republic of Ireland,Alcoholics Anonymous
6336905d-c120-518c-8515-df80c9426ece,Temperance Hall,21:00,,H62 XY20,53.1970497,-8.5689438,Temperance Hall,"Barrack Street,Loughrea,Co. Galway",,Tuesday,False,False,False,False,,,,Galway,Republic of Ireland,Republic of Ireland,Alcoholics Anonymous
32dc6d6c-8a49-56dc-b505-b3e7dbc10816,Temperance Hall,20:00,,H62 XY20,53.1970497,-8.5689438,Temperance Hall,"Barrack Street,Loughrea,Co. Galway",,Thursday,False,False,False,False,,,,Galway,Republic of Ireland,Republic of Ireland,Alcoholics Anonymous
9911faff-a2ef-5c68-a7a0-74e284fa1c76,Temperance Hall,10:45,,H62 XY20,53.1970497,-8.5689438,Temperance Hall,"Barrack Street,Loughrea,Co. Galway",,Sunday,False,False,False,False,,,,Galway,Republic of Ireland,Republic of Ireland,Alcoholics Anonymous
285aa98e-c421-5167-9475-e7ba07b03adc,Tully Inverin,20:30,,H91 H348,53.2374453,-9.4932638,Colaiste Chamuis (An Tulach),"Inverin,Co. Galway",,Thursday,False,False,False,False,,,June to August meeting start at 9.00pm,Galway,Republic of Ireland,Republic of Ireland,Alcoholics Anonymous
946c70d5-b7f8-5aed-aee5-f3fb16469f8b,Abbeydorney Shanow Group,20:30,,V92 CK07,52.345914,-9.6881648,St. Bernard's Day Chapel,"Montanagay,Abbeydorney,Co. Kerry",,Wednesday,False,False,False,False,,,,Kerry,Republic of Ireland,Republic of Ireland,Alcoholics Anonymous
1598815d-6566-50c3-ac0c-a17e355293ed,Ballyduff,20:30,,V92 A2VC,52.451129,-9.6635237,Bud's Family & Community Resource Centre,"Benmore,Ballyduff",,Tuesday,False,False,False,False,,,,Kerry,Republic of Ireland,Republic of Ireland,Alcoholics Anonymous
70f853ba-17c0-57b4-980c-762ec2eb52e7,Ballyduff,20:00,,V92 A2VC,52.451129,-9.6635237,Bud's Family & Community Resource Centre,"Benmore,Ballyduff",,Sunday,False,False,False,False,,Steps,,Kerry,Republic of Ireland,Republic of Ireland,Alcoholics Anonymous
aac6cfb3-1047-5e31-87fb-079a6d92ba47,Ballyheigue,20:30,,V92 N225,52.3921232,-9.8423753,Kerryhead / Ballyheigue Family Resource Centre,"Sraid Thaidgh,Ballyheigue,Co. Kerry",,Friday,False,False,False,False,,,,Kerry,Republic of Ireland,Republic of Ireland,Alcoholics Anonymous
32fc4f32-a5da-5101-a009-1e41c2d71344,Ballyheigue,12:00,,V92 N225,52.3921232,-9.8423753,Kerryhead / Ballyheigue Family Resource Centre,"Sraid Thaidgh,Ballyheigue,Co. Kerry",,Sunday,False,False,False,False,,Steps,,Kerry,Republic of Ireland,Republic of Ireland,Alcoholics Anonymous
0cb60846-d690-5928-ab9c-92e3564479d4,Ballylongford Serenity,20:30,,V31 KD88,52.5451194,-9.4791515,St. Oliver's National School,"Bridge Street,Ballylongford,Co. Kerry",,Thursday,False,False,False,False,,,,Kerry,Republic of Ireland,Republic of Ireland,Alcoholics Anonymous
29e4b17b-5f34-5a7c-add8-53a73c93ff54,Castlegregory,20:30,,V92 YNC5,52.2554688,-10.0257503,Mina Hill Centre,"West Main Street,Castlegregory,Co. Kerry",,Wednesday,False,False,False,False,,,,Kerry,Republic of Ireland,Republic of Ireland,Alcoholics Anonymous
251abe34-2991-568e-a06f-bc3d5874b5c3,Castlegregory,20:30,,V92 YNC5,52.2554688,-10.0257503,Mina Hill Centre,"West Main Street,Castlegregory,Co. Kerry",,Saturday,False,False,False,False,,,,Kerry,Republic of Ireland,Republic of Ireland,Alcoholics Anonymous
c796acf8-3583-520c-9c67-c81dd29350a5,Dingle Lunch Time,13:00,,V92 AT18,52.1417033,-10.2719751,The Presbytery,"St. Mary's Church,Green Street,Dingle,Co. Kerry",,Wednesday,False,False,False,False,,,,Kerry,Republic of Ireland,Republic of Ireland,Alcoholics Anonymous
2eb68c68-64e7-52d4-9d12-bec19c129c2c,Dingle Lunch Time,13:00,,V92 AT18,52.1417033,-10.2719751,The Presbytery,"St. Mary's Church,Green Street,Dingle,Co. Kerry",,Saturday,False,False,False,False,,Big Book,,Kerry,Republic of Ireland,Republic of Ireland,Alcoholics Anonymous
8f854b5b-f7fa-5f16-af74-7faba577152f,Killarney Into Action Group,19:30,,V93 WN32,52.0596376,-9.4880047,The Church Of The Resurrection,"Park Road,Killarney,Co. Kerry",,Sunday,False,False,False,False,,Steps,(Meeting Room behind Church),Kerry,Republic of Ireland,Republic of Ireland,Alcoholics Anonymous
b8eceac1-d211-5721-b9a1-2c3ba2a7d492,Killarney Primary Purpose,19:00,,V93 WN32,52.0596376,-9.4880047,The Church Of The Resurrection,"Park Road,Killarney,Co. Kerry",,Thursday,False,False,False,False,,,,Kerry,Republic of Ireland,Republic of Ireland,Alcoholics Anonymous
76c3898c-6946-5f6c-b170-97b9b9f58fc7,Killorglin,20:30,,V93 YWH1,52.1083402,-9.7907488,An Sean Scoil,"School Road,Killorglin,Co. Kerry",,Tuesday,False,False,False,False,,,,Kerry,Republic of Ireland,Republic of Ireland,Alcoholics Anonymous
b74bdb67-d319-5993-8ad5-b007e7b3fb15,Killorglin,20:30,,V93 YWH1,52.1083402,-9.7907488,An Sean Scoil,"School Road,Killorglin,Co. Kerry",,Thursday,False,False,False,False,,,,Kerry,Republic of Ireland,Republic of Ireland,Alcoholics Anonymous
2ab6c9a3-3ee8-5143-a2a0-da3eb72943bb,Killorglin,11:00,,V93 YWH1,52.1083402,-9.7907488,An Sean Scoil,"School Road,Killorglin,Co. Kerry",,Saturday,False,False,False,False,,,,Kerry,Republic of Ireland,Republic of Ireland,Alcoholics Anonymous
594e33ed-d4f6-56e0-acc2-43e37a9871b4,Killorglin,11:00,,V93 YWH1,52.1083402,-9.7907488,An Sean Scoil,"School Road,Killorglin,Co. Kerry",,Sunday,False,False,False,False,,,,Kerry,Republic of Ireland,Republic of Ireland,Alcoholics Anonymous
478a9add-2b4b-5813-9718-6fd5cc54cbff,Listowel Third Legacy,20:30,,V31 EC62,52.4504339,-9.4710215,Family Resource Centre,"John B. Keane Road,Listowel,Co. Kerry",,Wednesday,False,False,False,False,,,,Kerry,Republic of Ireland,Republic of Ireland,Alcoholics Anonymous
cac5274a-0817-5de5-80e4-c46d3df4b9da,Listowel Third Legacy,11:00,,V31 EC62,52.4504339,-9.4710215,Family Resource Centre,"John B. Keane Road,Listowel,Co. Kerry",,Sunday,False,False,False,False,,Steps,,Kerry,Republic of Ireland,Republic of Ireland,Alcoholics Anonymous
2daebca8-3208-5b73-adcb-7f733dc115fb,Lixnaw,20:30,,V92 N625,52.4055887,-9.6169209,Presentation Convent,"Main Street,Lixnaw,Co. Kerry",,Tuesday,False,False,False,False,,,,Kerry,Republic of Ireland,Republic of Ireland,Alcoholics Anonymous
f2e7c875-da6c-5ce0-b176-77cc4b640148,Lixnaw,20:30,,V92 N625,52.4055887,-9.6169209,Presentation Convent,"Main Street,Lixnaw,Co. Kerry",,Thursday,False,False,False,False,,Steps,,Kerry,Republic of Ireland,Republic of Ireland,Alcoholics Anonymous
a23fbdd2-4ed5-5fa4-90ce-b5b276f391de,Lixnaw,20:30,,V92 N625,52.4055887,-9.6169209,Presentation Convent,"Main Street,Lixnaw,Co. Kerry",,Sunday,False,False,False,False,,,,Kerry,Republic of Ireland,Republic of Ireland,Alcoholics Anonymous
11b873de-befd-56a6-91f8-d122239d3ade,Moyvane New Hope,20:30,,V31 K778,52.4629024,-9.3697476,Knockanure Community Centre,"Knockanure,Moyvane,Co. Kerry",,Tuesday,False,False,False,False,,,Christmas Day Meeting - 12.00 (noon),Kerry,Republic of Ireland,Republic of Ireland,Alcoholics Anonymous
93d5ecff-141a-524e-9af6-75a16685e73d,Tralee Hope Group,10:00,,V92 X704,52.2683915,-9.7092555,Ozanam House,"9 Day Place,Tralee,Co. Kerry",,Monday,False,False,False,False,,,,Kerry,Republic of Ireland,Republic of Ireland,Alcoholics Anonymous
f0c570c0-c144-5cd0-8a3c-21b03bbfed79,Tralee Hope Group,18:30,,V92 X704,52.2683915,-9.7092555,Ozanam House,"9 Day Place,Tralee,Co. Kerry",,Monday,False,False,False,False,,,,Kerry,Republic of Ireland,Republic of Ireland,Alcoholics Anonymous
f97e27c1-cbba-5a9f-bfc6-73f4b41bcf0a,Tralee Hope Group,10:00,,V92 X704,52.2683915,-9.7092555,Ozanam House,"9 Day Place,Tralee,Co. Kerry",,Tuesday,False,False,False,False,,,,Kerry,Republic of Ireland,Republic of Ireland,Alcoholics Anonymous
72f4fcc0-62da-5e95-aa33-9261843d574d,Tralee Hope Group,18:30,,V92 X704,52.2683915,-9.7092555,Ozanam House,"9 Day Place,Tralee,Co. Kerry",,Wednesday,False,False,False,False,,,,Kerry,Republic of Ireland,Republic of Ireland,Alcoholics Anonymous
b8c600b1-ea39-5e5d-b9e3-0fbef21e2fd5,Tralee Hope Group,10:00,,V92 X704,52.2683915,-9.7092555,Ozanam House,"9 Day Place,Tralee,Co. Kerry",,Thursday,False,False,False,False,,,,Kerry,Republic of Ireland,Republic of Ireland,Alcoholics Anonymous
2efee301-bfae-599d-8641-5e38fd5e5ff1,Tralee Hope Group,10:00,,V92 X704,52.2683915,-9.7092555,Ozanam House,"9 Day Place,Tralee,Co. Kerry",,Friday,False,False,False,False,,,,Kerry,Republic of Ireland,Republic of Ireland,Alcoholics Anonymous
e368e0b6-fd67-5632-97af-132c12b4d4c1,Tralee Hope Group,18:30,,V92 X704,52.2683915,-9.7092555,Ozanam House,"9 Day Place,Tralee,Co. Kerry",,Saturday,False,False,False,False,,,,Kerry,Republic of Ireland,Republic of Ireland,Alcoholics Anonymous
13798d61-bbd5-5f0f-be56-241673a2054e,Tralee Hope Group,18:30,,V92 X704,52.2683915,-9.7092555,Ozanam House,"9 Day Place,Tralee,Co. Kerry",,Sunday,False,False,False,False,,,,Kerry,Republic of Ireland,Republic of Ireland,Alcoholics Anonymous
71aabfcd-01eb-5587-ac10-2d2a362ce716,Tralee Phoenix Group,13:00,,V92 Y336,52.2723012,-9.7145142,Cuman Iosaef,"Community Centre,Balloonagh,Cahersalee Road,Tralee,Co. Kerry",,Monday,False,False,False,False,,,"No  meetings on Bank Holidays.
Trad. meeting 2nd Monday of month.",Kerry,Republic of Ireland,Republic of Ireland,Alcoholics Anonymous
c4db522d-b4f5-5e97-bd3c-5cb68313d304,Tralee Phoenix Group,13:00,,V92 Y336,52.2723012,-9.7145142,Cuman Iosaef,"Community Centre,Balloonagh,Cahersalee Road,Tralee,Co. Kerry",,Tuesday,False,False,False,False,,,"No  meetings on Bank Holidays.
Trad. meeting 2nd Monday of month.",Kerry,Republic of Ireland,Republic of Ireland,Alcoholics Anonymous
9a5b7523-ecba-5cff-8309-5ecb47f7350b,Tralee Phoenix Group,13:00,,V92 Y336,52.2723012,-9.7145142,Cuman Iosaef,"Community Centre,Balloonagh,Cahersalee Road,Tralee,Co. Kerry",,Wednesday,False,False,False,False,,Steps,"No  meetings on Bank Holidays.
Trad. meeting 2nd Monday of month.",Kerry,Republic of Ireland,Republic of Ireland,Alcoholics Anonymous
a3c86e53-915d-5035-9781-b91b03bdf677,Tralee Phoenix Group,13:00,,V92 Y336,52.2723012,-9.7145142,Cuman Iosaef,"Community Centre,Balloonagh,Cahersalee Road,Tralee,Co. Kerry",,Thursday,False,False,False,False,,,"No  meetings on Bank Holidays.
Trad. meeting 2nd Monday of month.",Kerry,Republic of Ireland,Republic of Ireland,Alcoholics Anonymous
6333ff3e-b277-5cc3-b9da-6ff47da11775,Tralee Phoenix Group,13:00,,V92 Y336,52.2723012,-9.7145142,Cuman Iosaef,"Community Centre,Balloonagh,Cahersalee Road,Tralee,Co. Kerry",,Friday,False,False,False,False,,,"No  meetings on Bank Holidays.
Trad. meeting 2nd Monday of month.",Kerry,Republic of Ireland,Republic of Ireland,Alcoholics Anonymous
2f8f43bc-ef14-5820-b8c8-5c5f233657ae,Arklow,20:00,,Y14 RV04,52.7975257,-6.1663673,CBS School,"Coolgreaney Road,,Arklow,Co. Wicklow",,Tuesday,False,False,False,False,,,,Wicklow,Republic of Ireland,Republic of Ireland,Alcoholics Anonymous
b24dc162-157b-5b62-95cb-3a5e3270cfbb,Arklow,20:00,,Y14 RV04,52.7975257,-6.1663673,CBS School,"Coolgreaney Road,,Arklow,Co. Wicklow",,Thursday,False,False,False,False,,,,Wicklow,Republic of Ireland,Republic of Ireland,Alcoholics Anonymous
f3f84ab9-6d64-57e0-9835-0f495480a304,Arklow,11:30,,Y14 RV04,52.7975257,-6.1663673,CBS School,"Coolgreaney Road,,Arklow,Co. Wicklow",,Sunday,False,False,False,False,,,,Wicklow,Republic of Ireland,Republic of Ireland,Alcoholics Anonymous
ddb2b868-d676-574b-83f3-0a2e72a233ea,Bray Vevay Group,20:30,,A98 D5Y2,53.1931844,-6.1051323,Our Lady Queen Of Peace Parish Centre,"Putland Road,Bray,Co. Wicklow",,Thursday,False,False,False,False,,,,Wicklow,Republic of Ireland,Republic of Ireland,Alcoholics Anonymous
5e63ab51-fed4-58af-b5d7-c72b484979a5,Enniskerry Group,20:00,,,53.1940942,-6.1753347,St. Mary's Church,"Enniskerry,Co. Wicklow,CHY7424",,Wednesday,False,False,False,False,,,,Wicklow,Republic of Ireland,Republic of Ireland,Alcoholics Anonymous
87fafa9a-be1e-5dc3-9db0-854744f8fa1a,Enniskerry Group,20:00,,,53.1940942,-6.1753347,St. Mary's Church,"Enniskerry,Co. Wicklow,CHY7424",,Saturday,False,False,False,False,,,,Wicklow,Republic of Ireland,Republic of Ireland,Alcoholics Anonymous
4d5f43cf-471d-542e-8e75-568693a0222b,Glenealy Group,20:30,,A67 F858,52.9686658,-6.1443438,Community Hall,"Glenealy,Co. Wicklow",,Wednesday,False,False,False,False,,,,Wicklow,Republic of Ireland,Republic of Ireland,Alcoholics Anonymous
e59b58b7-cd60-56db-8e11-8544a9d4fba6,Greystones Big Book Meeting,20:00,,A63 CK06,53.1464319,-6.0623655,St. Killian Family Centre,"Rear Of Holy Rosary Church,Trafalgar Road Entrance,Greystones,Co. Wicklow",,Monday,False,False,False,False,,Big Book,Entrance to rear of church,Wicklow,Republic of Ireland,Republic of Ireland,Alcoholics Anonymous
d3c1c0ce-04c8-5785-9b98-bef7ce65309f,Greystones Big Book Meeting,19:00,,A63 CK06,53.1464319,-6.0623655,St. Killian Family Centre,"Rear Of Holy Rosary Church,Trafalgar Road Entrance,Greystones,Co. Wicklow",,Friday,False,False,False,False,,Steps,Entrance to rear of church,Wicklow,Republic of Ireland,Republic of Ireland,Alcoholics Anonymous
39e648ff-d14c-5a12-803f-4b24d1f72810,Greystones Saturday,20:00,,A63 CK06,53.1464319,-6.0623655,St. Killian Family Centre,"Rear Of Holy Rosary Church,Trafalgar Road Entrance,Greystones,Co. Wicklow",,Saturday,False,False,False,False,,,,Wicklow,Republic of Ireland,Republic of Ireland,Alcoholics Anonymous
818506e0-cb4c-56df-bb3b-d7eca60bb500,Laragh,20:30,,,53.0123713,-6.3037063,Brockagh Centre,"Laragh,Glendalough,Co. Wicklow",,Monday,False,False,False,False,,,,Wicklow,Republic of Ireland,Republic of Ireland,Alcoholics Anonymous
c5f56cac-949b-5a9e-9ce0-a027a376e569,Airdrie St Edward`S Afternoon,13:00,"2hr ",ML6 9PZ,55.862163,-3.96579,St Edward's Church Hall,"Lady Anne Crescent, Gartlea",,Monday,False,True,False,False,,,,,,Scotland,Alcoholics Anonymous
35bc1dab-d0b1-5558-8e5a-b69562f6098d,Bargeddie Keep It Simple,19:30,1hr 30mins,G69 7RG,55.856344,-4.078155,St Kevins Primary School,Langmuir Rd,,Tuesday,False,False,False,False,,,,,,Scotland,Alcoholics Anonymous
e9072330-b7a7-563a-b30f-2b50dc81aba8,Crieff Keep It Simple,19:00,1hr 30mins,PH7 3HR,56.370441,-3.84262,Crieff Cottage Hopsital,"King St, Mtg Is Located In The Day Room. Turn Right After Entering Main Foyer Through The Automatic Doors.",,Sunday,False,True,False,False,,,,,,Scotland,Alcoholics Anonymous
a301b70b-5b1b-5a90-ad02-c30ccb4cab62,Dundee Carseview,19:00,1hr 30mins,DD2 1NH,56.463426,-3.045679,Carseview Centre,Tom Mcdonald Ave,,Monday,True,True,False,False,,,,,,Scotland,Alcoholics Anonymous
30fc6d16-3b51-5ccc-ae01-aa54fdfa33b2,Duntocher Big Book Study,19:30,1hr 30mins,G81 6DL,55.924188,-4.417172,St Mary's Church Hall,Chapel Rd,,Wednesday,False,False,False,False,,,,,,Scotland,Alcoholics Anonymous
2ba2297d-e314-58bc-8377-428d6a0427f9,Forfar,19:30,1hr 30mins,DD8 2EG,56.644218,-2.887355,East Old Parish Church,38-40 East High St,,Monday,True,False,False,False,,,,,,Scotland,Alcoholics Anonymous
7778981a-b331-5cb2-8854-3a09b0eaf76f,Grangemouth Courage To Change,20:00,1hr 30mins,FK3 0HB,56.003868,-3.720086,Christ The King Church,198 Bowhouse Rd,,Tuesday,False,False,False,False,,,,,,Scotland,Alcoholics Anonymous
8863feae-b47b-5bc0-80fa-833dd1a89b6d,Grangemouth Steps And Traditions,20:00,1hr 30mins,FK3 0HB,56.003868,-3.720086,Christ The King Church,198 Bowhouse Rd,,Thursday,False,True,False,False,,,,,,Scotland,Alcoholics Anonymous
671753a5-f980-5c97-8013-ab6d9b738a7b,Midlothian Step,19:00,"1hr ",EH22 3ND,55.880233,-3.090146,Midlothian Community Hospital,70 Eskbank Rd,,Thursday,False,True,True,False,,,,,,Scotland,Alcoholics Anonymous
1d74685d-9a0a-5dbf-9d58-61b36d8a8a86,Musselburgh,20:00,1hr 30mins,EH21 7EA,55.942499,-3.05022,St Andrew's High Church,70 Millhill,,Sunday,False,False,False,False,,,,,,Scotland,Alcoholics Anonymous
b8fff0d7-822c-5a40-8f6f-11c6f087d78d,Perth Welcome,15:30,"1hr ",PH2 8EH,56.395304,-3.440206,Trinity Church Of The Nazarene,York Pl,,Wednesday,False,True,True,False,,,,,,Scotland,Alcoholics Anonymous
ab4002db-bf23-57ba-a818-b8ccc8cd49af,Pollok Peat Road Recovery,19:00,"2hr ",G53 6DE,55.818732,-4.351351,Priesthill Urc Church,"160 Peat Rd, Pollok",,Tuesday,False,True,True,False,,,,,,Scotland,Alcoholics Anonymous
3f0d9148-7816-5d2b-97fb-5b1e52a42cd1,Robroyston You Are No Longer Alone,19:30,1hr 30mins,G33 1HH,55.892868,-4.178639,Church Of Scotland,"34 Saughs Drive, Robroyston",,Monday,False,True,False,False,,,,,,Scotland,Alcoholics Anonymous
68ab4d6d-ab3a-5a73-8377-d321f02b91f9,Stepps Odaat,19:30,1hr 30mins,G33 6FH,55.893539,-4.141174,Stepps Cultural Centre,10 Blenheim Ave,,Monday,False,True,False,False,,,,,,Scotland,Alcoholics Anonymous
34a4d413-3d2b-5a58-b501-489a644c4acf,Aberdeen Big Book Discussion,13:00,1hr 30mins,AB16 7LL,57.165932,-2.162122,Northfield Community Centre,Byron Sq,,Monday,False,True,True,False,,,,Aberdeen and District,East of Scotland,Scotland,Alcoholics Anonymous
f8b1f0cf-f127-5658-880a-8f065ea612fd,Aberdeen St Peter's,12:30,1hr 30mins,AB11 5HX,57.148738,-2.092005,St Peter's Church Hall,"4 Chapel Court, Justice St",,Tuesday,False,True,True,False,,,,Aberdeen and District,East of Scotland,Scotland,Alcoholics Anonymous
6a600a44-35d4-59c7-997d-2ba6e5156156,Tranent Step,09:00,"1hr ",EH33 1BX,55.946971,-2.955031,Parish Church Hall,80 Church St,,Sunday,False,True,False,False,,,,Borders and East Lothian,Scotland,Scotland,Alcoholics Anonymous
4b8a24cf-b8e1-5fee-a695-a79278d6aa44,Cumbernauld Morning Power Hour Prayer & Meditation,10:00,"1hr ",G67 1AX,55.951181,-3.985054,Muirfield Centre,"South Muirhead Rd, Seafar",,Tuesday,False,True,False,False,,,,Cumbernauld and District,Scotland,Scotland,Alcoholics Anonymous
fb4a06f3-0d69-54b9-9f3a-4d348ae7f96f,Dundee No 3,19:00,1hr 30mins,DD1 1EN,56.464456,-2.97097,,81 Meadowside,,Wednesday,False,True,False,False,,,,Dundee and Area,East of Scotland,Scotland,Alcoholics Anonymous
9c306900-07b8-596f-b1b9-69b00bf71108,Dundee No 3,12:30,1hr 30mins,DD1 1EN,56.464456,-2.97097,,81 Meadowside,,Tuesday,False,True,False,False,,,,Dundee and Area,East of Scotland,Scotland,Alcoholics Anonymous
f4c698fd-72a6-5052-b3cc-4b82adad9663,Dundee No 3,12:30,1hr 30mins,DD1 1EN,56.464456,-2.97097,,81 Meadowside,,Wednesday,False,True,False,False,,,,Dundee and Area,East of Scotland,Scotland,Alcoholics Anonymous
bd290910-675d-5aa4-ad80-a1c4dfbd33a4,Dundee No 3,12:30,1hr 30mins,DD1 1EN,56.464456,-2.97097,,81 Meadowside,,Thursday,False,True,False,False,,,,Dundee and Area,East of Scotland,Scotland,Alcoholics Anonymous
d7816c0e-8838-5713-a7b9-3f8bb97fae2c,Dundee No 3,19:00,1hr 30mins,DD1 1EN,56.464456,-2.97097,,81 Meadowside,,Thursday,False,True,False,False,,,,Dundee and Area,East of Scotland,Scotland,Alcoholics Anonymous
f477bafc-1443-5713-b2fa-325826f6cb19,Dundee No 3,19:00,1hr 30mins,DD1 1EN,56.464456,-2.97097,,81 Meadowside,,Friday,False,True,False,False,,,,Dundee and Area,East of Scotland,Scotland,Alcoholics Anonymous
2efe5bb7-7aac-5b3b-b5a1-426b44626fd7,Dundee No 3,12:30,1hr 30mins,DD1 1EN,56.464456,-2.97097,,81 Meadowside,,Saturday,False,True,False,False,,,,Dundee and Area,East of Scotland,Scotland,Alcoholics Anonymous
a34ffbaa-3311-516e-a8e0-5d8cf1770819,Dundee No 3,19:00,1hr 30mins,DD1 1EN,56.464456,-2.97097,,81 Meadowside,,Saturday,False,True,False,False,,,,Dundee and Area,East of Scotland,Scotland,Alcoholics Anonymous
f481dfa3-21f9-52b2-831e-de5e3666d723,Dundee No 3,11:00,1hr 30mins,DD1 1EN,56.464456,-2.97097,,81 Meadowside,,Sunday,False,True,False,False,,,,Dundee and Area,East of Scotland,Scotland,Alcoholics Anonymous
2412818f-9b17-5056-b65f-22f1fe3bf928,Dundee No 3,19:00,1hr 30mins,DD1 1EN,56.464456,-2.97097,,81 Meadowside,,Tuesday,False,True,False,False,,,,Dundee and Area,East of Scotland,Scotland,Alcoholics Anonymous
252fedf6-f106-5d49-a1bb-af305bc8112d,1St Edinburgh,19:30,1hr 30mins,EH3 9HH,55.943713,-3.199715,St Catharine’S Convent,4 Lauriston Gardens,,Tuesday,False,True,False,False,,,,Edinburgh and Midlothian,Scotland,Scotland,Alcoholics Anonymous
acc39369-d53b-5e74-aa86-71778b783017,Edinburgh Tribe Within The Tribe,18:45,"1hr ",EH8 8BE,55.950908,-3.184036,The Crannie,9 Cranston St,,Sunday,False,False,False,False,,,,Edinburgh and Midlothian,Scotland,Scotland,Alcoholics Anonymous
f2bf6eef-4e63-5870-89d0-936331bd7fca,Mental Health Aa Hybrid,20:00,1hr 30mins,EH12 5BJ,55.948807,-3.218096,Palmerston Place Church,12 Palmerston Place,,Tuesday,False,False,False,False,,,,Edinburgh and Midlothian,Scotland,Scotland,Alcoholics Anonymous
ee8c8819-61a2-5aec-8107-443bdb23c80e,Murrayfield Church Of The Good Shepherd Big Book,18:00,"1hr ",EH12 6AU,55.947199,-3.23654,Church Of The Good Shepherd,13 Murrayfield Ave,,Thursday,False,False,False,False,,,,Edinburgh and Midlothian,Scotland,Scotland,Alcoholics Anonymous
ccc349e9-378d-584b-9855-fb05e9474edc,West End,20:00,1hr 30mins,EH12 5BJ,55.948807,-3.218096,Palmerston Place Church,12 Palmerston Place,,Monday,False,False,False,False,,,,Edinburgh and Midlothian,Scotland,Scotland,Alcoholics Anonymous
0e8d67c2-cd9c-58f0-8fc1-1806702914d6,West End,20:00,1hr 30mins,EH12 5BJ,55.948807,-3.218096,Palmerston Place Church,12 Palmerston Place,,Wednesday,False,False,False,False,,,,Edinburgh and Midlothian,Scotland,Scotland,Alcoholics Anonymous
1dea60f0-a1c1-5a3a-a499-6452dab42185,West End,13:00,"1hr ",EH12 5BJ,55.948807,-3.218096,Palmerston Place Church,12 Palmerston Place,,Tuesday,False,False,False,False,,,,Edinburgh and Midlothian,Scotland,Scotland,Alcoholics Anonymous
240b33c6-650f-5d98-9c5b-f57f8ade4792,West End,13:00,"1hr ",EH12 5BJ,55.948807,-3.218096,Palmerston Place Church,12 Palmerston Place,,Wednesday,False,False,False,False,,,,Edinburgh and Midlothian,Scotland,Scotland,Alcoholics Anonymous
cb0fc10c-4e25-50ad-b1eb-28bed85b9744,West End,13:00,"1hr ",EH12 5BJ,55.948807,-3.218096,Palmerston Place Church,12 Palmerston Place,,Thursday,False,False,False,False,,,,Edinburgh and Midlothian,Scotland,Scotland,Alcoholics Anonymous
23326dd8-91ff-56bc-b963-46db5f25974b,West End,20:00,1hr 30mins,EH12 5BJ,55.948807,-3.218096,Palmerston Place Church,12 Palmerston Place,,Thursday,False,False,False,False,,,,Edinburgh and Midlothian,Scotland,Scotland,Alcoholics Anonymous
ee0be5f9-0ceb-53df-8621-af7ab7bc881b,West End,13:00,"1hr ",EH12 5BJ,55.948807,-3.218096,Palmerston Place Church,12 Palmerston Place,,Friday,False,False,False,False,,,,Edinburgh and Midlothian,Scotland,Scotland,Alcoholics Anonymous
dbccb446-1e5b-5278-8953-85402930d218,West End,11:00,1hr 15mins,EH12 5BJ,55.948807,-3.218096,Palmerston Place Church,12 Palmerston Place,,Saturday,False,False,False,False,,,,Edinburgh and Midlothian,Scotland,Scotland,Alcoholics Anonymous
54401856-a145-554e-aaae-ff07417c6006,West End,13:00,"1hr ",EH12 5BJ,55.948807,-3.218096,Palmerston Place Church,12 Palmerston Place,,Monday,False,False,False,False,,,,Edinburgh and Midlothian,Scotland,Scotland,Alcoholics Anonymous
af3eda08-3cce-5510-a615-1a882a79fd2b,West End,20:00,1hr 30mins,EH12 5BJ,55.948807,-3.218096,Palmerston Place Church,12 Palmerston Place,,Friday,False,False,False,False,,,,Edinburgh and Midlothian,Scotland,Scotland,Alcoholics Anonymous
2e2a26de-903e-5762-b88f-e64854c241b7,Inverkeithing Prayer & Meditation,19:30,"1hr ",KY11 1LJ,56.03138,-3.397592,Inverkeithing Baptist Church,Church St,,Monday,False,False,False,False,,,,Fife,East of Scotland,Scotland,Alcoholics Anonymous
68deae24-787b-5490-9cd3-69223869e71c,Kirkcaldy Big Book Meditation,18:00,"1hr ",KY1 1ET,56.111717,-3.16303,St Bryce Kirk,Kirk Wynd,,Sunday,False,True,False,False,,,,Fife,East of Scotland,Scotland,Alcoholics Anonymous
06311c57-243b-5781-8098-4172f94a373f,Cambuslang Courage To Change,20:00,1hr 30mins,G72 8PX,55.81344,-4.162037,Kirkhill Church Hall,4 Cairns Rd,,Saturday,False,True,False,False,,,,Glasgow East,Glasgow,Scotland,Alcoholics Anonymous
dd465b7b-4148-5358-97af-c76413d4c5f2,Cambuslang Monday 12 Steps & 12 Traditions Recovery,19:00,1hr 15mins,G72 7UP,55.817785,-4.161799,Toil Pitch Pavillion,"21 Hamilton Rd, Cambuslang",,Monday,False,True,False,False,,,,Glasgow East,Glasgow,Scotland,Alcoholics Anonymous
f31606b5-25b7-5a11-8ec7-92ea9e3e5f25,Rutherglen Start Your Day,10:00,1hr 30mins,G73 1DU,55.829396,-4.213316,Reuther Hall,Victoria St (Next To Train Stn),,Thursday,False,True,False,False,,,,Glasgow East,Glasgow,Scotland,Alcoholics Anonymous
6e8dc9e9-116d-511c-8484-44fa1b2c4ac6,Big Book Discussion,20:00,"1hr ",G12 9UX,55.880428,-4.304524,St Bride's Episcopal Church,69 Hyndland Rd,,Saturday,False,True,False,False,,,,Glasgow North West,Glasgow,Scotland,Alcoholics Anonymous
a309eea4-e9a3-533e-a512-89270ca53b4a,Clydebank Easier And Softer Way Candlelit,20:00,"1hr ",G81 1BL,55.90173,-4.405902,New Beginning Rms,45B Kilbowie Rd,,Thursday,False,True,False,False,,,,Glasgow North West,Glasgow,Scotland,Alcoholics Anonymous
91c8b5de-793f-522a-b4c6-a71cb3e4343b,Clydebank Serenity Sunday,19:30,1hr 30mins,G81 1BL,55.90173,-4.405902,New Beginning Rms,45B Kilbowie Rd,,Sunday,False,True,False,False,,,,Glasgow North West,Glasgow,Scotland,Alcoholics Anonymous
1b814386-8a5a-55f0-aa2e-77693d91b446,Glasgow Royal Infirmary Lunchtime,12:30,1hr 30mins,G4 0SF,55.86403,-4.23566,Chaplaincy Hall,"Lower Ground Royal Infirmary, Centre Block,  84 Castle St",,Saturday,True,True,False,False,,,,Glasgow North West,Glasgow,Scotland,Alcoholics Anonymous
071e0371-19a6-5b95-87cd-42c862cbc27b,Partick Great Reality,18:00,"1hr ",G12 9UX,55.880428,-4.304524,St Bride's Episcopal Church,69 Hyndland Rd,,Tuesday,False,False,False,False,,,,Glasgow North West,Glasgow,Scotland,Alcoholics Anonymous
b6dba77c-4450-53e1-ae3e-3b0f3dbc525e,Possilpark,20:00,1hr 30mins,G22 5AP,55.881094,-4.254054,Possilpark Parish Church,124 Saracen St,,Saturday,False,True,False,False,,,,Glasgow North West,Glasgow,Scotland,Alcoholics Anonymous
ce31b01a-5617-566d-bee6-b3f135338092,Possilpoint Lunchtime,12:30,1hr 30mins,G22 5LQ,55.884562,-4.252128,Possilpoint Community Centre,"130 Denmark St, Possilpark",,Tuesday,False,True,False,False,,,,Glasgow North West,Glasgow,Scotland,Alcoholics Anonymous
8574cc9e-a56d-5db4-96b5-dd266c8a9b14,Ruchill Young Person's (Non Restrictive),11:00,1hr 15mins,G20 8TH,55.886669,-4.283339,Ruchill Parish Church,"15 Shakespeare St, (Opp Mcdonald's Car Park)",,Saturday,True,False,True,False,,,,Glasgow North West,Glasgow,Scotland,Alcoholics Anonymous
d37bd016-fb6f-5f5b-814a-17e80bd236ea,Boat Of Garten,19:00,"2hr ",PH24 3BN,57.248895,-3.758115,St Columba Church Hall (Door To Rear Of Church),Deshar Rd,,Saturday,False,False,False,False,,,,Inverness and District,Highland and Islands,Scotland,Alcoholics Anonymous
2a3f24f9-de8d-5e4a-9cf7-dec207a5fbf0,Inverness Friars St,12:30,1hr 15mins,IV1 1PF,57.481142,-4.22971,Church Of God,Friars St,,Tuesday,False,True,False,False,,,,Inverness and District,Highland and Islands,Scotland,Alcoholics Anonymous
b5cfe385-1f52-5465-82da-dcfcc6664384,Inverness Friars St,12:30,1hr 15mins,IV1 1PF,57.481142,-4.22971,Church Of God,Friars St,,Friday,False,True,False,False,,,,Inverness and District,Highland and Islands,Scotland,Alcoholics Anonymous
1232c3e5-5fa3-5931-aca8-5fd3fbbd4c7f,Inverness Just Stay,12:30,1hr 15mins,IV1 1PF,57.481142,-4.22971,Church Of God,Friars St,,Wednesday,False,False,False,False,,,,Inverness and District,Highland and Islands,Scotland,Alcoholics Anonymous
26115020-5c85-52cb-a8c7-7c66b1191bd1,Inverness St Ninians,19:30,1hr 30mins,IV2 4AN,57.469854,-4.219683,St Ninians Rc Church Hall,Culduthel Rd,,Tuesday,False,True,False,False,,,,Inverness and District,Highland and Islands,Scotland,Alcoholics Anonymous
cdc96219-0cb6-5f17-99b2-f5e505fbe917,Bellshill,19:30,1hr 30mins,ML4 1RD,55.817805,-4.02524,Bellshill Baptist Church,Neilson St,,Sunday,False,True,False,False,,,,Lanarkshire,Scotland,Scotland,Alcoholics Anonymous
5595f8b8-ea4d-56e9-a27d-306b4db5ffaa,East Kilbride Beyond Belief,19:30,1hr 30mins,G74 4HG,55.765652,-4.172878,East Mains Baptist Church,12 Maxwell Drive,,Monday,False,False,False,False,,,,Lanarkshire,Scotland,Scotland,Alcoholics Anonymous
acda661b-2a15-5167-8d4a-8887488c79dd,East Kilbride Newcomers,20:00,1hr 30mins,G74 4HG,55.765652,-4.172878,East Mains Baptist Church,12 Maxwell Drive,,Thursday,False,True,False,False,,,,Lanarkshire,Scotland,Scotland,Alcoholics Anonymous
a657c942-b40a-5f36-92a5-f646706f5764,Motherwell,12:00,1hr 30mins,ML1 4EB,55.802927,-3.962303,John Mccormack Community Centre,Motherwell Rd,,Thursday,False,True,False,False,,,,Lanarkshire,Scotland,Scotland,Alcoholics Anonymous
215b5521-191d-5d28-b161-bbf0a13cf832,Airdrie Meditation,19:30,1hr 30mins,ML6 6DE,55.866546,-3.975505,Cairnlea Church,127-129 Graham St,,Monday,False,True,False,False,,,,Monklands,Glasgow,Scotland,Alcoholics Anonymous
6acccd7a-dc85-561a-8984-612e91c10b64,Coatbridge Womens Courage To Change,18:15,"1hr ",ML5 1DN,55.85933,-4.036594,Charlotte Toal Community Centre,Dundyvan Rd,,Thursday,False,False,False,False,,,,Monklands,Glasgow,Scotland,Alcoholics Anonymous
de2a78a0-7de8-5806-b78b-07aad13c0b26,Dreghorn,20:00,1hr 20mins,KA12 0DG,55.613166,-4.667265,Irvine Old Parish Church Hall,Kirkgate,,Wednesday,False,True,False,False,,,,North and East Ayrshire,South West Scotland,Scotland,Alcoholics Anonymous
073365d2-854e-5165-87e8-82e747af1474,Kilmarnock Big Book Study,19:30,1hr 30mins,KA1 1HW,55.610222,-4.498068,,3-19 John Dickie St,,Tuesday,False,True,False,False,,,,North and East Ayrshire,South West Scotland,Scotland,Alcoholics Anonymous
ad59328b-5448-5771-8585-4ec99e14a00f,Kilmarnock New Farm Loch,19:30,1hr 30mins,KA3 7PR,55.617699,-4.475597,Take A Bow,Dunbar Dr,,Thursday,False,False,False,False,,,,North and East Ayrshire,South West Scotland,Scotland,Alcoholics Anonymous
45d7bd5c-2b96-5361-a158-4fbaa8ab700f,Elderslie Afternoon,14:00,"2hr ",PA5 9EF,55.836029,-4.489875,Elderslie Kirk,"284 Main Rd, Elderslie",,Sunday,False,False,False,False,,,,Paisley and District,South West Scotland,Scotland,Alcoholics Anonymous
1b8e8d4a-c71a-5081-ad88-ee9a338196b1,"Penarth Step, Tradition & Share",20:00,"1hr ",CF64 2EX,51.437413,-3.177472,Penarth Methodist Church,Woodland Place,,Tuesday,False,True,False,False,,,,,,Wales,Alcoholics Anonymous
b13593a7-ce85-52b2-b4c1-6c0673936c89,Swansea Ystalyfera,19:00,"1hr ",SA9 2HR,51.765693,-3.786939,Ystalyfera Development Trust,22 Commercial St,,Wednesday,False,False,False,False,,,,,,Wales,Alcoholics Anonymous
ce51bf9a-ee19-573d-b238-4fe35532b70a,Trawsfynydd Surrender,19:30,1hr 30mins,LL41 4UB,52.903201,-3.92301,St Madryn's Church Hall,Trawsfynydd,,Thursday,False,True,True,False,,,,,,Wales,Alcoholics Anonymous
48ac4e95-46a3-591c-abbe-68b64c38795c,Cardiff Big Book Study,20:00,"1hr ",CF5 1LQ,51.479728,-3.206686,Canton Uniting Church,Theobald Rd,,Friday,False,True,False,False,,,,Cardiff and District,Wales and Borders,Wales,Alcoholics Anonymous
472a2456-1865-54de-a704-34a1cc5ed6f3,Cardiff Lunchtime,13:00,"1hr ",CF5 1LQ,51.479728,-3.206686,Canton Uniting Church,Theobald Rd,,Friday,False,True,False,False,,,,Cardiff and District,Wales and Borders,Wales,Alcoholics Anonymous
5f88c7f6-5000-5ba9-9f7d-5b714dac94ad,Cardiff Theobald Rd,13:00,"1hr ",CF5 1LQ,51.479728,-3.206686,Canton Uniting Church,Theobald Rd,,Thursday,False,False,False,False,,,,Cardiff and District,Wales and Borders,Wales,Alcoholics Anonymous
84d14d0d-994c-5a0d-8e84-8c74854eb866,Cardiff Theobald Rd,13:00,"1hr ",CF5 1LQ,51.479728,-3.206686,Canton Uniting Church,Theobald Rd,,Monday,False,True,False,False,,,,Cardiff and District,Wales and Borders,Wales,Alcoholics Anonymous
1c614de6-94c8-51ba-b7f2-8f1fb7125cd3,Bangor Big Book Study,18:30,"1hr ",LL57 1UL,53.228043,-4.123812,Bwyd Da Bangor,275 High St,,Monday,False,True,True,False,,,,North West Wales,Wales and Borders,Wales,Alcoholics Anonymous
d14023a5-fddd-5b2d-8ec7-6bbb4e008dcb,Llanfairpwllgwyngyll,11:00,"1hr ",LL61 5JD,53.222417,-4.208317,Rhos Y Gad Chapel,"Penmynedd Rd (Go Down Side Of Church To The Right, There Is A Disabled Entrance With A Push Button To Get In, Once Inside The Mtg Rm Is Straight Ahead On The Right)",,Friday,False,True,False,False,,,,North West Wales,Wales and Borders,Wales,Alcoholics Anonymous
88f46f9c-93f1-5a68-beaa-99aca959174c,12&Amp;12 Book Study,18:30,1hr,BN22 7RY,50.784262,0.304544,St Andrews Parish Hall,"Seaside,Eastbourne",,Friday,False,True,False,True,This meeting is open and anyone may attend.,"In-person,12 Steps & 12 Traditions,Child-Friendly,Discussion,English,Literature,Newcomer,Open,Speaker,Step Meeting,Turkish,Wheelchair Access","Reading from 12 & 12 book steps and traditions. One week step , one week tradition , one week step, one week tradition
&
Once a month - first Friday of the month ESH chair meeting",,,England,Cocaine Anonymous
f052fa5d-ab58-51d9-9dc9-ac75d6e91df4,A Vision For You,19:00,1hr,PL1 2AQ,50.367966,-4.140262,Unitarian Church,Notte St,,Thursday,False,True,True,True,This meeting is open and anyone may attend.,"In-person,Open,Speaker,Wheelchair Access","This meeting is temporary shut on the 28th of March, and will resume back to normal the following week
Chit system
Open meeting on request",,,England,Cocaine Anonymous
815aaac6-1d73-5445-9a07-1e29f51dd523,Aylesbury,19:00,1hr,HP21 7UE,51.805316,-0.785616,Church Of The Holy Spirit,71A Camborne Ave,,Friday,False,False,False,True,This meeting is open and anyone may attend.,"In-person,Open,Speaker",F2F,,,England,Cocaine Anonymous
f7277318-b625-55a5-842c-82b6c0be1552,Big Book Study &Amp; Speaker Meeting,19:30,1hr,CH65 0AT,53.278858,-2.901932,Trinity Methodist Church,Whitby Rd,,Thursday,False,False,True,True,This meeting is open and anyone may attend.,"In-person,Big Book,Chit System,Discussion,Open,Speaker","On site parking
To access the meeting enter through the black gate on the far right hand side of building.
Big Book Study, with a speaker every fourth week.",,,England,Cocaine Anonymous
0565bf0e-cdde-5672-8983-bd7b1c298644,C.A. Coleraine,20:00,1hr,BT52 1EX,55.129878,-6.671983,,"37 Abbey St,Coleraine",,Tuesday,False,False,False,False,This meeting is closed; only those who have a desire to stop using may attend.,"In-person,Closed,Newcomer,Speaker",,,,England,Cocaine Anonymous
fc8eadbc-bc43-5828-8310-1ae957951518,C.A. Newry,19:00,1hr,BT35 8RL,54.124218,-6.35045,Cuan Mhuire,"200 Old Dublin Road,Newry,Co. Armagh",,Thursday,False,False,False,False,This meeting is closed; only those who have a desire to stop using may attend.,"In-person,Closed,Newcomer,Speaker",,,,England,Cocaine Anonymous
b5a6370b-005f-5c8f-948f-a7ae5033f688,CA Murton,18:00,1hr 30mins,SR7 9JA,54.815149,-1.382202,St Paul's Methodist Church,"Murton,Seaham",,Monday,False,False,True,True,This meeting is open and anyone may attend.,"In-person,Newcomer,Open,Speaker","Chit
On site parking",,,England,Cocaine Anonymous
804c0ffe-5825-5a47-8a37-913e7351e5df,Choose Day Tuesday,19:00,1hr,PE25 3EX,53.13476,0.340843,Halt &Amp; Heal,"127C Drummond Rd,Skegness",,Tuesday,False,False,False,False,,"In-person,Online","Zoom link: <a href='https://zoom.us/j/3402659813' target='_blank'>https://zoom.us/j/3402659813</a>
Hybrid
Halt & Heal
127C Drummond Road
Skegness
PE25 3EX",,,England,Cocaine Anonymous
29fd32b5-ad35-5d45-949e-a29943908599,Cocaine Anonymous,18:00,1hr,CT16 1PF,51.125884,1.313958,The Beehive,Stembrook St,,Wednesday,False,False,True,False,This meeting is closed; only those who have a desire to stop using may attend.,"In-person,Big Book,Child-Friendly,Closed,Discussion,Women","Meeting Closed 30th April 2025!!!!
CHIT Supported
Car park(s) nearby",,,England,Cocaine Anonymous
cb0f8446-9ba0-5ff4-8306-a3aaffee4801,Daventry CA Thus We Grow,19:00,1hr,NN11 4FH,52.259411,-1.160698,Daventry,"6 Golding Cl,Daventry",,Wednesday,False,False,False,False,,In-person,"Alternates weekly from a share to a big book study.
F2F",,,England,Cocaine Anonymous
8751088d-055f-5c40-86ec-1af7ef3d6c6d,First Step,19:00,1hr,BN25 2EE,50.776312,0.094218,Seaford Baptist Church,Belgrave Rd,,Wednesday,False,True,False,True,This meeting is open and anyone may attend.,"In-person,English,Newcomer,Open,Speaker,Wheelchair Access",,,,England,Cocaine Anonymous
403cdbb4-34a3-537a-8639-96281f17672f,Goff's Oak Gratitude Newcomer's,19:30,1hr 30mins,EN7 5SS,51.710724,-0.088031,Goff's Oak (Methodist Church),"Newgatestreet Rd,Goff's Oak,Waltham Cross",,Tuesday,False,False,False,True,This meeting is open and anyone may attend.,"In-person,Open","2 live meetings 715/730 both live face to face 1.5 hours duration each
F2F",,,England,Cocaine Anonymous
a3b32d4e-108c-5e87-8448-dba2bc0482ff,Goff's Oak Newcomers Gratitude,17:00,1hr 30mins,EN6 4LN,51.707189,-0.117826,"""Road To Recovery, Cuffley"" Life Church","King James Ave,Cuffley,Potters Bar",,Sunday,False,False,False,False,,In-person,Life Church Cuffley,,,England,Cocaine Anonymous
cec5e35f-0e2b-5beb-bfcd-41a9dc37f15b,Great Yarmouth Womens Unity Meeting,10:30,1hr,NR30 2HL,52.606212,1.728883,Christchurch Methodist Church,King St,,Thursday,False,False,False,False,,"In-person,Women",,,,England,Cocaine Anonymous
9efc9a1d-e800-54b6-8af3-15487338abee,Happy Hour,17:00,1hr,PL1 2AQ,50.367966,-4.140262,Unitarian Church,Notte St,,Sunday,False,True,True,True,This meeting is open and anyone may attend.,"In-person,Newcomer,Open,Speaker,Wheelchair Access","Chit
On site parking
Rotating format - share, topic, share, ask it basket - no pets/no children",,,England,Cocaine Anonymous
0e2a604e-883b-5bdc-a609-8616c8723096,"Hope, Faith &Amp; Courage (Gt Yarmouth)",19:30,1hr 15mins,NR30 2HL,52.606212,1.728883,Christchurch Methodist Church,King St,,Tuesday,False,False,False,False,,In-person,"Newcomer's meeting.
F2F",,,England,Cocaine Anonymous
9259407f-4fd1-5eb1-af29-43fc1d53cf98,Inspire,18:15,1hr,SM2 5JG,43.3599357,-72.1849899,Inspire,"Orion House, 19 Cedar Rd",,Tuesday,False,False,False,False,,In-person,"This is an open H&I meeting - please note that there is no parking onsite and members are not permitted to use the on-site parking area.""",,,England,Cocaine Anonymous
b163e412-7b40-5b6b-8ddb-ea0a89cc6206,Milton Keynes: Recovery Rocks,20:00,1hr,MK11 1JQ,52.054599,-0.848307,York House,"London Rd, Stony Stratford",,Wednesday,False,False,True,True,This meeting is open and anyone may attend.,"In-person,Chit System,Open,Speaker","On site parking.
Doors open for Unity at 7:30pm, meeting starts at 8pm",,,England,Cocaine Anonymous
ec07eff7-b1b5-5e6c-9408-94bc1f29cb07,Monday Night Newcomers Meeting,19:00,1hr 15mins,HP21 7QX,51.812604,-0.808109,Holy Trinity Church,"85 Walton St,Aylesbury",,Monday,False,False,False,False,,In-person,F2F,,,England,Cocaine Anonymous
b2740234-e77f-5790-834d-ee6cb077e985,New Way Of Life,19:00,1hr,TN33 0AN,50.914555,0.489741,St Mary’S Church,"Upper Lake,Battle",,Tuesday,False,True,False,True,This meeting is open and anyone may attend.,"In-person,Newcomer,Open,Wheelchair Access",,,,England,Cocaine Anonymous
b0d6ec96-9681-5e40-b1eb-4cc14995c138,Newark CA Meeting,18:30,1hr,NG24 2DP,53.086749,-0.796398,Newark,"86 Lincoln Rd,Newark-On-Trent,Newark",,Friday,False,False,False,False,,In-person,F2F,,,England,Cocaine Anonymous
c56b8d42-ef7d-568c-a282-b827af262b0c,Open H&Amp;I Hastings,17:30,1hr,TN34 1NY,50.855252,0.581115,"Thrift House, 13 Wellington Pl, Hastings TN34 1NY","21 Wellington Square,Hastings",,Monday,False,True,False,True,This meeting is open and anyone may attend.,"In-person,Newcomer,Open,Speaker,Step Meeting,Wheelchair Access","Closed on bank holiday Monday -
21.04.25, 05.05.25, 26.05.25",,,England,Cocaine Anonymous
f184b16e-4e93-50f3-8547-62cfb7393e6f,Open H&Amp;I Step 1 RSCH,19:00,1hr,BN2,50.835201,-0.0802082,"Seminar Room, Level 9, Thomas Kemp Tower","Eastern Rd,Kemptown,Brighton And Hove,Brighton",,Wednesday,False,False,False,True,This meeting is open and anyone may attend.,"In-person,Open","Christmas & New Years Information:
25/12/2024: OPEN",,,England,Cocaine Anonymous
13ca269d-2905-5d01-8111-e029d1ba29a7,Precisely How Meeting Of Kings Lynn,19:30,1hr 15mins,PE30 1BW,52.753477,0.395479,Kings Lynn,"99C High St,King's Lynn",,Friday,False,False,False,False,,In-person,,,,England,Cocaine Anonymous
4f298b09-5c2a-502b-bf05-396973534180,Principles Before Personalities,19:30,1hr 30mins,WD6 2DG,51.654768,-0.275839,Borehamwood,"12 Furzehill Rd,Borehamwood",,Wednesday,False,False,False,False,,In-person,F2F,,,England,Cocaine Anonymous
038b5027-e813-550e-b986-fa0b96adf0c3,Quaker Meeting House Wednesday 7:30 Pm,19:30,1hr,AL8 6SP,51.799006,-0.215513,Friends Meeting House,109 Handside Lane,,Wednesday,False,False,False,False,,"In-person,Speaker",Door's Open 7.15pm,,,England,Cocaine Anonymous
075eb33b-56e7-5b18-b9b3-b3d57e402ddd,Rickmansworth,19:30,1hr 30mins,WD3 1EH,51.639161,-0.468044,Rickmansworth Baptist Church,High St,,Tuesday,False,False,False,False,,In-person,F2F,,,England,Cocaine Anonymous
c06963b3-f557-50f5-9db6-e9221e20d059,Rise And Shine,08:00,1hr,BN22 7RY,50.784262,0.304544,St Andrews Parish Hall,"Seaside,Eastbourne",,Saturday,False,False,False,True,This meeting is open and anyone may attend.,"In-person,Big Book,Child-Friendly,Newcomer,Open,Speaker",,,,England,Cocaine Anonymous
bb4b6f5e-5bb2-54eb-b806-1e0d88aa874f,Royston Friday.,19:30,1hr 30mins,SG8 5PT,52.058519,-0.021504,Royston,"Burns Rd,Royston",,Friday,False,False,False,False,,In-person,F2F,,,England,Cocaine Anonymous
f9720159-9e5f-50e3-b0ca-3569614d3110,Rugby,19:00,1hr,CV22 5EL,52.367042,-1.262866,St Marie's Catholic Church,"Hibbert's Hall, Oak St",,Monday,False,False,False,True,This meeting is open and anyone may attend.,"In-person,Open",,,,England,Cocaine Anonymous
bac3e78e-a354-5212-b7b4-13b76e08db24,Salisbury Newcomers Meeting,19:00,1hr 40mins,SP2 7RG,51.068999,-1.798819,United Reformed Church,30 Fisherton St,,Sunday,False,True,False,True,This meeting is open and anyone may attend.,"In-person,Online,Literature,Newcomer,Open,Speaker,Wheelchair Access","Zoom link: <a href='https://zoom.us/j/927747358' target='_blank'>https://zoom.us/j/927747358</a>
Hybrid meeting
Zoom Meeting ID: 927 747 358
No password needed",,,England,Cocaine Anonymous
194ca8ec-5095-5594-8d61-0389e712c24f,Saturday Serenity - Christchurch,19:00,1hr,BH23 3EH,50.740869,-1.750507,Somerford Arc,20 Southey Rd,,Saturday,False,False,False,False,This meeting is closed; only those who have a desire to stop using may attend.,"In-person,Closed",Doors Open at 18:30 for Unity,,,England,Cocaine Anonymous
a3f921e9-be47-5d30-bf1e-6dcde10d5a2a,Solution To Living,19:30,1hr,LE9 6QF,52.540487,-1.236784,Sutton Elms Baptist Church,"2 Sutton Ln,Leicester",,Monday,False,False,False,False,,"In-person,Speaker",Doors open at 7pm,,,England,Cocaine Anonymous
03012ba0-22a1-5882-9e46-b88af0b1177d,Stamford Monday Meeting Of Cocaine Anonymous,19:30,1hr,PE9 1HE,52.660067,-0.480745,Christ Church,"Green Ln,Stamford",,Monday,False,False,False,False,,In-person,"Doors Open 7pm
Meeting is in the basement entrance
F2F",,,England,Cocaine Anonymous
9ec4d3be-607f-5a29-8c45-0a202ac64e51,Steps &Amp; Traditions,18:30,1hr,BN1,50.876786,-0.1262901,St Michaels &Amp; All Angels,"Victoria Rd,Brighton,Brighton And Hove,Brighton",,Tuesday,False,True,False,True,This meeting is open and anyone may attend.,"In-person,12 Steps & 12 Traditions,English,Newcomer,Open,Speaker,Turkish,Wheelchair Access",,,,England,Cocaine Anonymous
9aa6957f-a24b-5f15-910d-f4088a7d800c,The Steps We Took,19:30,1hr,BN17 5EG,50.809923,-0.543474,Littlehampton United Church,1 High St,,Monday,False,False,False,True,This meeting is open and anyone may attend.,"In-person,Newcomer,Open,Speaker",,,,England,Cocaine Anonymous
1618c539-cd60-5f55-90c7-0cc13e636887,The Steps We Took,19:45,1hr,SP1 3DL,51.075645,-1.785825,St Marks Church Annex,"St Mark's Ave,Salisbury",,Tuesday,False,False,False,True,This meeting is open and anyone may attend.,"In-person,Big Book,Discussion,Open",,,,England,Cocaine Anonymous
8f591ae3-4ee6-516a-8e6c-e656d3c118a5,We Can Recover Open H&Amp;I Meeting,12:30,1hr,BN2 3FT,50.837064,-0.126843,"CGL, Richmond House","D'aubigny Rd,Brighton And Hove,Brighton",,Monday,False,True,False,True,This meeting is open and anyone may attend.,"In-person,Newcomer,Open,Speaker,Wheelchair Access",Open H&I Brighton CGL,,,England,Cocaine Anonymous
5ccfa0ba-8f24-59b0-a38e-b42c879f6f94,Worksop CA Big Book Randomiser,19:30,1hr,S80 1JS,53.306397,-1.123671,Zenbean,"14 Bridge Pl,Worksop",,Tuesday,False,False,False,False,,In-person,Do not park at Matalan - barrier closes at 7.30pm,,,England,Cocaine Anonymous
0b8e08fc-67bd-5116-a64d-ba482e3b8ed9,C.A. Carrickfergus - Harbour Of Hope,20:00,,BT38 7SP,54.734919,-5.807569,Oakfield Community Centre,"Oakfield Dr,Carrickfergus",,Monday,False,False,False,False,This meeting is closed; only those who have a desire to stop using may attend.,"In-person,Closed,Speaker",Co. Antrim,Antrim,Northern Ireland,England,Cocaine Anonymous
a3a27617-ab32-5bda-bc28-111ca90117e6,C.A. South Belfast,19:00,1hr,BT12 5ER,54.591976,-5.936951,Sandy Row Community Centre,"63,63-75 Sandy Row,Belfast",,Friday,False,False,False,False,This meeting is closed; only those who have a desire to stop using may attend.,"In-person,Closed,Newcomer,Speaker",,Antrim,Northern Ireland,England,Cocaine Anonymous
54a21963-93ef-589c-a743-dfda7d4d4eb3,The Bridge From Ship To Shore,20:00,1hr,BT4 1GE,54.599071,-5.896047,Dee Street Community Centre,"12,16 Dee St,Belfast",,Wednesday,False,False,False,False,,"In-person,Newcomer,Speaker",,Antrim,Northern Ireland,England,Cocaine Anonymous
38fb416c-f3c7-50f6-8305-b49c40ecd767,A Quiet Peace Meditation And Share Meeting,19:30,1hr 30mins,B23 6RH,52.526594,-1.836663,Oikos Cafe,"58 High St,Birmingham",,Tuesday,False,False,False,False,,In-person,,Birmingham,Midlands,England,Cocaine Anonymous
b3bf1ac0-370c-540e-9b3c-7565c6ad7945,"Birmingham Big Book Study ""The Way Out""",20:15,1hr,B91 3RA,52.413899,-1.780718,St Augustines Rc Church,"1 Herbert Rd,Solihull",,Wednesday,False,False,False,False,,"In-person,Big Book",,Birmingham,Midlands,England,Cocaine Anonymous
57d49262-0949-5cda-9348-20b16cee9b2f,Birmingham Newcomers Meeting,19:30,1hr,B5 5TH,52.477386,-1.890563,The Warehouse,"54-57 Allison St,Birmingham",,Tuesday,False,False,False,False,,"In-person,Big Book",,Birmingham,Midlands,England,Cocaine Anonymous
a8beba2b-da71-5cb1-8f15-0a1eaf6defd6,Birmingham Saturday 8:00 Pm,20:00,1hr 15mins,B37,52.4910152,-1.7514394,Birmingham,"Oakthorpe Dr,Birmingham",,Saturday,False,False,False,False,,In-person,"Doors open 7.30pm
F2F",Birmingham,Midlands,England,Cocaine Anonymous
ff7d3103-220e-56f6-8c55-b2f3e06907af,Smethwick Big Book Study Meeting,19:30,1hr,B67 6EH,52.486774,-1.973832,Dorothy Parkes Centre,"Dorothy Parkes Centre,Church Rd,Smethwick",,Monday,False,False,False,False,,"In-person,Big Book",,Birmingham,Midlands,England,Cocaine Anonymous
1a900c05-4b11-5738-a0de-4bd28493099b,Experience Strength &Amp; Hope,18:30,1hr,BN3 3PB,50.831232,-0.166001,Vicarage Office,"All Saints Church, Wilbury Rd",,Saturday,False,False,False,False,,In-person,,Brighton Area,South East,England,Cocaine Anonymous
6b73cb42-0872-5824-8f6b-1b227d9d9863,Prayer And Meditation,18:30,1hr,BN1 1UF,50.823467,-0.139612,Brighton Unitarian Church,"New Rd,Brighton",,Wednesday,False,False,False,False,,"In-person,Meditation","Christmas & New Years Information:
25/12/2024: CLOSED
11",Brighton Area,South East,England,Cocaine Anonymous
dad852e1-b839-5312-adfd-7fce5c1f1442,Grounded In A Power Greater,19:00,1hr,BS16,51.4938018,-2.4945293,"The Scout Hut, Fishponds Baptist Church","Downend Rd,Bristol",,Wednesday,False,False,False,True,This meeting is open and anyone may attend.,"In-person,12 Steps & 12 Traditions,Discussion,Open",,Bristol and District,South Midlands,England,Cocaine Anonymous
6d240c76-82f0-5b9a-9680-89f010601393,Hope Faith And Courage,19:30,1hr,BS11 0LT,51.498572,-2.665397,Lawrence Weston Baptist Church,117-119 Long Cross,,Wednesday,False,False,True,True,This meeting is open and anyone may attend.,"In-person,Chit System,Open",,Bristol and District,South Midlands,England,Cocaine Anonymous
1482e54b-5db7-5758-9551-82e50d28e100,Newcomers Into Action,13:00,1hr,BS1 4EF,51.451709,-2.594503,ARA Building,"Kings Court,11 King St,Bristol",,Tuesday,False,False,False,True,This meeting is open and anyone may attend.,"In-person,Open,Speaker","Car parks nearby
Room opens for fellowship at 12.30pm",Bristol and District,South Midlands,England,Cocaine Anonymous
a461577b-e18a-54ce-9667-7906a036b81a,A Vision Of Recovery,19:00,1hr,M20 2ZD,53.422731,-2.255864,Christ Church,"Darley Ave,Manchester",,Friday,False,False,False,False,,"In-person,Child-Friendly,Speaker,Women","The meeting is at the rear of the church
Women-only Child-friendly
Unity at 6.30-7 pm & a 10-minute comfort break in the meeting
Meetings schedule
1st Fri = Step 11 Meditation
2nd Fri = General shares
3rd Fri = Main share
4th Fri = General shares",Cheshire East,North West,England,Cocaine Anonymous
876b7898-55d4-5fe0-97a6-394809231b52,Back To Basics,19:15,1hr 30mins,CW9 5PD,53.259436,-2.503384,The Old Council House,"Church Rd,Northwich",,Monday,False,False,False,False,,"In-person,12 Steps & 12 Traditions,Big Book,Discussion,Step Meeting",First Meeting Monday 12th May,Cheshire East,North West,England,Cocaine Anonymous
023838db-8626-5cfd-abb0-41f6b6fc2f4a,Everyday Freedom,19:00,1hr,CW7 3DR,53.19376,-2.503991,Christ Church,"169 Crook Ln,Winsford",,Friday,False,False,False,False,This meeting is closed; only those who have a desire to stop using may attend.,"In-person,Closed,Speaker","Enter by Car Park Doors
Car Park and Street parking",Cheshire East,North West,England,Cocaine Anonymous
8bca46cb-4157-56ff-a10b-5c26df7d6bb3,Friday Night Hyde,19:00,1hr 30mins,SK14 1JZ,53.44751,-2.07702,St George's Church,"Church St,Hyde",,Friday,False,False,False,False,,"In-person,Newcomer",Street Parking On Church Street,Cheshire East,North West,England,Cocaine Anonymous
bf46a200-fb01-5182-812e-3e2f588c4ed5,Macclesfield Women's CA Meeting,19:00,1hr,SK10 1DY,53.2601,-2.125504,"St Michaels And All Angels Church, Church Side","Market Pl,Macclesfield",,Thursday,False,False,False,False,,"In-person,Women","Doors open at 18:30 and close at 20:30 for unity.
Free car park after 15:00 Duke Street Car Park, (SK11 6UR) and after 18:00 at Grosvenor Multi-Story Car Park (SK11 6AY).",Cheshire East,North West,England,Cocaine Anonymous
5d9da39e-35ea-5774-8a8c-7f1103f2802e,First Things First,19:30,1hr,CH1 2AR,53.192392,-2.893247,Freedom Church,"6 Hunter St,Chester",,Friday,False,False,False,False,,"In-person,Speaker",First meeting Friday 23rd May,Chester City,North West,England,Cocaine Anonymous
4275ce6d-1783-51c7-a4a5-720ee539c81f,Cocaine Anonymous,19:30,1hr,TR10,50.1681617,-5.1032203,Town Hall,"Higher Market St,Penryn",,Thursday,False,False,True,False,,"In-person,Big Book,Chit System,Newcomer,Speaker",Car park nearby,Cornwall,South West,England,Cocaine Anonymous
81be535a-1e03-57bb-ad98-c59fe5fed1ae,Coventry CA,20:00,1hr,CV4 8DJ,52.393754,-1.573818,Coventry,"Charter Ave,Coventry",,Thursday,False,True,False,False,This meeting is closed; only those who have a desire to stop using may attend.,"In-person,Big Book,Closed,Discussion,Literature,Newcomer,Wheelchair Access","Street Parking
11",Coventry and Warwickshire,Midlands,England,Cocaine Anonymous
60565462-6cad-5ed8-b1d0-9e0023625c42,Rugby,19:00,1hr,CV22 6AQ,52.367241,-1.264432,Rugby Hibberts Hall St Marie's Church Parish,"Oak St,Rugby",,Friday,False,False,False,False,,In-person,"Meeting closed 22nd November
F2F",Coventry and Warwickshire,Midlands,England,Cocaine Anonymous
7e242617-c93a-5a80-afd5-e855bc4fa207,There Is A Solution!,19:00,1hr,CV6 7ED,52.438879,-1.480361,St Laurence's Church Hall,"Old Church Rd,Coventry",,Tuesday,False,False,False,False,,In-person,Doors open 6.30pm,Coventry and Warwickshire,Midlands,England,Cocaine Anonymous
e2249749-053b-580f-af2b-45701a0427f9,Cocaine Anonymous Lunchtime Meeting,11:30,1hr,EX4 6PH,50.729025,-3.521117,Sidwell Street Methodist Church,"60-64 Sidwell St,Exeter",,Friday,False,True,True,True,This meeting is open and anyone may attend.,"In-person,Chit System,Literature,Open,Speaker,Wheelchair Access",Carpark(s) Nearby,Devon Central,South West,England,Cocaine Anonymous
bb00f6d2-5759-5b01-aade-c573b4ff7966,12 Simple Rules,18:00,1hr,TS27 4LG,54.746799,-1.290436,Blackhall Community Centre,"Hesleden Rd,Hartlepool",,Tuesday,False,True,True,True,This meeting is open and anyone may attend.,"In-person,12 Steps & 12 Traditions,Big Book,Child-Friendly,Chit System,Discussion,Literature,Newcomer,Open,Speaker,Wheelchair Access,Young People",,Durham and Cleveland,North East,England,Cocaine Anonymous
9b6ac574-a780-582d-b52b-0af88cbf709e,Recovery Rocks Meditation Meeting,09:30,1hr,TS5 4JS,54.554016,-1.26515,Acklam Green Centre,"Stainsby Road,Middlesbrough",,Saturday,False,True,False,False,This meeting is closed; only those who have a desire to stop using may attend.,"In-person,Closed,Discussion,Literature,Newcomer,Wheelchair Access",,Durham and Cleveland,North East,England,Cocaine Anonymous
73e8c9ac-5327-5aee-9a0c-0098766e874e,Archway To Freedom,20:00,1hr 30mins,SG13 7DZ,51.798102,-0.070038,Hertford Methodist Church,Ware Rd,,Tuesday,False,False,False,False,,In-person,"(capacity of 15 with 2m distancing.
​Track and Trace in operation: anonymity will not be comprimised)
F2F",East Herts or West Essex,Eastern,England,Cocaine Anonymous
1e0d9190-aa0f-5f96-9873-289e56c84fa1,Candlelit Newcomers Meeting,19:30,1hr,EN10 6AA,51.728652,-0.025341,Broxbourne,"Slipe Ln,Turnford,Broxbourne",,Wednesday,False,False,False,False,,In-person,F2F,East Herts or West Essex,Eastern,England,Cocaine Anonymous
f1836f07-c3a3-58d8-a7c9-d05bb0ccf567,Hertford,20:00,1hr,SG13 7DZ,51.798102,-0.070038,Hertford Methodist Church,Ware Rd,,Thursday,False,False,False,False,,"In-person,Online","Zoom link: <a href='https://zoom.us/j/7670328022' target='_blank'>https://zoom.us/j/7670328022</a>
F2F",East Herts or West Essex,Eastern,England,Cocaine Anonymous
cdf94c19-d16c-5f84-a063-8453541a66d5,Sisters In Strength - Harlow Women's Meeting,19:30,1hr 30mins,CM20 1XR,51.769385,0.09256,"Open Road, Unit 55","Harvey Centre Approach,Harlow",,Wednesday,False,True,False,False,,"In-person,12 Steps & 12 Traditions,Wheelchair Access,Women",Doors open at 19:00,East Herts or West Essex,Eastern,England,Cocaine Anonymous
e667c7e6-2c5e-5639-a86b-d7d097acf15d,Steel On Steel Breakfast Meeting,09:00,1hr 30mins,SG13 7DZ,51.798102,-0.070038,Hertford Methodist Church,Ware Rd,,Saturday,False,False,False,True,This meeting is open and anyone may attend.,"In-person,Open",Doors open at 8:30.,East Herts or West Essex,Eastern,England,Cocaine Anonymous
b979516c-c6d8-5820-a436-ab1827a449aa,Waltham Cross CA,18:30,1hr,EN8 7ED,51.692535,-0.033485,Waltham Cross,"High St,Waltham Cross",,Friday,False,False,False,False,,In-person,F2F,East Herts or West Essex,Eastern,England,Cocaine Anonymous
2e967fa6-4f7b-50b6-9f3a-72aaaebdd176,Ware CA,19:30,1hr,SG12 7BS,51.811159,-0.029368,Ware,"Kibes Ln,Ware",,Saturday,False,False,False,False,,In-person,F2F,East Herts or West Essex,Eastern,England,Cocaine Anonymous
7b736566-4702-55ea-a3a5-309927564e78,Whatever Meeting,19:00,1hr 30mins,EN9 1SD,51.686266,0.007275,St. Thomas More & St. Edward Catholic Church,"6 Rochford Ave,Waltham Abbey",,Thursday,False,False,False,False,,In-person,Meeting closed on 17th April 2025 and 29th May 2025.,East Herts or West Essex,Eastern,England,Cocaine Anonymous
596fc09f-0a81-52cf-97c7-86b12b504a07,Cocaine Anonymous Blackburn,19:30,1hr 30mins,BB2 2EF,53.746176,-2.486591,Phoenix Hub,"Salvation Army Hostel Grounds, Heaton St, The Entrance To The Hub Is From Clayton St",,Wednesday,False,False,False,True,This meeting is open and anyone may attend.,"In-person,Big Book,Discussion,Literature,Newcomer,Open,Speaker,Young People",Street parking,East Lancs,North West,England,Cocaine Anonymous
92dcd132-2e05-5262-adba-141d9291dda0,"New Beginnings, Women’S, Theys &Amp; Gays",18:30,1hr,BN21 3UH,50.770469,0.28035,Lift House,"Cgl, 6 St Leonards Rd",,Wednesday,False,False,False,True,This meeting is open and anyone may attend.,"In-person,LGBTQ,Newcomer,Open","Christmas & New Years Information:
25/12/2024: OPEN",East Sussex,South East,England,Cocaine Anonymous
ee4688ad-5d6b-5345-aff4-3ef7675d26d8,Open H&Amp;I Eastbourne,17:30,1hr,BN21 3UH,50.770469,0.28035,Lift House,"Cgl, 6 St Leonards Rd",,Thursday,False,False,False,True,This meeting is open and anyone may attend.,"In-person,English,Newcomer,Open","Christmas & New Years Information:
26/12/2024: CLOSED",East Sussex,South East,England,Cocaine Anonymous
ad848312-db81-5051-a227-a2300cb7e0bf,Quiet Peace &Amp; Monthly Topic Q&Amp;A,19:30,1hr,BN21 3UH,50.770469,0.28035,Lift House,"Cgl, 6 St Leonards Rd",,Thursday,False,False,False,True,This meeting is open and anyone may attend.,"In-person,Big Book,Discussion,Open,Speaker","Christmas & New Years Information:
26/12/2024: OPEN",East Sussex,South East,England,Cocaine Anonymous
906b5d02-5e6e-546a-9608-652e38f6728f,Step One Open H&Amp;I Meeting,19:30,1hr,BN21 2UH,50.786964,0.2670207,"Eastbourne Hospital, King's Dr, Eastbourne,BN21 2UD","Kings Dr,Eastbourne",,Sunday,False,True,False,True,This meeting is open and anyone may attend.,"In-person,Discussion,English,Newcomer,Open,Speaker,Step Meeting,Wheelchair Access",Post recovery room ECT department,East Sussex,South East,England,Cocaine Anonymous
664638fc-8528-5730-ab82-74421155d5c0,Corringham Newcomers Meeting,19:00,1hr 30mins,SS17 7PE,51.525468,0.449879,Corringham Baptist Church,"Springhouse Rd,Corringham,Stanford-Le-Hope",,Wednesday,False,True,False,True,This meeting is open and anyone may attend.,"In-person,LGBTQ,Newcomer,Open,Speaker,Wheelchair Access,Young People","Doors open at 18:30 for fellowship, teas / coffees.",Essex,Eastern,England,Cocaine Anonymous
45983905-c39e-543f-a1b7-8efc4898f475,Friday Honeypot Hive Of Recovery,19:30,1hr 30mins,SS14 2JZ,51.575187,0.46446,Living World Community Church,6 Honeypot Lane,,Friday,False,False,False,True,This meeting is open and anyone may attend.,"In-person,Open",,Essex,Eastern,England,Cocaine Anonymous
ed1ad395-cbe2-565d-95c1-aeda91924564,"Hope, Faith &Amp; Courage",20:00,1hr 30mins,CM6 3GG,51.859461,0.417733,Flitch Green Community Hall,"Tanton Rd,Little Dunmow,Dunmow",,Monday,False,False,True,True,This meeting is open and anyone may attend.,"In-person,Newcomer,Open,Speaker","Chit
On site parking",Essex,Eastern,England,Cocaine Anonymous
65adcfb7-9ba2-56f5-88e0-efcbf2cf8c89,Cambridge Friday CA,19:30,1hr 30mins,CB4 1RW,52.221482,0.14684,Cambridge,"Green End Rd,Cambridge",,Friday,False,False,False,True,This meeting is open and anyone may attend.,"In-person,Open",F2F,Fenland,Eastern,England,Cocaine Anonymous
cef86d0f-ad81-58a0-8c9f-7fd52a460c8f,One Day At A Time,19:00,1hr 30mins,CB9 0JB,52.085578,0.4421,Chalkstone Community Centre,"Millfields Way,Haverhill",,Wednesday,False,False,False,True,This meeting is open and anyone may attend.,"In-person,Open","This meeting is open and anyone may attend.
Parking On-site",Fenland,Eastern,England,Cocaine Anonymous
03887452-31e6-56c3-9973-89a9676e8698,Peterborough &Amp; Stamford Primary Purpose,19:30,1hr 30mins,PE1 1DY,52.569314,-0.242184,Aspire House,"1St Floor, 102-104 Bridge St, (Aspire House Is Opp Peterborough Magistrates Ct)",,Tuesday,False,False,False,False,,In-person,"Step Study & Speaker meeting
doors open at 6pm for tea Coffee & Unity
Meeting 7.30pm till 9pm with refreshment and convenience break
Parking is on the side road by Fletton cemetery or Fletton surgery
F2F",Fenland,Eastern,England,Cocaine Anonymous
0e6e123e-7fed-53dc-9c45-4210e12f7e45,Peterborough Courage To Change Newcomers,17:00,1hr 15mins,PE1 1DY,52.569314,-0.242184,Aspire House,"1St Floor, 102-104 Bridge St, (Aspire House Is Opp Peterborough Magistrates Ct)",,Sunday,False,False,False,False,This meeting is closed; only those who have a desire to stop using may attend.,"In-person,Online,Closed","Zoom link: <a href='https://zoom.us/j/3402659813' target='_blank'>https://zoom.us/j/3402659813</a>
Hybrid Log on 16:45
This is a Hybrid Meeting Closed to non addicts except last Sunday of the month.
The Zoom online code is 3402659813
No password
Also the Sunday Peterborough meeting has 15 minutes time for newcomers and closes at 18:15
Doors open 16:30.",Fenland,Eastern,England,Cocaine Anonymous
f8c79f68-9d53-586b-91ea-b2863d9d39ee,The Keystone Big Book/Share Meeting,19:30,1hr 30mins,PE29 3TE,52.328193,-0.179665,Methodist Church,17 High St,,Thursday,False,False,False,False,,"In-person,Big Book,Speaker",Doors Open at 7pm for Unity,Fenland,Eastern,England,Cocaine Anonymous
a4ad5ad4-72e2-58ac-9b1f-bbccbea23b00,Wednesday Ely Meeting,19:30,1hr 30mins,CB7 4PL,52.401253,0.264989,City Of Ely Bowls Club,Nutholt Ln,,Wednesday,False,False,False,False,,In-person,"Doors open 7pm
Parking is available in the garage next door.
F2F",Fenland,Eastern,England,Cocaine Anonymous
3bf14f06-ed7e-57b1-af8f-6fc8bcd09141,Women’S Meeting,16:00,1hr,TN34 1SR,50.858264,0.58158,"The Salvation Army St Andrew's Square, Hastings TN34 1SR","26 St Andrew's Square,Hastings",,Sunday,False,True,False,True,This meeting is open and anyone may attend.,"In-person,Discussion,Newcomer,Open,Speaker,Wheelchair Access,Women","Topic meeting one week , Chair meeting the next",Hastings and Rother,South East,England,Cocaine Anonymous
50f53ee3-9faa-5505-bfe5-3cbcc430f10a,Steps To Serenity,19:30,1hr,HU3 1XH,53.749752,-0.347666,Trafalgar House,41-45 Beverley Rd,,Wednesday,False,False,True,False,This meeting is closed; only those who have a desire to stop using may attend.,"In-person,Chit System,Closed,Discussion,Newcomer,Speaker","Street parking
Open - on request",Hull and East Riding,North East,England,Cocaine Anonymous
41f1c545-3413-597a-8da3-bdd0a6d145c7,Steps To Serenity,10:30,1hr 30mins,HU3 1XH,53.749752,-0.347666,Trafalgar House,41-45 Beverley Rd,,Saturday,False,False,False,False,,"In-person,Big Book,Child-Friendly,Literature,Newcomer",Street parking,Hull and East Riding,North East,England,Cocaine Anonymous
96aa5871-b953-5565-a885-47c5dac8f374,"CA ""Dens"" Hemel Hempstead",18:45,1hr 15mins,HP2 5QN,51.764154,-0.456803,St Paul's Church,"Solway, Highfield",,Wednesday,False,False,False,False,,"In-person,Speaker",F2F,Lea Valley,Eastern,England,Cocaine Anonymous
9af0a600-9d82-5a34-92b7-68aed76dfcec,"Experience, Strength And Hope,Watford",20:00,1hr 30mins,WD17 1JU,51.664194,-0.399226,Watford,"18 Station Rd,Watford",,Wednesday,False,False,False,False,,In-person,"Booking by email is no longer required. Just turn up and sign in at the door.
F2F",Lea Valley,Eastern,England,Cocaine Anonymous
9cbb0149-e9ab-54df-876f-1e497a920cbc,Hatfield,20:15,1hr 15mins,AL10 0UR,51.76485,-0.226526,Hatfield,"St Martins House,14 The Common,Hatfield",,Thursday,False,False,False,False,,In-person,,Lea Valley,Eastern,England,Cocaine Anonymous
768ed294-0110-5bed-86cf-5d680ed88632,Hemel Hempstead CA,19:00,1hr,HP2 7AZ,51.768992,-0.44805,Dens - The Elms,Redbourne Rd,,Thursday,False,False,False,False,,In-person,"Share meeting. Big Book study last Thursday of the month.
F2F",Lea Valley,Eastern,England,Cocaine Anonymous
4f663d6a-6214-5e9c-9707-62843f9835e7,Into Action,09:00,1hr,WD23 4JP,51.639137,-0.342149,Boys Scout Hub,"3 Little Bushey Ln,Bushey",,Saturday,False,False,False,False,,In-person,"Bushmead Community Hub
F2F",Lea Valley,Eastern,England,Cocaine Anonymous
6f39ab9d-f0f5-5c0c-9dba-36a91695a2d6,London Colney Newcomers,20:00,1hr 30mins,AL2 1QA,51.719853,-0.290607,St Peters Church,Riverside,,Tuesday,False,False,False,False,,In-person,F2F,Lea Valley,Eastern,England,Cocaine Anonymous
73664297-daf2-5502-a150-c4c3a538a458,St Albans Candlelight Meeting,19:15,1hr 15mins,AL1 2PT,51.741514,-0.349045,St Stephen's Church Hall,Watling St,,Thursday,False,False,False,False,,In-person,"Now accommodating up to 30 people.
F2F",Lea Valley,Eastern,England,Cocaine Anonymous
425f2633-a735-5c56-966a-8c8904878459,There Is A Solution. Hemel Hempstead,19:45,1hr 15mins,HP3 8QP,51.746252,-0.431021,Holy Trinity Church,"10 Bedmond Rd,Hemel Hempstead",,Monday,False,False,False,False,,In-person,Doors open at 7:15pm,Lea Valley,Eastern,England,Cocaine Anonymous
000e0f6b-a7ce-5e2f-ad1a-a3d9cf4aa2e9,Thursday Night Big Book Study,19:30,1hr,WD17 2AH,51.651717,-0.3916,The Wellspring Church Centre,"The Wellspring Church Centre,1 Wellspring Way,Watford",,Thursday,False,False,False,False,,"In-person,Big Book",F2F,Lea Valley,Eastern,England,Cocaine Anonymous
f4f4db74-08b0-5900-a5ba-476ba26b6db1,Watford Chair Meeting,20:00,1hr 30mins,WD17 1JU,51.664194,-0.399226,Watford,"18 Station Rd,Watford",,Friday,False,False,False,False,,In-person,"This meeting is returning to face to face.
F2F",Lea Valley,Eastern,England,Cocaine Anonymous
fe591763-d9c7-5ba3-96c1-827654c95d69,Watford Monday Night,20:00,1hr 30mins,WD18 0GB,51.656146,-0.399264,Holyrood House,"Holyrood House,Exchange Rd,Watford",,Monday,False,False,False,False,,In-person,"Places needed to be booked via email through [email protected]
F2F",Lea Valley,Eastern,England,Cocaine Anonymous
008b7f6f-1b2a-59bb-beae-f6c62b02c5b9,Horncastle Hopeless To Hopeful,20:00,1hr 15mins,LN9 6EY,53.204145,-0.112202,Horncastle,"1 Boston Rd,Horncastle",,Tuesday,False,False,False,False,,"In-person,Step Meeting",Open 7:30 for Unity,Lincolnshire,Midlands,England,Cocaine Anonymous
9dc95900-2bdd-5369-844b-9442a900a13f,"Lincoln CA - Hope, Faith &Amp; Courage",18:00,1hr 30mins,LN1 1XG,53.229716,-0.543454,Double Impact,30 Newland,,Sunday,False,False,False,True,This meeting is open and anyone may attend.,"In-person,Online,Open","Zoom link: <a href='https://zoom.us/j/3861741063' target='_blank'>https://zoom.us/j/3861741063</a>
Parking next to the venue
Room opens at 17:30
Meeting finishes at 19:30
Open meeting, all welcome.
F2F",Lincolnshire,Midlands,England,Cocaine Anonymous
eb0179d4-9b95-5273-b936-27297ee3d60a,Spalding Big Book,19:30,1hr 15mins,PE11 2XP,52.783915,-0.152706,The Light House,"10 Haverfield Rd,Spalding",,Sunday,False,False,False,False,,"In-person,Big Book","Second Sunday of the month - 12 Steps and 12 Traditions
Last Sunday of the month - Speaker/Share
Doors open at 7:00pm for unity, meeting starts at 7:30pm and ends at 8:45pm",Lincolnshire,Midlands,England,Cocaine Anonymous
b6084224-eaf0-5a09-93fb-a4128e873068,Back To Basics,11:30,1hr 45mins,L5 8SN,53.420276,-2.984524,League Of Welldoers,Limekiln Lane,,Monday,False,False,False,False,This meeting is closed; only those who have a desire to stop using may attend.,"In-person,Closed",,Liverpool City,North West,England,Cocaine Anonymous
9fb6bf55-a865-5d8d-b827-ec613b0e7313,"Hope, Faith &Amp; Courage Meeting",19:00,1hr 15mins,L17 8UU,53.381854,-2.944654,Old Police Station,"80 Lark Ln,Liverpool",,Sunday,False,False,True,True,This meeting is open and anyone may attend.,"In-person,Chit System,Discussion,Newcomer,Open","Street parking
Hope, Faith and Courage meeting",Liverpool City,North West,England,Cocaine Anonymous
22f4dc97-9bf3-5eda-bbdb-10d8cf65d6f4,Never Too Young To Recover,12:00,1hr 15mins,L1 9EF,53.402231,-2.972902,Baltimore Buildings,"Baltimore Buildings,17 Rodney St,Liverpool",,Sunday,False,False,False,False,,"In-person,Big Book,Newcomer,Speaker","1st and 2nd weeks of the month are Big Book Study, 3rd week is Traditions, 4th week is a Main Share",Liverpool City,North West,England,Cocaine Anonymous
106b829a-7e89-56d1-be35-f65d3fd402e0,Saturday Solution Group,10:00,1hr,L20 5AE,53.456479,-2.991566,St Matthews Church,"410 Stanley Rd,Bootle",,Saturday,False,True,True,False,This meeting is closed; only those who have a desire to stop using may attend.,"In-person,Big Book,Chit System,Closed,Cross Talk Permitted,Discussion,Literature,Newcomer,Wheelchair Access",Open meeting on request,Liverpool City,North West,England,Cocaine Anonymous
b2005e68-2361-519c-9fe4-c0b27c2f3a0b,The 4Th Dimension,18:30,1hr 15mins,L20 5DF,53.458918,-2.996351,Goddard Hall,"297 Knowsley Rd,Bootle",,Tuesday,False,False,False,True,This meeting is open and anyone may attend.,"In-person,Discussion,Literature,Open",Readings from Hope Faith and Courage,Liverpool City,North West,England,Cocaine Anonymous
ba5253a9-761b-5d73-a937-7b40db054eb4,The Sisters Afterward,09:45,1hr,L1 4JN,53.402155,-2.981007,The Brink,"15-21 Parr St,Liverpool",,Friday,False,False,False,True,This meeting is open and anyone may attend.,"In-person,Big Book,Child-Friendly,Open,Women","Street parking
Doors open 9.15am for fellowship and tea & coffee",Liverpool City,North West,England,Cocaine Anonymous
21baf350-d255-52a7-8ea7-07c7faaa7455,Sobriety In Selsdon,19:30,1hr 30mins,CR2 8DD,51.342759,-0.066195,St John The Devine Church,"Upper Selsdon Rd,South Croydon",,Tuesday,False,False,False,True,This meeting is open and anyone may attend.,"In-person,Open","Car Park on site
Open Meeting",London Croydon Epsom and Sutton,London (South),England,Cocaine Anonymous
475431ae-8983-5340-aa2d-cb2683df4161,The Addicts And Alcoholics Group Of Cocaine Anonymous,19:00,1hr,BR6 0NE,51.373787,0.09828,Orpington Village Hall,"311 High St.,Orpington",,Wednesday,False,False,False,False,,"In-person,12 Steps & 12 Traditions,Big Book,Speaker,Step Meeting",,London North Kent,London (South),England,Cocaine Anonymous
c555b2e1-b35f-5e1d-9c5f-01e44e31e90a,The Priory H&Amp;I Meeting,19:00,1hr 15mins,SW15 5JJ,51.462539,-0.251509,Chapel Room,"The Priory Hospital, Priory Lane",,Monday,False,False,False,True,This meeting is open and anyone may attend.,"In-person,Open",On site parking,London South West,London (South),England,Cocaine Anonymous
e9389c59-f049-5e35-9c36-bd2c8e38ae4d,Cocaine Anonymous,19:00,1hr,M9 0RA,53.533686,-2.222735,Higher Blackley Community Centre,"Victoria Ave,Manchester",,Sunday,False,True,False,False,This meeting is closed; only those who have a desire to stop using may attend.,"In-person,12 Steps & 12 Traditions,Closed,LGBTQ,Newcomer,Wheelchair Access,Young People",Street parking,Manchester,North West,England,Cocaine Anonymous
053c440c-7bdf-52fa-847a-1f5983ae370f,Salford Orchard Meeting,19:00,1hr 15mins,M6 6GU,53.496346,-2.283544,Achieve Drug And Alcohol Services,"2 Langley Road South,Salford",,Monday,False,True,False,True,This meeting is open and anyone may attend.,"In-person,Discussion,Open,Wheelchair Access",On-Site Parking,Manchester,North West,England,Cocaine Anonymous
0bf04a28-54d9-5cb3-b986-44b3bf0fdfc9,Chertsey CA,19:15,1hr 5mins,B37,51.386491,-0.509456,St Peter's Church,"5,Chertsey",,Saturday,False,False,False,True,This meeting is open and anyone may attend.,"In-person,Open,Speaker",,Mid Surrey,South East,England,Cocaine Anonymous
242ceee9-ddc0-5be5-879c-659d7d63eab3,Lifeworks H&Amp;I Meeting,19:30,1hr,GU22 8LB,51.302778,-0.536092,Life Works,"The Grange, High St, Old Woking",,Wednesday,False,True,False,True,This meeting is open and anyone may attend.,"In-person,Open,Speaker,Wheelchair Access",,Mid Surrey,South East,England,Cocaine Anonymous
4ead9057-5640-581a-9b29-f0b7a6f7ab4d,Primrose Lodge H&Amp;I Cocaine Anonymous,19:00,1hr 15mins,GU3 3RF,51.277059,-0.609126,Primrose Lodge,"Worplesdon Rd,Guildford",,Friday,False,False,True,False,,In-person,"Chit
Car parks nearby",Mid Surrey,South East,England,Cocaine Anonymous
ee242c2b-b0e7-5ccf-96d5-cd8163c4dec4,Road To Recovery,19:30,1hr,RH4 2QD,51.218118,-0.323303,The Harvest Church,"Stubs Hill,Dorking",,Wednesday,False,False,False,True,This meeting is open and anyone may attend.,"In-person,Newcomer,Open,Speaker",Meeting Opening on 26th March 2025,Mid Surrey,South East,England,Cocaine Anonymous
c2e8f3e1-ff80-54dd-9fd7-502392c7f29f,Meet The Solution,19:00,1hr,MK6 3DD,52.019187,-0.720413,Tinkers Bridge Meeting Place,"43 Marshworth,Tinkers Bridge,Milton Keynes",,Monday,False,False,False,False,,In-person,F2F,Milton Keynes,Eastern,England,Cocaine Anonymous
c05fe9ac-fab9-5ea9-9fb7-2fa50b4c54eb,Beccles CA,19:30,1hr,NR34 9JQ,52.448305,1.574172,St Luke's Church,"61 Rigbourne Hill,Beccles",,Monday,False,False,False,False,,In-person,F2F,North East Anglian,Eastern,England,Cocaine Anonymous
a69697a9-10e4-5181-8ebf-1bae33eb2f50,Lowestoft CA,19:00,1hr,NR32 2DQ,52.477999,1.744561,Lowestoft,"Roman Rd,Lowestoft",,Wednesday,False,False,False,False,,In-person,F2F,North East Anglian,Eastern,England,Cocaine Anonymous
e1c3dd4a-301a-5a73-b8d5-c0b6fc1fe809,Norwich,19:30,1hr 30mins,NR7 8TR,52.65252,1.309815,Diamond Centre,"School Ln, Sprowston",,Friday,False,False,False,False,,In-person,,North East Anglian,Eastern,England,Cocaine Anonymous
51f2d2c6-77d2-5090-a8fa-49130cc75543,Step 11Meditation Meeting,09:30,1hr 15mins,NR32 1UG,52.483221,1.750367,Lowestoft,"Boston Rd,Lowestoft",,Saturday,False,False,False,False,,In-person,F2F,North East Anglian,Eastern,England,Cocaine Anonymous
93683b1d-2c5e-5fbe-b665-4cc375114904,The Problem Has Been Removed,19:30,1hr 30mins,IP27 9HF,52.416389,0.520697,Abundant Life Church,"Lakenheath Village Back St,Lakenheath,Brandon",,Monday,False,False,False,False,,In-person,"Doors open at 7pm
F2F",North East Anglian,Eastern,England,Cocaine Anonymous
5aea17b4-3ae7-5b92-b388-cde41b6bf0b3,Archway To Freedom,19:30,1hr 30mins,SG6 3ER,51.980023,-0.225522,Resolve House,"Resolve House,Letchworth Garden City",,Wednesday,False,False,False,False,,In-person,F2F,North Herts and North Beds,Eastern,England,Cocaine Anonymous
d9656976-e28d-5ce5-8f73-f8fa0ac4bcdd,Bedford Blazing The Trial To Recovery Primary Purpose Group,19:30,1hr,MK40 2BY,52.141095,-0.476674,Quaker House,5 Lansdowne Rd,,Thursday,False,False,False,False,,In-person,F2F,North Herts and North Beds,Eastern,England,Cocaine Anonymous
4baba761-55a9-59af-8274-8c30bb21c056,Biggleswade CA,19:30,1hr 30mins,SG18 0LN,52.087363,-0.260169,The Labour Hall,Crab Lane,,Tuesday,False,False,False,False,,In-person,"Open from 19/10/2021
F2F",North Herts and North Beds,Eastern,England,Cocaine Anonymous
f65ea32b-c8d2-5c85-a0f5-4a692ed513da,Great Denham,19:30,1hr,MK40 4GP,52.12914,-0.50858,Great Denham,"86 Saxon Way,Bedford",,Tuesday,False,False,False,False,,In-person,,North Herts and North Beds,Eastern,England,Cocaine Anonymous
6e4898dd-f346-511f-8399-ee760cd25158,Newcomers 12 Step Experiences,19:30,1hr,SG5,51.9681581,-0.3229678,Hitchin,"John Barker Pl,Hitchin",,Thursday,False,False,False,False,,In-person,F2F,North Herts and North Beds,Eastern,England,Cocaine Anonymous
47ed8495-06a1-543a-8018-0714e8ae7f64,Stevenage,19:30,1hr,SG1 3LS,51.908103,-0.202798,Methodist Church,"High St Old Town, (Side Door, Small Hall)",,Wednesday,False,False,False,False,,In-person,F2F,North Herts and North Beds,Eastern,England,Cocaine Anonymous
40af34ec-4c88-5f77-b363-94db8864008d,Stevenage,19:30,1hr,SG1 5QU,51.913341,-0.186164,Hampson Park Community Centre,"Hampson Park,Stevenage",,Friday,False,False,False,False,,In-person,F2F,North Herts and North Beds,Eastern,England,Cocaine Anonymous
4739a1db-d0e2-536a-a70e-a647f884dbe0,Stevenage,11:00,1hr 30mins,SG1 3LS,51.908103,-0.202798,Methodist Church,"High St Old Town, (Side Door, Small Hall)",,Saturday,False,False,False,False,,In-person,,North Herts and North Beds,Eastern,England,Cocaine Anonymous
cd5fde69-640a-5fdf-8174-3a97eb074793,Stevenage CA,19:00,1hr 30mins,SG1 5QU,51.913341,-0.186164,Hampson Park Community Centre,"Hampson Park,Stevenage",,Monday,False,False,False,False,,In-person,F2F,North Herts and North Beds,Eastern,England,Cocaine Anonymous
4eadc8bf-61a8-5671-acb9-f9d39e1f964e,Stevenage Sunday,17:00,1hr 15mins,SG1 1UP,51.90155,-0.197652,Friends Meeting House,21 Cuttys Lane,,Sunday,False,False,False,False,,In-person,F2F,North Herts and North Beds,Eastern,England,Cocaine Anonymous
246e9a69-5ad6-59de-a155-71c8977523f4,The Rainbow Road To Serenity,19:30,1hr,SG2 0HL,51.9104,-0.170386,Stevenage,"Mobbsbury Way,Stevenage",,Thursday,False,False,False,False,,In-person,"LGBTQ+ & Allies
F2F",North Herts and North Beds,Eastern,England,Cocaine Anonymous
0f994f4f-2719-59dc-a345-fc96b12c0383,Sobriety Society,19:30,1hr,PR4,53.8115795,-2.8539892,Kirkham Methodist Church,"Nelson St,Kirkham,Preston",,Monday,False,False,False,False,,"In-person,Speaker","First Meeting 17.02.25
Doors Open For Unity at 19:00",North West,North West,England,Cocaine Anonymous
102d2d68-d199-5a45-bd38-59e9cee49fa3,Southport Solution Big Book Study,17:30,1hr,PR9 0QT,53.648008,-2.995118,CGL Building,"8 Church St,Southport",,Friday,False,True,False,True,This meeting is open and anyone may attend.,"In-person,Big Book,Discussion,Literature,Newcomer,Open,Speaker,Wheelchair Access,Young People",On-Site Parking,North West,North West,England,Cocaine Anonymous
37404926-633b-55ee-bbac-a8a7cebafea8,Sunday Night CA,19:00,1hr,LA14 1XL,54.1135,-3.232884,Lakeland House,"Abbey Rd,Barrow-In-Furness",,Sunday,False,False,True,False,,"In-person,12 Steps & 12 Traditions,Big Book,Chit System,Discussion,Literature,Newcomer,Speaker",Street parking,North West,North West,England,Cocaine Anonymous
29925bb4-c799-5552-9d7d-f1dd58e8ca1e,Workington Warriors,19:00,1hr,CA14 3SE,54.627934,-3.551585,Moorclose Community Centre,"Needham Dr,Workington",,Thursday,False,False,False,False,,"In-person,Big Book,Literature,Speaker","On-Site Parking
Please contact Paul on 07585510786 if you are struggling to find the venue.",North West,North West,England,Cocaine Anonymous
9e68e23e-c736-5614-92e8-570c2ba251b1,Cocaine Anonymous,19:30,1hr,LS25 1NR,53.792797,-1.378301,"Parish Centre, St Mary's Church","Church Ln,Garforth,Leeds",,Thursday,False,False,False,True,This meeting is open and anyone may attend.,"In-person,Big Book,Discussion,Literature,Newcomer,Open,Speaker",On site parking available,North Yorkshire,North East,England,Cocaine Anonymous
1f9d7e46-8cfb-5261-8e3f-b3429b9eb522,We Can Recover,19:00,1hr,HG1 5PP,53.991142,-1.530849,Friends Meeting House (Upstairs),12A Queen Parade,,Friday,False,True,True,False,This meeting is closed; only those who have a desire to stop using may attend.,"In-person,Big Book,Chit System,Closed,Literature,Newcomer,Speaker,Wheelchair Access",Parking - On site,North Yorkshire,North East,England,Cocaine Anonymous
66035325-89bb-5f09-a35f-494f6b8be858,12 Steps To Freedom,19:00,1hr 15mins,NN8 4HP,52.302302,-0.696844,Daylight Centre Fellowship,10 High St Place,,Friday,False,False,False,False,,In-person,Doors open at 6.30pm,Northamptonshire,Midlands,England,Cocaine Anonymous
5085e520-305c-50f8-b257-6d3d14be41a8,Corby Big Book Study,19:30,1hr,NN17 1EE,52.495413,-0.697288,Corby,"77 Occupation Rd,Corby",,Wednesday,False,False,False,False,,In-person,F2F,Northamptonshire,Midlands,England,Cocaine Anonymous
b082b87f-ce3f-5ea0-b932-5c376d8ebacd,Kettering,19:00,1hr 30mins,NN15 7AA,52.397333,-0.710289,Kettering,"Deeble Rd,Kettering",,Tuesday,False,False,False,False,,"In-person,Big Book",F2F,Northamptonshire,Midlands,England,Cocaine Anonymous
5230e6b4-7429-5fe6-9921-201d39f60e16,Monday Rushden,19:00,1hr 15mins,NN10 9TA,52.291998,-0.606665,Rushden,"159 Wellingborough Rd,Rushden",,Monday,False,False,False,False,,In-person,,Northamptonshire,Midlands,England,Cocaine Anonymous
3515ccd6-8d11-5623-9d47-2218c97e5f96,Northampton,19:00,1hr 15mins,NN1,52.2383888,-0.8836495,The Mind Building,"6 Regent Square,Northampton",,Thursday,False,False,False,False,,In-person,F2F,Northamptonshire,Midlands,England,Cocaine Anonymous
a47edc56-d5ed-54e9-ae64-50ca3c97548d,Northampton March Into Action,18:30,1hr 30mins,NN1,52.2383888,-0.8836495,The Mind Building,"6 Regent Square,Northampton",,Sunday,False,False,False,False,,In-person,"Recovery Share Meeting
F2F",Northamptonshire,Midlands,England,Cocaine Anonymous
cece51a9-617a-5c8d-8335-72efcaadd43b,Archway To Freedom Big Book Study. (Leicester),19:30,1hr,LE3 3PF,52.625198,-1.21446,Leicester,"Hinckley Rd,Leicester Forest East,Leicester",,Wednesday,False,False,False,False,,In-person,F2F,Nottinghamshire or Leicestershire,Midlands,England,Cocaine Anonymous
eefc9740-6aca-5b69-9c56-065c8144c4c6,Big Book Study Monday Meeting,19:00,1hr,NG1 2AS,52.95435,-1.149258,Nottingham,"2 King St,Nottingham",,Monday,False,False,False,False,,"In-person,Big Book",,Nottinghamshire or Leicestershire,Midlands,England,Cocaine Anonymous
b0c1e33b-5dec-5141-a8c6-a1252626d7f9,Bridgeway To A New Living,19:30,1hr 15mins,LE3 6RJ,52.644506,-1.180787,Leicester,"St Oswalds Rd,Leicester",,Tuesday,False,False,False,False,,In-person,"Doors open at 7pm
F2F",Nottinghamshire or Leicestershire,Midlands,England,Cocaine Anonymous
0a41dedb-4695-574b-a670-3baccc753328,"I Can't, We Can",19:30,1hr,LE1 3PL,52.636977,-1.127381,The Stairway Project,68 Humberstone Gate,,Friday,False,False,False,False,,In-person,F2F,Nottinghamshire or Leicestershire,Midlands,England,Cocaine Anonymous
4479036c-9dce-5368-a714-90828bb25906,Leicester CA Monday,19:00,1hr,LE1 3PL,52.636977,-1.127381,The Stairway Project,68 Humberstone Gate,,Monday,False,False,False,False,,"In-person,Online,Speaker","Zoom link: <a href='https://zoom.us/j/5549896892' target='_blank'>https://zoom.us/j/5549896892</a>
Located at The Stairwell Project
F2F",Nottinghamshire or Leicestershire,Midlands,England,Cocaine Anonymous
75c0307e-f670-502d-baec-2192d7219f33,Loughborough Step Meeting,18:00,1hr,LE11 1PL,52.775517,-1.20373,Loughborough,"Fearon Hall,Rectory Rd,Loughborough",,Saturday,False,False,False,False,,In-person,"Step Meeting
F2F",Nottinghamshire or Leicestershire,Midlands,England,Cocaine Anonymous
c9730d2f-e51d-54f2-ac6c-13d387a568aa,"Mansfield, Hope, Faith And Courage",19:00,1hr 15mins,NG17 1ES,53.122839,-1.267337,St. John's Methodist Church,"44 Brook St,Sutton-In-Ashfield",,Saturday,False,False,False,False,,"In-person,Online,Big Book","Zoom link: <a href='https://us02web.zoom.us/j/82149004675?pwd=a1lIc2JleVYvZjlZQVd3dVF1ZitlUT09' target='_blank'>https://us02web.zoom.us/j/82149004675?pwd=a1lIc2JleVYvZjlZQVd3dVF1ZitlUT09</a>
Hybrid Meeting
Meeting ID: 821 4900 4675
Password: 269910
Meeting opens - 6.45pm
F2F",Nottinghamshire or Leicestershire,Midlands,England,Cocaine Anonymous
f8b5b203-ac27-50e5-93bb-23d204bc95fa,Nottingham CA Wednesday,19:30,1hr 15mins,NG5 2EN,52.978756,-1.150777,Methodist Church,Devon Drive,,Wednesday,False,False,False,False,,In-person,"Main Share Meeting. Numbers currently limited at 15 attendees.
F2F",Nottinghamshire or Leicestershire,Midlands,England,Cocaine Anonymous
df161561-4b94-51c5-b2a0-20de3fc52584,Nottingham. There Is A Solution,18:30,1hr 15mins,NG2 7PQ,52.933661,-1.132523,Room 5,"The Methodist Church, Musters Rd, West Bridgford",,Sunday,False,False,False,False,,"In-person,Online,Speaker","Zoom link: <a href='https://zoom.us/j/929040907' target='_blank'>https://zoom.us/j/929040907</a>
Hybrid Meeting.
To guarantee you a space at this meeting please we have introduced a booking system, please call text or WhatsApp in advance to reserve a seat. 07470 779456
F2F",Nottinghamshire or Leicestershire,Midlands,England,Cocaine Anonymous
3a0f43e5-4be0-5808-9aa4-45ce85d5c1c3,Oakham,19:30,1hr,LE15 6AY,52.670623,-0.73329,Oakham Baptist Church,"Melton Rd,Oakham",,Tuesday,False,True,False,False,,"In-person,Literature,Newcomer,Speaker,Wheelchair Access","Car park(s) nearby
Room Open at 7pm for Unity. Parking is free behind the Church also street parking nearby. 2 minutes from the bus stops and train station. Open for Unity 30 minutes before the meeting free hot drinks available, Literature available",Nottinghamshire or Leicestershire,Midlands,England,Cocaine Anonymous
1c5f7cef-cd01-5595-a811-a3ef58a9e972,Something For The Weekend - Quiet Peace Themed Meeting,18:30,1hr,NG5 2EN,52.978756,-1.150777,Methodist Church,Devon Drive,,Friday,False,False,False,False,,In-person,,Nottinghamshire or Leicestershire,Midlands,England,Cocaine Anonymous
376c13ab-54c5-575c-8742-2d837a02b260,Sutton Newcomer's Meeting,19:30,1hr,NG17 1ES,53.122839,-1.267337,St. John's Methodist Church,"44 Brook St,Sutton-In-Ashfield",,Thursday,False,False,False,False,,In-person,F2F,Nottinghamshire or Leicestershire,Midlands,England,Cocaine Anonymous
d42df238-ca67-584d-a620-4d1915136ad9,Sutton-In-Ashfield,19:30,1hr,NG17 1ES,53.122839,-1.267337,St. John's Methodist Church,"44 Brook St,Sutton-In-Ashfield",,Monday,False,False,False,False,,In-person,F2F,Nottinghamshire or Leicestershire,Midlands,England,Cocaine Anonymous
2f0fc4c2-a437-5f01-9658-b6ee71632de3,The Problem Has Been Removed,18:30,1hr,LE1 6AA,52.632986,-1.132366,Leicester,"10A Bishop St,Leicester",,Sunday,False,False,False,False,,In-person,F2F,Nottinghamshire or Leicestershire,Midlands,England,Cocaine Anonymous
de4b10cb-7a06-56de-ae45-4d683ce33c53,We Do Recover Loughborough CA,19:15,1hr 15mins,LE11 1PL,52.775517,-1.20373,Loughborough,"Fearon Hall,Rectory Rd,Loughborough",,Wednesday,False,False,False,False,,In-person,Doors open at 7pm,Nottinghamshire or Leicestershire,Midlands,England,Cocaine Anonymous
53fac560-0f64-519a-bf9e-f2f8a37f39b3,Cocaine Anonymous,19:30,1hr,ST4 4QB,52.981092,-2.197198,St Matthias Church,Church Lane,,Thursday,False,False,False,True,This meeting is open and anyone may attend.,"In-person,Newcomer,Open",Street parking,Potteries and District,Midlands,England,Cocaine Anonymous
d9efd915-6c37-5c66-8e42-37cd06eb3af3,Stafford Quakers Tuesday 7:30 Pm,19:30,1hr,ST16 2PX,52.810828,-2.11996,Quaker Meeting House,Foregate St,,Tuesday,False,False,True,False,This meeting is closed; only those who have a desire to stop using may attend.,"In-person,Chit System,Closed,Discussion,Speaker",,Potteries and District,Midlands,England,Cocaine Anonymous
2250fa19-0ded-5e28-a6ba-d79282911856,By The Book,16:00,1hr,GL50 4EZ,51.906404,-2.076702,St Paul's Church,"St Paul's Rd,Cheltenham",,Sunday,False,False,False,False,,"In-person,Big Book",On-Site Parking Available,Severn,South Midlands,England,Cocaine Anonymous
a004a5ee-44b3-5b7b-aa74-a5849f97bc27,Cheltenham Steps &Amp; Traditions,18:30,1hr,GL50 3PR,51.900674,-2.080631,The Sober Parrot,7 St James Sq,,Monday,False,False,False,False,,"In-person,12 Steps & 12 Traditions,Child-Friendly",,Severn,South Midlands,England,Cocaine Anonymous
a1b61f55-1db2-55eb-98dd-3a23113af146,Cocaine Anonymous Hope Faith And Courage,18:00,1hr,GL50 4EZ,51.906404,-2.076702,St Paul's Church,"St Paul's Rd,Cheltenham",,Saturday,False,True,False,False,,"In-person,Newcomer,Wheelchair Access",Doors open at 17:30 for fellowship.,Severn,South Midlands,England,Cocaine Anonymous
cc003591-08c1-5712-ae91-f798767b8fc7,Hope Faith Courage,19:30,1hr,GL1 5AN,51.856285,-2.244159,Elim Church,"Park End Rd,Gloucester",,Tuesday,False,False,True,True,This meeting is open and anyone may attend.,"In-person,Chit System,Newcomer,Open,Speaker",On site Parking.,Severn,South Midlands,England,Cocaine Anonymous
e2c95485-6dcc-59c9-b560-d290a303e12e,Stroud Experience Strength &Amp; Hope Meeting,19:00,1hr,GL5 1AP,51.74558,-2.215723,"The Shambles,","The Shambles,High St,Stroud",,Wednesday,False,False,False,False,,"In-person,12 Steps & 12 Traditions,Newcomer,Step Meeting","The Shambles, Stroud, GL5 1AP
Car Park Church St, GL5 1JL",Severn,South Midlands,England,Cocaine Anonymous
a1431cd3-dafb-5b73-8490-bafb951c9773,Sunday Living In The Solution,18:30,1hr,GL1,51.8625295,-2.2385908,City Church Hall,"77 Frampton Rd,Gloucester",,Sunday,False,False,False,True,This meeting is open and anyone may attend.,"In-person,Open,Speaker",,Severn,South Midlands,England,Cocaine Anonymous
49a57c13-bff1-5946-8098-d5218882f0b2,Spiritual Lines,19:30,1hr,SO15 2LU,50.915697,-1.410917,St Mark's Church Centre,"Archers Rd,Southampton",,Thursday,False,False,False,False,,"In-person,Big Book,Discussion,Literature,Newcomer",,Solent,South East,England,Cocaine Anonymous
152d3003-838d-58a7-9614-72ca5360ff56,Serenity Seekers - Step 11 Meeting,19:30,1hr,BA5 2BE,51.208819,-2.652737,Connect Building,Portway.,,Monday,False,False,False,False,This meeting is closed; only those who have a desire to stop using may attend.,"In-person,Candlelight,Closed,Speaker",Street Parking,Somerset,South West,England,Cocaine Anonymous
92fbc48f-7733-579a-a230-237e3c82c21c,Blenheim Share,19:00,1hr 30mins,LU3 1HA,51.892422,-0.427712,Luton,"Blenheim Cres,Luton",,Sunday,False,False,False,False,,In-person,,South Bedfordshire,Eastern,England,Cocaine Anonymous
64cea86f-485b-5ca0-b8c5-eb59c148346f,Dark Side Of The Spoon,19:30,1hr,LU1 3ET,51.877373,-0.41185,Central Baptist Church,"52A Park St,Luton",,Monday,False,False,True,False,,"In-person,Chit System",Doors open 19:00,South Bedfordshire,Eastern,England,Cocaine Anonymous
331449f2-979b-5ac5-a8b3-5e7e8f3895b0,Flitwick,19:00,1hr 15mins,MK45 1JP,51.99747,-0.497213,Flitwick (Sacred Heart Church),"Pope Cl,Flitwick,Bedford",,Thursday,False,False,False,False,,In-person,,South Bedfordshire,Eastern,England,Cocaine Anonymous
7e27b102-8a21-5b99-92f7-775c76ad6a85,Have You A Sufficient Substitute? (Luton),19:30,1hr 15mins,LU4 0SW,51.901939,-0.497524,Luton,"Landrace Rd,Luton",,Thursday,False,False,True,False,This meeting is closed; only those who have a desire to stop using may attend.,"In-person,Big Book,Chit System,Closed","Doors open at 7 for unity.
A closed meeting (only open to members and discretionary to single parents)",South Bedfordshire,Eastern,England,Cocaine Anonymous
ea4f4fc1-ee38-596f-9fb3-4b6f4a2fafe8,Luton,09:00,1hr 15mins,LU2 7SF,51.908311,-0.411627,Bushmead Community Hub,"Hancock Dr,Luton",,Saturday,False,False,False,False,,"In-person,Online","Zoom link: <a href='https://zoom.us/j/3117357001' target='_blank'>https://zoom.us/j/3117357001</a>
Bushmead Community Hub
F2F",South Bedfordshire,Eastern,England,Cocaine Anonymous
40d4197c-5154-5c96-aab3-1fc59a080aa2,Luton CA At The Squared,19:30,1hr 15mins,LU1 3ET,51.877373,-0.41185,Central Baptist Church,"52A Park St,Luton",,Wednesday,False,False,False,True,This meeting is open and anyone may attend.,"In-person,Open","No dogs allowed, thank you.
F2F",South Bedfordshire,Eastern,England,Cocaine Anonymous
c37be74b-d434-5bc5-a6fe-936b6e1aede9,Tuesday Night Big Book Meeting,19:00,1hr,LU1 3ET,51.877373,-0.41185,Central Baptist Church,"52A Park St,Luton",,Tuesday,False,False,False,False,,"In-person,Big Book",F2F,South Bedfordshire,Eastern,England,Cocaine Anonymous
97500a25-9ccf-51fa-8662-95f2e5f387ce,Friday Night Rewired,17:30,1hr,TQ12 2HN,50.530003,-3.603978,St Paul's Church,"Devon Square,Newton Abbot",,Friday,False,True,True,False,,"In-person,12 Steps & 12 Traditions,Child-Friendly,Chit System,Speaker,Wheelchair Access",This is a Closed Meeting but will be Open on the 4th Friday of the Month.,South Devon,South West,England,Cocaine Anonymous
c21c6dcb-6036-5bee-9345-13cdd62e0b25,Paignton Pass It On,17:30,1hr,TQ3 3EQ,50.435679,-3.569597,Palace Avenue Methodist Church,27 Palace Ave,,Tuesday,False,False,True,True,This meeting is open and anyone may attend.,"In-person,Big Book,Chit System,Open",Street Parking,South Devon,South West,England,Cocaine Anonymous
f70de87f-210e-562d-aec9-66c55d67dd64,Our Primary Purpose (Ipswich),19:30,1hr 30mins,IP2 8BX,52.050825,1.153487,Ipswich,"Stoke St,Ipswich",,Thursday,False,False,False,False,,"In-person,Online","Zoom link: <a href='https://zoom.us/j/88622967544?pwd=NmtNYTBGUnh0Z3RKcTZoTUNNcmhGUT09' target='_blank'>https://zoom.us/j/88622967544?pwd=NmtNYTBGUnh0Z3RKcTZoTUNNcmhGUT09</a>
F2F",South East Anglian,Eastern,England,Cocaine Anonymous
bc58b30a-6156-50fd-8d93-1ef0db1cf020,Building A New Life,12:15,1hr,OX4 3LN,51.730919,-1.218708,John Bunyan Baptist Church Cafe,"Crowell Rd,Oxford",,Friday,False,False,True,False,,"In-person,Big Book,Child-Friendly,Chit System,Speaker",On site parking,South Midlands,South Midlands,England,Cocaine Anonymous
8bf38d92-a478-5045-be49-a38f770db3a1,A Quiet Peace,12:00,1hr,S2 3AE,53.360181,-1.466921,Heeley Parish Church,"151 Gleadless Rd,Heeley,Sheffield",,Wednesday,False,True,False,False,,"In-person,Discussion,Literature,Wheelchair Access",Street Parking,South Yorkshire and North East Derbyshire,North East,England,Cocaine Anonymous
d7046be0-b223-5a8e-b8d3-cb3e3a37ba5c,CA Barnsley Back-To-Basics,19:30,1hr 15mins,S70 2NZ,53.553254,-1.488922,"Mclintocks Building, Side Entrance","Mclintocks Bldg,Summer Ln,Barnsley",,Friday,False,False,False,True,This meeting is open and anyone may attend.,"In-person,Discussion,Literature,Newcomer,Open,Speaker",Street parking,South Yorkshire and North East Derbyshire,North East,England,Cocaine Anonymous
c70c4774-cbec-5d05-8ac7-dd91aad66c09,CA Barnsley Step And Tradition Meeting,19:00,1hr 30mins,S75 2RL,53.560704,-1.514754,Church Of Saint Thomas,"Church St,Gawber,Barnsley",,Tuesday,False,False,False,True,This meeting is open and anyone may attend.,"In-person,12 Steps & 12 Traditions,Discussion,Literature,Newcomer,Open,Speaker,Step Meeting",On site parking,South Yorkshire and North East Derbyshire,North East,England,Cocaine Anonymous
594b9086-5cc1-5362-84f7-79b82df2c346,Hope Dealers,19:30,1hr,S35 9XY,53.442769,-1.470886,Gatty Memorial Hall,"Priory Rd,Ecclesfield,Sheffield",,Monday,False,False,False,True,This meeting is open and anyone may attend.,"In-person,Big Book,Open,Speaker,Step Meeting",,South Yorkshire and North East Derbyshire,North East,England,Cocaine Anonymous
65615b17-67b6-5254-ab3c-667c740b9bda,I Am Grateful,10:00,1hr 15mins,S7 2DL,53.352111,-1.489871,St Oswald's & St Peter's Church,Bannerdale Rd,,Sunday,False,False,False,False,This meeting is closed; only those who have a desire to stop using may attend.,"In-person,Closed,Discussion",Street parking,South Yorkshire and North East Derbyshire,North East,England,Cocaine Anonymous
39c0f782-f55d-5681-83d1-b1c75a80c171,Design For Living,19:00,1hr,PO5 4EZ,50.7953159,-1.0863527,Somerstown Central Community Hub,"Winston Churchill Ave,Portsmouth",,Friday,False,False,True,True,This meeting is open and anyone may attend.,"In-person,12 Steps & 12 Traditions,Discussion,Literature,Newcomer,Open,Speaker",Chit system,Southdown,South East,England,Cocaine Anonymous
f646f017-0f11-5074-a895-e66dd2765f98,Spiritual Sunday,18:00,1hr,PO4 8PR,50.794942,-1.059197,Milton Village Hall,182 Milton Rd,,Sunday,False,False,False,False,This meeting is closed; only those who have a desire to stop using may attend.,"In-person,12 Steps & 12 Traditions,Closed,Discussion,Literature,Men,Speaker",,Southdown,South East,England,Cocaine Anonymous
a35e12b3-49de-5f35-b757-2ee6ce57bf26,Spiritual Vibes,19:00,1hr,PO8 9UJ,50.901204,-1.030052,Wecock Church,"Kite Cl,Waterlooville",,Tuesday,False,True,False,False,,"In-person,Candlelight,Wheelchair Access",Street Parking,Southdown,South East,England,Cocaine Anonymous
4682079d-e625-5b48-85e2-f9a7a8dfbb8a,Rarely Have We Seen A Person Fail,18:45,1hr,RG14 7LP,51.396761,-1.323646,"VIA, 1 Station Road","Station Rd,Newbury",,Thursday,False,False,True,False,,"In-person,Chit System,Speaker",Parking Nearby,Thames Valley,South Midlands,England,Cocaine Anonymous
343c33c7-0c8a-5e94-b5b0-fc5a2c8ab5d5,Cocaine Anonymous South Shields,18:00,1hr,NE34 0NE,54.971468,-1.439496,West Harton Methodist Church,"139 Boldon Ln,South Shields",,Friday,False,False,True,True,This meeting is open and anyone may attend.,"In-person,12 Steps & 12 Traditions,Big Book,Chit System,Literature,Newcomer,Open,Speaker,Step Meeting",,Tyne and Northumbria,North East,England,Cocaine Anonymous
1b852142-28dc-5748-92ad-a4c8ec092f25,Steps To Freedom,19:30,1hr,HR4 9AP,52.055361,-2.717204,St Francis Xavier Church,"19 Broad St,Hereford",,Tuesday,False,False,False,True,This meeting is open and anyone may attend.,"In-person,Candlelight,Open,Speaker,Step Meeting",Street parking,Welsh Borders,Wales and Borders,England,Cocaine Anonymous
1b958e6d-5c6a-5684-a90f-f692820710e4,A Common Solution,19:30,1hr 30mins,TN9 1SG,51.192503,0.272443,Christchurch United Reform Church,"High St,Tonbridge",,Monday,False,False,True,True,This meeting is open and anyone may attend.,"In-person,Open,Speaker","Chit system
Please use the rear entrance by Sainsbury's carpark.",West Kent,South East,England,Cocaine Anonymous
e8fad3dc-0d87-5d38-841c-41607d9c037a,A New Freedom,19:30,1hr,TN9 1SG,51.192503,0.272443,Christchurch United Reform Church,"High St,Tonbridge",,Thursday,False,True,False,True,This meeting is open and anyone may attend.,"In-person,Big Book,Open,Wheelchair Access","Please use the rear entrance by Sainsbury's carpark.
Step Chair last Thursday of the month",West Kent,South East,England,Cocaine Anonymous
afd3457e-e475-5c3a-9bbf-c5a7e4ef74c2,Hoo Can Recover,19:30,1hr 15mins,ME3 9AL,51.418616,0.563889,St Werburg Church,"Church St,Hoo,Rochester",,Thursday,False,False,True,False,,"In-person,Chit System,Discussion",,West Kent,South East,England,Cocaine Anonymous
05f39260-43bc-5c22-aae7-e22e3611617b,A Quiet Peace,07:30,1hr,RH10 1DY,51.115751,-0.18725,Starbucks,"12-13 Queens Square,Crawley",,Wednesday,False,False,False,True,This meeting is open and anyone may attend.,"In-person,Daily Reflections,English,Literature,Newcomer,Open",,West Sussex,South East,England,Cocaine Anonymous
1f756aef-e71d-5563-932e-94c09108e1bc,Experience Strength &Amp; Hope,19:00,1hr,BN11 1QY,50.813165,-0.374284,Christ Church,Portland Rd,,Thursday,False,True,False,True,This meeting is open and anyone may attend.,"In-person,English,Newcomer,Open,Speaker,Wheelchair Access",,West Sussex,South East,England,Cocaine Anonymous
29250454-dca8-5088-a788-a6f5c50a9794,Freedom From Addiction,17:30,1hr,BN11 1UG,50.817416,-0.375414,CGL Hub,"30 Teville Rd,Worthing",,Saturday,False,False,False,True,This meeting is open and anyone may attend.,"In-person,English,Newcomer,Open,Speaker",,West Sussex,South East,England,Cocaine Anonymous
a3a006ba-9351-5c3c-88a1-7b889f2cbccb,Horsham Big Book Study,19:30,1hr 30mins,RH12 1SL,51.06288,-0.333344,Friends Meeting House,Worthing Rd (Opp Sainsbury's),,Friday,False,False,False,False,,"In-person,Big Book",,West Sussex,South East,England,Cocaine Anonymous
cb0a0b64-e832-576a-8b1c-f8cad991b7c5,Step One H &Amp; I Meeting Worthing,19:30,1hr,BN11 2DH,50.816691,-0.363429,Sanctuary Room,"North Wing - Ground Flr (Rear Entrance) Worthing Hospital, Lyndhurst Rd",,Tuesday,False,False,False,False,,"In-person,Newcomer","Christmas & New Years Information:
24/12/2024: OPEN
31/12/2024: OPEN",West Sussex,South East,England,Cocaine Anonymous
1f4effd4-b71d-5c36-9d92-d5563fc86d0d,Women’S Steps Of Faith &Amp; Hopes Of Healing,19:15,1hr,RH11 9BA,51.097032,-0.205563,Broadfield Community Centre,"Broadfield Community Centre,Broadfield Barton,Crawley",,Thursday,False,True,False,False,This meeting is closed; only those who have a desire to stop using may attend.,"In-person,12 Steps & 12 Traditions,Big Book,Closed,Literature,Meditation,Newcomer,Step Meeting,Transgender,Turkish,Wheelchair Access,Women",11,West Sussex,South East,England,Cocaine Anonymous
6d1fe715-fcf4-5bcc-8922-3414475dcd6e,Women Who Found It,18:30,1hr,HX5 0SQ,53.68781,-1.84129,Project Colt,"Bridgefield Mills,Elland",,Thursday,False,False,True,False,,"In-person,Big Book,Child-Friendly,Chit System,Women",On-Site Parking,West Yorkshire,North East,England,Cocaine Anonymous
e5c6d7b9-197b-5efe-ac1f-7e3ab6cec65c,12 Steps To Freedom,19:00,1hr,BA11 3BS,51.232988,-2.326392,The Bridge Cafe,"43 Selwood Rd,Frome",,Thursday,False,True,False,False,This meeting is closed; only those who have a desire to stop using may attend.,"In-person,Closed,Step Meeting,Wheelchair Access",,Wiltshire and Bath,South Midlands,England,Cocaine Anonymous
5db8c957-4c16-5d8b-bd95-ca27eba12ece,Safe &Amp; Protected Trowbridge Newcomers Meeting,19:00,1hr,BA14 8SF,51.323696,-2.20412,St Thomas Church (New Rooms),St Thomas Rd,,Monday,False,False,False,False,,"In-person,Speaker",,Wiltshire and Bath,South Midlands,England,Cocaine Anonymous
5a897a19-5780-5e16-8903-cc9750a8ce2f,Step 11 Improving Conscious Contact,19:30,1hr,SN3 2LG,51.554931,-1.752444,St Johns Church,"103 Whitbourne Ave,Swindon",,Tuesday,False,False,False,True,This meeting is open and anyone may attend.,"In-person,Open,Speaker","On-Site Parking.
Please note members parking in the car park will need to register there car registration on the electronic key pad inside the church on arrival as the car park is managed via ANPR.",Wiltshire and Bath,South Midlands,England,Cocaine Anonymous
bcf75964-9a4c-5581-8f89-fe3190e7a77d,C.A. Athy,20:00,,R14N N97,52.9956456,-6.992239,Athy Community Family Resource Centre (Old CDP Building),"Woodstock St, Townparks, Athy, Co. Kildare",,Saturday,False,False,False,False,,Beginners / Newcomers Meeting,,,,Ireland,Cocaine Anonymous
881b284e-0913-5861-bcbe-ba9594492da8,C.A. Ballinrobe,20:00,,F31K T57,53.6232248,-9.2229148,Tacu Family Resource Centre,"Main Street, Ballinrobe, Co.Mayo",,Saturday,False,False,False,False,,Beginners / Newcomers Meeting,,,,Ireland,Cocaine Anonymous
ee597d60-4efc-5068-adac-1d00721db0bf,C.A. Dungarvan,20:00,,,52.0877837,-7.620684,St Vincent's De Paul,"Emmet St, Dungarvan",,Wednesday,False,False,False,False,,Beginners / Newcomers Meeting,,,,Ireland,Cocaine Anonymous
840a482e-d77b-5035-867c-1009eeaea547,C.A. Dunshaughlin,20:00,,A85W 886,53.5071475,-6.5412857,Pastoral Centre (Behind The Church),"Main St, Dunshaughlin",,Friday,False,False,False,False,,Beginners / Newcomers Meeting,,,,Ireland,Cocaine Anonymous
025915de-7926-5e8e-b116-a8924807aae8,C.A. Ennis,20:00,,V95V Y22,52.8571764,-8.960035,Avenue United Club House,"Tulla Road, Ennis, Co. Clare,",,Saturday,False,False,False,False,,Beginners / Newcomers Meeting,,,,Ireland,Cocaine Anonymous
316697c8-b5aa-5fef-87fc-4bb0bf98a8ad,C.A. Kildare Town,20:00,,,53.1664683,-6.9090447,Bishopsland Awareness Community Centre,"Bishopsland Housing Estate, Kildare Town, Co. Kildare, R51 TN92",,Wednesday,False,False,False,False,,Beginners / Newcomers Meeting,,,,Ireland,Cocaine Anonymous
2e15606d-0828-51cf-858a-d670a235875e,C.A. Limerick,20:00,,V945 25K,52.6612308,-8.6312246,The Life Centre,"Henry Street, Limerick",,Monday,False,False,False,False,,Beginners / Newcomers Meeting,,,,Ireland,Cocaine Anonymous
64d3f21b-ae46-5844-a929-6296a8bb5fc9,C.A. Limerick,20:00,,V945 25K,52.6612308,-8.6312246,The Life Centre,"Henry Street, Limerick",,Thursday,False,False,False,False,,Beginners / Newcomers Meeting,,,,Ireland,Cocaine Anonymous
4cd4c002-033b-5da8-86af-bc0c7bd7f367,C.A. Newbridge,20:00,,W91R D45,53.20794,-6.73675,Unit W1E,"Ladytown Business Park, Ladytown, Co. Kildare",,Tuesday,False,False,False,False,,Beginners / Newcomers Meeting,,,,Ireland,Cocaine Anonymous
de37423f-f7a1-54f4-8f97-df598be2f621,C.A. Newbridge,20:00,,W91R D45,53.20794,-6.73675,Unit W1E,"Ladytown Business Park, Ladytown, Co. Kildare",,Friday,False,False,False,False,,Beginners / Newcomers Meeting,,,,Ireland,Cocaine Anonymous
4dabaa87-ae1b-5054-9dcf-6e3d01f0da37,C.A. Shannon,20:00,,V14K X52,52.7167442,-8.8710512,Hope Cafe Shannon Unit 2,"Smithstown Industrial Estate, Shannon",,Sunday,False,False,False,False,,Beginners / Newcomers Meeting,,,,Ireland,Cocaine Anonymous
0a54c111-a687-5208-a81e-1093ce7f9255,C.A. Wexford Open H&I Meeting,20:00,,Y35A H70,52.3214815,-6.449516,Aiseiri Treatment Centre,Roxborough,,Tuesday,False,False,False,False,,Open H&I Meeting,,,,Ireland,Cocaine Anonymous
3e0b799b-e330-50ce-a715-f63f5b3698fb,C.A. West Belfast - Rising From The Falls,20:00,,BT12 6EN,54.588061,-5.97004,St. John's Parochial House,"446-448 Falls Road,Belfast,Co. Antrim",,Thursday,False,False,False,False,,Beginners / Newcomers Meeting,,Antrim,Northern Ireland,Ireland,Cocaine Anonymous
c2f2db64-189e-5d30-b2e6-06c27adfcf81,There Is A Solution (East Belfast),20:00,,BT4 1GE,54.598779,-5.8968858,Dee Street Community Centre,"12 - 16 Dee Street, Belfast, BT4 1FT, Co. Antrim",,Wednesday,False,False,False,False,,Beginners / Newcomers Meeting,,Antrim,Northern Ireland,Ireland,Cocaine Anonymous
4d7d5165-d1da-52f4-93a1-bea239757c02,C.A. Ballincollig,20:00,,P31P V20,51.888026,-8.5949041,The Carraig Centre,"Ballincollig, Old Quarter",,Tuesday,False,False,False,False,,Beginners / Newcomers Meeting,,Cork,Republic of Ireland,Ireland,Cocaine Anonymous
cc84b8c5-65e0-56b2-994e-ee23a3d43279,C.A. Bandon,20:00,,P72E 862,51.7443802,-8.735437,St Patrick's Church,"St Patrick's Quay, Cloghmacsimon, Bandon, Co. Cork",,Monday,False,False,False,False,,Speaker Meeting,,Cork,Republic of Ireland,Ireland,Cocaine Anonymous
71f7d736-b51e-5f64-acd7-17617f79581b,C.A. Sunlight Of The Spirit,11:00,,T12C 8VW,51.8787888,-8.4951035,Togher Family Community Centre,Cork,,Sunday,False,False,False,False,,Speaker Meeting,,Cork,Republic of Ireland,Ireland,Cocaine Anonymous
6ed50013-668c-5b60-bbf4-d4572315f8f4,As We Grow C.A. Tallaght,19:30,,D24X 59C,53.2756607,-6.402893,Tallaght Rehabilitation Project CLG,"Kiltalown House, Elm Dr, Tallaght, Dublin",,Monday,False,False,False,False,,Beginners / Newcomers Meeting,,Dublin,Republic of Ireland,Ireland,Cocaine Anonymous
1c3f87fb-7c62-5ffb-beb5-c4437366b458,C.A Ushers Street,19:00,,,53.344447,-6.2840825,Robert Emmet Building,"Ushers Street, Oliver Bond, Dublin 8",,Wednesday,False,False,False,False,,Beginners / Newcomers Meeting,,Dublin,Republic of Ireland,Ireland,Cocaine Anonymous
ebf4d57e-0834-5355-aed9-b58af46a644f,C.A. Blackrock,20:30,,A94Y 3X7,53.3010235,-6.1761337,Urban Junction,"42 Main St, Blackrock, Co. Dublin",,Friday,False,False,False,False,,Beginners / Newcomers Meeting,,Dublin,Republic of Ireland,Ireland,Cocaine Anonymous
f6c65f2c-8568-501b-a940-1d4d8c1cd968,C.A. Drimnagh,19:30,,D12E DN2,53.335161,-6.3181586,St John Bosco Youth Centre,"Davitt Rd, Goldenbridge, Drimnagh, Dublin 12",,Monday,False,False,False,False,,Beginners / Newcomers Meeting,,Dublin,Republic of Ireland,Ireland,Cocaine Anonymous
bccdaafd-f628-51c4-a539-b00128a4969c,C.A. Eastwall,20:00,,D03Y Y17,53.355798,-6.2364325,Strangford Road East,"East Wall, Dublin 3",,Sunday,False,False,False,False,,Beginners / Newcomers Meeting,,Dublin,Republic of Ireland,Ireland,Cocaine Anonymous
12613c30-febb-5079-8be0-a39fba1c2312,C.A. Kilbarrack Newcomer Meeting,19:00,,D05Y 0X2,53.3848369,-6.1525815,K.C.C.P Community Hall,"Greendale Road, Kilbarrack, Dublin 5",,Saturday,False,False,False,False,,Beginners / Newcomers Meeting,,Dublin,Republic of Ireland,Ireland,Cocaine Anonymous
e5dab751-bf39-5840-b30c-7d5aa8a751e0,C.A. Lucan,17:30,,K78E 138,53.3590547,-6.4392802,St. Mary's Parish Centre,"Lucan Rd, St. Edmondsbury, Lucan, Co. Dublin",,Sunday,False,False,False,False,,Big Book Study Meeting,,Dublin,Republic of Ireland,Ireland,Cocaine Anonymous
4ea357f9-8300-55b8-8dcd-bea4dc1a3c28,C.A. Malahide,19:00,,K36H C99,53.4551768,-6.1818606,Church Of The Sacred Heart,"Yellow Walls, Malahide, Co. Dublin,",,Monday,False,False,False,False,,Beginners / Newcomers Meeting,,Dublin,Republic of Ireland,Ireland,Cocaine Anonymous
3c200a58-f1f9-504b-81f1-c78c539cc1b5,C.A. Neilstown,19:30,,D22E 2Y2,53.3445437,-6.3948798,North Clondalkin Library,"1 Liscarne Cl, Rowlagh, Dublin",,Thursday,False,False,False,False,,Beginners / Newcomers Meeting,,Dublin,Republic of Ireland,Ireland,Cocaine Anonymous
3343c82e-4f3b-5979-9c58-501c50ac9d6b,C.A. Pace Open H&I Meeting,20:00,,D17T 293,53.4038159,-6.2106378,100 Clonshaugh Ave,"Clonshaugh, Dublin 17",,Friday,False,False,False,False,,Open H&I Meeting,,Dublin,Republic of Ireland,Ireland,Cocaine Anonymous
1729c289-3f00-54c6-9b92-5e1efeb4c88a,C.A. Rutland Open H&I Meeting,19:00,,D16Y V04,53.2859134,-6.326429,Rutland Centre,"Knocklyon Rd, Dublin 16",,Saturday,False,False,False,False,,Open H&I Meeting,,Dublin,Republic of Ireland,Ireland,Cocaine Anonymous
225952a9-eb24-5e1d-b01d-be5ad11b4a85,C.A. Swords,19:00,,K67T 6T7,53.4529282,-6.245794,River Valley Community Center,"Brookdale Dr, Hilltown, Swords, Co. Dublin",,Sunday,False,False,False,False,,Beginners / Newcomers Meeting,,Dublin,Republic of Ireland,Ireland,Cocaine Anonymous
06853f1b-55b1-5dde-a311-a178344e64d3,C.A. Teach Mhuire,20:00,,D01K C83,53.3512422,-6.2550064,Teach Mhuire,"38/39 Gardiner Street Lower, North City, Dublin 1",,Thursday,False,False,False,False,,Big Book Study,,Dublin,Republic of Ireland,Ireland,Cocaine Anonymous
a9c40b23-7930-52a1-902e-3a79cb9a610e,C.A. Mervue,19:30,,H91X 5P6,53.282296,-9.0172982,Sonas Social Centre,"1-3 Walter Macken Place, Mervue, Galway",,Tuesday,False,False,False,False,,Big Book Study Meeting,,Galway,Republic of Ireland,Ireland,Cocaine Anonymous
5213a73b-1c6a-531b-98bc-f1db872532e1,C.A. Mervue,19:30,,H91X 5P6,53.282296,-9.0172982,Sonas Social Centre,"1-3 Walter Macken Place, Mervue, Galway",,Friday,False,False,False,False,,Speaker Meeting,,Galway,Republic of Ireland,Ireland,Cocaine Anonymous
e4c2b898-5ae0-5316-b79b-85d79e665d0d,C.A. Oz House,15:00,,H91V 3PV,53.2720381,-9.0512046,Ozanam House,"Room 3, St. Augustine Street, Galway",,Monday,False,False,False,False,,Big Book Study Meeting,,Galway,Republic of Ireland,Ireland,Cocaine Anonymous
f6d644a8-12e5-591c-bebe-5cdf9e03dc6c,C.A. Oz House,15:00,,H91V 3PV,53.2720381,-9.0512046,Ozanam House,"Room 3, St. Augustine Street, Galway",,Thursday,False,False,False,False,,Meditation Meeting,,Galway,Republic of Ireland,Ireland,Cocaine Anonymous
430fb831-d238-5bd1-ac7e-88915073f479,C.A. Oz House,15:00,,H91V 3PV,53.2720381,-9.0512046,Ozanam House,"Room 3, St. Augustine Street, Galway",,Friday,False,False,False,False,,12 Steps & 12 Traditions Study Meeting,,Galway,Republic of Ireland,Ireland,Cocaine Anonymous
ce4e1a48-5515-53c2-b415-fe42103bc958,C.A. Greystones,19:30,,,53.1465583,-6.0626083,Holy Rosary Church,"La Touche Rd, Rathdown Lower, Greystones",,Sunday,False,False,False,False,,Beginners / Newcomers Meeting,,Wicklow,Republic of Ireland,Ireland,Cocaine Anonymous
8b1fd081-bada-550e-9fec-859177f25ee1,ASGAL,20:00,1hr 30mins,G83 0PG,55.98883,-4.580027,C.A.T.R.A,"5 Alexander St, Alexandria",,Monday,False,False,False,True,,"In-person,Newcomer,Open",,,,Scotland,Cocaine Anonymous
38698249-8236-59cc-bf00-5d7cfffbd60c,Falkirk Tuesday Newcomer Meeting,19:30,"1hr ",FK1 5AN,55.994158,-3.78735,The Salvation Army,"1 Woodside Ct, Falkirk",,Tuesday,False,False,False,False,,"Big Book,Closed,In-person,Newcomer,Online",,,,Scotland,Cocaine Anonymous
17d07301-61f3-5d90-b451-ea908e00b621,Fellowship Of The Spirit,19:40,"1hr ",EH26 0QZ,55.847697,-3.190957,Glencourse Centre,"4 Firth Rd, Penicuik",,Thursday,False,False,False,True,,"In-person,Newcomer,Open",,,,Scotland,Cocaine Anonymous
cfe8582d-9835-5ab8-b048-3d6a77ab339f,Greenock Sunday Night Big Book Study,19:00,1hr 30mins,PA16 8DA,55.953185,-4.766789,St Mary's Church Hall,"Houston St, Greenock",,Sunday,False,False,False,True,,"Big Book,In-person,Newcomer,Open",,,,Scotland,Cocaine Anonymous
77bc4072-39fe-54b9-96e5-1860d46adb29,Hope Up The Hill,19:00,1hr 30mins,G83,56.1477187,-4.7029418,Bonhill Community Education Centre,"Ladyton, Alexandria",,Tuesday,False,False,False,True,,"In-person,Newcomer,Open",,,,Scotland,Cocaine Anonymous
c6125ee8-f838-5156-a64b-b410146d646c,It Works It Really Does,12:00,"2hr ",EH22 1HJ,55.892103,-3.073254,St John's And Newton Church,"31 Eskbank Rd, Dalkeith",,Wednesday,False,False,False,True,,"In-person,Newcomer,Open",,,,Scotland,Cocaine Anonymous
d95f2f15-09d5-522b-b6b7-f1f148199c69,Keep It Simple,19:00,1hr 30mins,EH4 5BB,55.96348,-3.272174,Davidson Mains Parish Church,"1 Quality St, Edinburgh",,Thursday,False,False,False,True,,"In-person,Newcomer,Open",,,,Scotland,Cocaine Anonymous
b52fcbeb-26c5-5872-8489-2eb4a7b9a6ce,Now We Are Free,19:30,"1hr ",EH16 4SA,55.921759,-3.135938,Discharge Lounge (Royal Infirmary),"51 Little France Cres, Old Dalkeith Rd, Edinburgh",,Saturday,False,False,False,True,,"In-person,Newcomer,Open",,,,Scotland,Cocaine Anonymous
6f4c833b-5e7a-5a84-a8e4-5dfa6f1df017,Phoenix Fridays,19:00,"1hr ",G82 5AF,55.951119,-4.587271,The Phoenix Centre,"17A Quarry Knowe, Dumbarton",,Friday,False,False,False,True,,"In-person,Newcomer,Open",,,,Scotland,Cocaine Anonymous
5522ae60-2f7e-50f9-803b-22105f6bcaa7,Prayer & Meditation,19:00,1hr 15mins,G74,55.7701159,-4.185445,West Kirk Church,"Kittoch St, East Kilbride, Glasgow",,Thursday,False,False,False,False,,"In-person,Step Meeting",,,,Scotland,Cocaine Anonymous
fd9a86fa-5c3f-558e-acc4-0bbabc28b241,Reaching Out,17:30,"1hr ",PH2,56.39572,-3.437956,Trinity Nazarene Church,"York Pl, Perth",,Tuesday,False,False,False,True,,"In-person,Newcomer,Open",,,,Scotland,Cocaine Anonymous
ff58527d-d917-56fc-8af4-8f541f82c473,Recovery At The Rock,20:00,1hr 30mins,G82,55.9443909,-4.5688263,St Augustine's Church Hall,"St Mary's Way, Dumbarton",,Wednesday,False,False,False,True,,"In-person,Newcomer,Open",,,,Scotland,Cocaine Anonymous
e70151f9-36ee-5ba4-9857-3d4021b3a023,Step Into Saturday,12:15,3hr 30mins,PH1 5QJ,56.39671,-3.435903,Hope Hub Cafe,"240 High St, Perth",,Saturday,False,False,False,True,,"In-person,Newcomer,Open,Speaker",,,,Scotland,Cocaine Anonymous
013bef13-badc-583d-8367-ee4c12978e44,Stirling Mondays: There Is A Solution,19:30,"1hr ",FK8 1RW,56.131126,-3.957099,Kildean Business And Enterprise Hub,"Kildean Business And Enterprise Hub, Drip Rd, Stirling",,Monday,False,False,False,True,,"In-person,Newcomer,Open",,,,Scotland,Cocaine Anonymous
abad1d7e-e49c-5d25-a0b4-9d3556aa3bc7,TGI Friday,19:30,"1hr ",EH16 4SA,55.921759,-3.135938,Discharge Lounge (Royal Infirmary),"51 Little France Cres, Old Dalkeith Rd, Edinburgh",,Friday,False,False,False,True,,"In-person,Newcomer,Open",,,,Scotland,Cocaine Anonymous
2fff1787-8465-5c78-952e-6a6769726d9f,The 3 Legacies,18:00,1hr 30mins,EH6 7EZ,55.973169,-3.164655,Turning Point,"The Links Project, 5 Links Pl, Leith, Edinburgh",,Tuesday,False,False,False,True,,"In-person,Newcomer,Open",,,,Scotland,Cocaine Anonymous
e7bf706f-65d0-574a-9f34-242e76417b4a,The Monday Club,19:30,1hr 30mins,ML5 2LG,55.872721,-4.049838,Townhead Parish Church,"Crinan Cres, Coatbridge",,Monday,False,False,False,True,,"In-person,Newcomer,Open",,,,Scotland,Cocaine Anonymous
918b76ff-eea9-56b2-aae0-21380858acfe,There Is A Solution,19:30,1hr 15mins,EH16 4PA,55.93286,-3.129159,Richmond Craigmillar Church,"227 Niddrie Mains Rd, Edinburgh",,Monday,False,False,False,True,,"In-person,Newcomer,Open",,,,Scotland,Cocaine Anonymous
23e99c15-eb50-5cb7-8bc5-7056b2e3d842,Welcome To Cocaine Anonymous (Falkirk),20:00,"1hr ",FK1,55.9444722,-3.7918652,Falkirk Trinity Church,"Manse Pl, Falkirk",,Thursday,False,False,False,False,,"Closed,In-person,Newcomer",,,,Scotland,Cocaine Anonymous
7d08580e-5d2d-5d15-8496-4c4a96fcca66,Well Wednesdays,12:30,"1hr ",G31 1QW,55.858166,-4.216246,Reidvale Neighbourhood Centre,"13 Whitevale St, Glasgow",,Wednesday,False,False,False,True,,"In-person,Newcomer,Open",,,,Scotland,Cocaine Anonymous
74adbe5f-dc8d-5b66-b2a4-c87b244c2455,West Fife Wednesday,19:30,"1hr ",KY12,56.0865555,-3.5168795,Dunfermline North Parish Church,"Golfdrum St, Dunfermline",,Wednesday,False,False,False,False,,"Closed,In-person,Newcomer",,,,Scotland,Cocaine Anonymous
62e32e7a-e321-5e0e-8e15-27746c16c91f,Women For Women,20:00,"1hr ",EH19,55.8690054,-3.1022329,Pitcairn Centre,"61 High St, Bonnyrigg",,Monday,False,False,False,True,,"In-person,Newcomer,Online,Open,Speaker,Women",,,,Scotland,Cocaine Anonymous
4ee6e8f1-7b29-59c3-9b51-7a3ae3579e9b,Drongan,19:30,1hr 30mins,KA6 5AE,55.480604,-4.547614,The Bothy,"The Bothy, Auchincruive, Ayr",,Saturday,False,False,False,True,,"In-person,Newcomer,Open",,Ayrshire and South West Scotland,South West Scotland,Scotland,Cocaine Anonymous
1d7ab759-1e3c-5864-8640-a64de78976bc,Progress Ayr Friday Night,19:30,1hr 30mins,KA8,55.4740869,-4.6109117,Riverside Evangelical Church,"John St, Ayr",,Friday,False,False,False,True,,"In-person,Newcomer,Open",,Ayrshire and South West Scotland,South West Scotland,Scotland,Cocaine Anonymous
129d4856-2e5d-5f8d-a317-4522d8c11ea9,"Stepping Into The Light, Big Book Study",11:00,1hr 30mins,KA7 3LW,55.449297,-4.612809,Castlehill Parish Church,"1 Old Hillfoot Rd, Ayr",,Monday,False,False,False,True,,"Big Book,In-person,Newcomer,Open",,Ayrshire and South West Scotland,South West Scotland,Scotland,Cocaine Anonymous
9de81030-1486-5638-8f33-41fdfc6b86e1,We Can Recover,19:30,1hr 30mins,KA8 9LH,55.471191,-4.61209,Lochside Community Centre,"Lochside Rd, Ayr",,Wednesday,False,False,False,True,,"In-person,Newcomer,Open",,Ayrshire and South West Scotland,South West Scotland,Scotland,Cocaine Anonymous
ec32ebda-4088-5461-9c84-751f66316a5f,Keep The Ball On The Deck,19:00,"1hr ",TD1 3HS,55.610066,-2.802619,St Peter's Scottish Episcopal Church,"Parsonage Rd, Galashiels",,Monday,False,False,False,True,,"In-person,Newcomer,Online,Open,Step Meeting",,Borders and East Lothian,Scotland,Scotland,Cocaine Anonymous
c34d393e-dfb1-5dd9-9960-d46d24bd2f6f,Quaker House (Kelso),19:30,"1hr ",TD5,55.5986072,-2.4318277,Quaker House,"Abbey Row, Kelso",,Thursday,False,False,False,True,,"In-person,Newcomer,Online,Open",,Borders and East Lothian,Scotland,Scotland,Cocaine Anonymous
bc7416d3-e10a-5a09-ae7f-b40b8327e32c,Rule 62,19:00,1hr 15mins,EH22 1AX,55.894824,-3.069316,St Nicolas Buccleuch Church,"119 High St, Dalkeith",,Sunday,False,False,False,True,,"In-person,Newcomer,Open",,Borders and East Lothian,Scotland,Scotland,Cocaine Anonymous
41258c7e-bfc6-5189-9959-7f921a517f70,Clydebank Monday Night Magic,20:00,1hr 30mins,G81 3AB,55.908263,-4.406548,Clydebank Methodist Church,35 Second Ave,,Monday,False,False,False,False,,In-person,,Clydebank and District,Glasgow,Scotland,Cocaine Anonymous
a3aa922d-5226-5c9b-9d7c-0aa8ea4d8ef9,Radnor Park Newcomers Meeting,19:30,1hr 30mins,G81 3AB,55.908263,-4.406548,Clydebank Methodist Church,35 Second Ave,,Tuesday,False,False,False,True,,"In-person,Newcomer,Open",,Clydebank and District,Glasgow,Scotland,Cocaine Anonymous
1429ea54-6de0-58ff-96da-e1d26168e9a7,Wednesday Awakening - Big Book Study,13:00,"1hr ",G81 3AB,55.908263,-4.406548,Clydebank Methodist Church,35 Second Ave,,Wednesday,False,False,False,True,,"Big Book,In-person,Newcomer,Open",,Clydebank and District,Glasgow,Scotland,Cocaine Anonymous
4cf0e98b-fba2-5345-b26c-06fb05e356d6,Women's C.A. Meeting,12:30,1hr 30mins,G81 3AB,55.908263,-4.406548,Clydebank Methodist Church,35 Second Ave,,Thursday,False,False,False,True,,"In-person,Newcomer,Open,Women",,Clydebank and District,Glasgow,Scotland,Cocaine Anonymous
db893c29-07c9-5b36-954d-43d4b0b13b36,Helensburgh Big Book Group,18:00,"1hr ",G84 7DQ,56.00265,-4.724322,Helensburgh Community Hub,116 East Princess St,,Saturday,False,False,False,True,,"In-person,Newcomer,Open",,Dumbarton,South West Scotland,Scotland,Cocaine Anonymous
91550b26-857b-57b0-93b1-fcac0a0eba25,Carry The Message - Big Book Study,19:30,1hr 30mins,EH11 3QX,55.931409,-3.265056,Saint Salvator's Episcopal Church,"61 Saughton Mains St, Edinburgh",,Thursday,False,False,False,True,,"Big Book,In-person,Newcomer,Open",,Edinburgh and Midlothian,Scotland,Scotland,Cocaine Anonymous
64a1ecd2-be1b-57fb-b758-1801b2d25a03,Hope Has An Address,19:00,1hr 30mins,EH11 3EE,55.933588,-3.26111,Stenhouse Baptist Church,"30 Stenhouse Grove, Edinburgh",,Monday,False,False,False,False,,In-person,,Edinburgh and Midlothian,Scotland,Scotland,Cocaine Anonymous
2cdb1fbb-b0c1-5dfc-ab07-c1fec950ef9b,Live & Kicking,19:00,1hr 15mins,EH11 3QX,55.931409,-3.265056,Saint Salvator's Episcopal Church,"61 Saughton Mains St, Edinburgh",,Tuesday,False,False,False,True,,"In-person,Newcomer,Open",,Edinburgh and Midlothian,Scotland,Scotland,Cocaine Anonymous
570912d6-6322-5555-970d-113a9a31ef50,Kirkcaldy Town,17:30,"1hr ",KY1 1ET,56.111717,-3.16303,St Bryce Kirk,Kirk Wynd,,Thursday,False,False,False,True,,"Big Book,In-person,Newcomer,Open",,Fife,East of Scotland,Scotland,Cocaine Anonymous
56e10d16-5b0e-57fa-9a41-47c29d8e0da7,Cambuslang Newcomers Meeting,13:30,"1hr ",G72 7BA,55.82077,-4.184855,Eastfield Community Centre,"Eastfield Community Centre, Duke's Rd, Cambuslang, Glasgow",,Tuesday,False,False,False,True,,"In-person,Newcomer,Open",,Glasgow East,Glasgow,Scotland,Cocaine Anonymous
ea125a86-0281-50a9-a1db-cf581b9e7fcf,Haghill Into The Solution,20:00,1hr 30mins,G31 3SZ,55.858448,-4.204022,Bluevale Community Centre,"30 Abernethy St, Glasgow",,Tuesday,False,False,False,True,,"In-person,Newcomer,Open",,Glasgow East,Glasgow,Scotland,Cocaine Anonymous
d484bf91-feef-5f96-bd95-d1f45f36ed8c,Magic Mondays,20:00,1hr 30mins,G73 1DU,55.829396,-4.213316,Reuther Hall,Victoria St (Next To Train Stn),,Monday,False,False,False,True,,"In-person,Newcomer,Open",,Glasgow East,Glasgow,Scotland,Cocaine Anonymous
0d4e1607-c9fd-58a7-8121-920912204673,Shettleston Tuesdays - There Is A Solution,20:00,1hr 30mins,G32,55.8486865,-4.16829,St Paul's Church,"1653 Shettleston Rd, Glasgow",,Tuesday,False,False,False,True,,"In-person,Newcomer,Open",,Glasgow East,Glasgow,Scotland,Cocaine Anonymous
606b0297-674c-5b11-b48e-19d5a40a0e83,Big Book Beginner's Group,19:00,1hr 15mins,G3 6LN,55.870771,-4.276475,Woodlands Methodist Church,Woodlands Rd,,Tuesday,False,False,False,True,,"Big Book,In-person,Newcomer,Open,Speaker",,Glasgow North West,Glasgow,Scotland,Cocaine Anonymous
4193a159-9ba5-5ffb-8164-9d5d26e4ae50,Farsi Speaking C.A. Meeting,19:00,"2hr ",G22 5AP,55.881094,-4.254054,Possilpark Parish Church,124 Saracen St,,Tuesday,False,False,False,True,,"In-person,Newcomer,Open",,Glasgow North West,Glasgow,Scotland,Cocaine Anonymous
29a43845-44b2-5abb-a1a6-e6aa4a9dccb5,Freedom From The Bondage Of Self,19:15,"1hr ",G20 8TS,55.884913,-4.283044,Maryhill Community Centre,"35 Avenuepark St, Maryhill",,Wednesday,False,False,False,False,,"In-person,Step Meeting",,Glasgow North West,Glasgow,Scotland,Cocaine Anonymous
bf3cb0d3-a4ca-5408-88fc-abd0c140260c,On The Path,14:00,"1hr ",G22 5AP,55.881094,-4.254054,Possilpark Parish Church,124 Saracen St,,Wednesday,False,False,False,True,,"In-person,Newcomer,Open",,Glasgow North West,Glasgow,Scotland,Cocaine Anonymous
72eb5b2e-b136-5c0a-beaf-aff64e85034f,Wednesday Night Newcomers,19:00,"1hr ",G14 9UP,55.874,-4.33749,St Paul's Church,"1213A Dumbarton Rd, Glasgow",,Wednesday,False,False,False,True,,"In-person,Newcomer,Open",,Glasgow North West,Glasgow,Scotland,Cocaine Anonymous
729c00e8-14ef-59df-8a75-e71affacc81c,Southside Tuesday Big Book Study,19:30,1hr 20mins,G44 3DA,55.816038,-4.264291,Couper Institute,"84-86 Clarkston Rd, Cathcart",,Tuesday,False,False,False,False,,"Big Book,Discussion,In-person,Newcomer",,Glasgow South,Glasgow,Scotland,Cocaine Anonymous
4263d80d-a14a-507f-bee2-ce5e61999672,Greenock Friday,19:30,1hr 30mins,PA15 4NU,55.945826,-4.761075,The Salvation Army,"59 Regent St, Greenock",,Friday,False,False,False,True,,"In-person,Newcomer,Open",,Inverclyde,South West Scotland,Scotland,Cocaine Anonymous
8dbdee7a-fbfb-5650-bfc5-c50af611991d,Greenock Tuesdays,19:45,1hr 30mins,PA15 4NU,55.945826,-4.761075,The Salvation Army,"59 Regent St, Greenock",,Tuesday,False,False,False,True,,"In-person,Newcomer,Open",,Inverclyde,South West Scotland,Scotland,Cocaine Anonymous
35af1a8b-1e0e-535b-ae2b-018a02ac77ce,East Kilbride Into Action,19:30,1hr 30mins,G74 4HG,55.765652,-4.172878,East Mains Baptist Church,12 Maxwell Drive,,Tuesday,False,False,False,False,,"Big Book,In-person",,Lanarkshire,Scotland,Scotland,Cocaine Anonymous
07020070-c8fc-5250-9212-bf685f9cd6ba,East Kilbride Wednesday Night,19:30,1hr 30mins,G74 4HG,55.765652,-4.172878,East Mains Baptist Church,12 Maxwell Drive,,Wednesday,False,False,False,True,,"In-person,Newcomer,Open",,Lanarkshire,Scotland,Scotland,Cocaine Anonymous
e1611efe-ef92-55ad-bb38-db7fe40343a3,EK Monday Night Beginners Big Book Discussion,19:00,"1hr ",G74 2AU,55.763714,-4.15147,Claremont Parish Church,"High Common Rd, East Kilbride, Glasgow",,Monday,False,False,False,True,,"Big Book,In-person,Newcomer,Open",,Lanarkshire,Scotland,Scotland,Cocaine Anonymous
452d73d9-ba10-5d2f-95af-c3cbbad20a97,EK Saturday Morning,10:30,1hr 30mins,G74 4HG,55.765652,-4.172878,East Mains Baptist Church,12 Maxwell Drive,,Saturday,False,False,False,True,,"In-person,Newcomer,Open",,Lanarkshire,Scotland,Scotland,Cocaine Anonymous
889cae53-ae41-5a4c-b6ba-62267acd6825,Hamilton Thursdays,19:30,1hr 30mins,ML3 0FT,55.78182,-4.058589,Accie's Stadium,"Cadzow Ave, Ground Floor (Player's Lounge Area)",,Thursday,False,False,False,True,,"In-person,Newcomer,Open",,Lanarkshire,Scotland,Scotland,Cocaine Anonymous
0f4cdfeb-f0be-556a-8fa2-d2ba636a90bd,Keep The Faith,19:00,1hr 15mins,ML4 1AB,55.818742,-4.021793,YMCA,"294 Main St, Bellshill",,Thursday,False,False,False,True,,"In-person,Open",,Lanarkshire,Scotland,Scotland,Cocaine Anonymous
47d1ee7f-f4f0-532f-89b2-6883d7b58c8a,Step By Step Sundays,19:30,1hr 30mins,G74 2AU,55.763714,-4.15147,Claremont Parish Church,"High Common Rd, East Kilbride, Glasgow",,Sunday,False,False,False,True,,"In-person,Newcomer,Open,Step Meeting",,Lanarkshire,Scotland,Scotland,Cocaine Anonymous
b51f4e50-ede9-5fa8-8fa0-796f3bec1b00,Stonehouse Spiritual Solution,19:30,1hr 30mins,ML9 3EB,55.697727,-3.987405,St Ninians Parish Church,"10 Vicars Rd, Stonehouse, Larkhall",,Sunday,False,False,False,True,,"In-person,Newcomer,Open,Speaker",,Lanarkshire,Scotland,Scotland,Cocaine Anonymous
30510133-ac24-5280-901f-2433f9cf50db,Welcome Home Mondays,18:00,1hr 30mins,ML3 8HJ,55.764185,-4.057846,Fairhill Lifestyles,"Neilsland Rd, Hamilton",,Monday,False,False,False,True,,"In-person,Newcomer,Open",,Lanarkshire,Scotland,Scotland,Cocaine Anonymous
c034d450-e85e-5d3b-941a-05d994f87498,Airdrie Cocaine Anonymous Meeting,19:30,1hr 30mins,ML6 6AZ,55.867058,-3.973512,Cairnlea Parish Church,84 Johnston St (Rear Entrance),,Wednesday,False,False,False,True,,"In-person,Newcomer,Open",,Monklands,Glasgow,Scotland,Cocaine Anonymous
7a18ab29-121c-52c3-8c2f-7cca390e9cbd,Coatbridge Friday Feeling,20:00,1hr 30mins,ML5 5EA,55.848483,-4.032272,Coatbridge Community Centre (St Andrews High),", 9 Old Monkland Rd",,Friday,False,False,False,True,,"In-person,Newcomer,Online,Open",,Monklands,Glasgow,Scotland,Cocaine Anonymous
f704847a-4336-5e79-8082-c5a1c131581a,Coatbridge Sundays,20:00,1hr 30mins,ML5 1DQ,55.858421,-4.035854,St Augustine's Church,"12 Dundyvan Rd, Coatbridge",,Sunday,False,False,False,True,,"In-person,Newcomer,Open",,Monklands,Glasgow,Scotland,Cocaine Anonymous
910a550c-19cc-569e-a637-1988a8fb1c7e,Coatbridge Tuesday,20:00,1hr 30mins,ML5 5EA,55.848483,-4.032272,Coatbridge Community Centre (St Andrews High),", 9 Old Monkland Rd",,Tuesday,False,False,False,True,,"In-person,Open",,Monklands,Glasgow,Scotland,Cocaine Anonymous
9447cfad-8b84-5406-bc5d-d241f5fe8830,"Step Into The Light, Step Group",10:00,1hr 30mins,ML6 6AZ,55.867058,-3.973512,Cairnlea Parish Church,84 Johnston St (Rear Entrance),,Saturday,False,False,False,False,,"In-person,Newcomer,Step Meeting",,Monklands,Glasgow,Scotland,Cocaine Anonymous
66f34a0a-bd8d-5911-a3af-f081c0c0ac18,Safe And Protected,19:30,1hr 30mins,KA21 5AG,55.637577,-4.788971,Argyle Community Centre,"Campbell Ave, Donaldson Ave, Saltcoats",,Wednesday,False,False,False,True,,"In-person,Newcomer,Open,Speaker",,North and East Ayrshire,South West Scotland,Scotland,Cocaine Anonymous
52aa9e3b-f828-5d64-a87e-bafe51c183b4,Steps To Freedom,19:30,1hr 30mins,KA3 7SH,55.618221,-4.478183,St Matthew's RC Church,"St Matthews Presbytery, Grassyards Rd, Kilmarnock",,Friday,False,False,False,True,,"In-person,Newcomer,Open",,North and East Ayrshire,South West Scotland,Scotland,Cocaine Anonymous
1b027b40-9576-58d8-82cd-81ca57741019,Fauldhouse CA Sunday Spirit,20:00,1hr 30mins,EH47,55.8476676,-3.6754607,Fauldhouse St Andrew's Parish Church,"Main St, Fauldhouse, Bathgate",,Sunday,False,False,False,True,,"In-person,Newcomer,Open",,West Lothian,Scotland,Scotland,Cocaine Anonymous
d817c01f-68f9-5a56-b5a3-53e7d1e2a238,"Aberystwyth, Take A Chance Meeting Of Cocaine Anonymous",19:00,1hr,SY23 1RU,52.400818,-4.071947,The Hub Penparcau Community Centre,"Penparcau Rd,Penparcau,Aberystwyth",,Thursday,False,False,False,False,,"In-person,Big Book",,,,Wales,Cocaine Anonymous
70a6a40a-5fe5-5836-a5c3-96bff2d06e9a,Step Meeting,19:00,1hr,CF24 1LE,51.486649,-3.159824,Trinity Centre,"Four Elms Road,Cardiff",,Tuesday,False,False,True,False,This meeting is closed; only those who have a desire to stop using may attend.,"In-person,Chit System,Closed,Step Meeting",Street Parking,,,Wales,Cocaine Anonymous
da5ef217-046f-5d5a-a112-42d2dce4c346,Step Share Meeting,19:00,1hr 15mins,CF24 1LE,51.486649,-3.159824,Trinity Centre,"Four Elms Road,Cardiff",,Saturday,False,False,False,False,,"In-person,Big Book",Up to 25 people face to face,,,Wales,Cocaine Anonymous
2ae965c5-f651-58c2-a58a-4f6f50f22db3,"Hope, Faith &Amp; Courage Meeting",17:30,1hr,LL29 7UU,53.296218,-3.73626,St Joseph's Community Centre,6 Brackley Ave,,Saturday,False,False,False,True,This meeting is open and anyone may attend.,"In-person,Open",On site parking,North East Wales,North West,Wales,Cocaine Anonymous
f0ca0820-7b2c-5e6f-9436-03b2832d3248,Blaenau Ffestiniog Big Book Study,18:00,1hr,LL41 3ES,52.994454,-3.935333,St Mary Magdalene Catholic Church,"High St,Blaenau Ffestiniog",,Tuesday,False,False,False,False,,"In-person,Big Book",Street Parking,North West Wales,Wales and Borders,Wales,Cocaine Anonymous
4532c794-ff9b-5539-9bed-ae77f5090ba6,Caernarfon Big Book Study        Astudiaeth Llyfr Mawr Caernarfon,18:00,1hr,LL55 2YD,53.136403,-4.270812,Porthi Dre,"Ty Seiont, St Helen's Rd, Nr Travis Perkins Builders Merchants",,Friday,False,False,False,False,,"In-person,Big Book",,North West Wales,Wales and Borders,Wales,Cocaine Anonymous
1d8d5d07-0983-50f1-8cc9-6b927d021169,A New Way,18:30,"1hr ",BA10 0EB,51.111798,-2.452746,Bruton Community Hall,Silver St,,Thursday,False,False,False,True,Open to all,"Speaker,Topic,Share meeting,Pets Welcome",Venue Info: The Green Door,,,England,Narcotics Anonymous
4008113f-0541-5e39-a654-4fd6a37840ec,After 8S ( Living In The Solution),19:00,1hr 15mins,BR3 5JE,51.408406,-0.024145,Methodist Church,Bromley Rd,,Sunday,False,False,False,True,Open to all on request,"Speaker,Share meeting","Venue Info: Wesley Hall is through the alleyway to the side of the church off Bromley Road. No access to the hall from Bevington Road
Experiences of long term recovery
Bus Routes: 54, 162, 227, 354 & 356
Travel Comment: Meeting is a 4 minute walk from Beckenham Junction Train StationFree Parking in St George’s Road Car Park",,,England,Narcotics Anonymous
247919e0-7e2c-584a-a5ce-9210f63a9e96,Blyth Newcomers,19:30,1hr 30mins,NE24 3AB,55.126807,-1.503107,"Main Hall, St Cuthberts Church Hall","54 Bridge Street,Blyth",,Tuesday,False,True,False,True,Open to all on request,Speaker,"Open meeting 1st week of the month, open at request any other week.",,,England,Narcotics Anonymous
0594b0c1-7599-59b5-ac3f-eac011f74b0c,Didcot Stick And Share,19:30,"1hr ",OX11 8AD,51.5713463,-1.2621212,Didcot Methodist Church,"The Broadway,Didcot",,Monday,False,True,False,True,Open to all,"Beginner/Newcomer,Candlelight,Living Clean Study,Speaker,Topic,Parking Available","Venue Info: Church opposite the Jobcentre on Broadway. Entrance to meeting round the back of the Church, off Mereland Road.Small carpark available.
Stick topic alternate Living clean reading",,,England,Narcotics Anonymous
7b8d84ab-ad38-5f9b-9a74-f9fd1819ca22,Gainsborough NA,19:00,1hr 30mins,DN21 1BY,53.392154,-0.771923,X-Church,"Ashcroft Road,Gainsborough",,Monday,False,True,False,True,Open to all,"Just For Today Book Study,Literature Study,Speaker,No pets",Venue Info: Please follow posted signs to get to the right room in the building.,,,England,Narcotics Anonymous
59544db7-60b0-5874-b180-d390c69f4e27,Just For Today,17:00,"1hr ",BH6 4AS,50.721304,-1.793137,St Katharine's Parish,"15 Church Rd,Southbourne,Bournemouth",,Friday,False,True,False,True,Open to all,"Children Welcome,Just For Today Book Study,Chit/MAC,No pets,Share meeting,Parking Available",Just For Today Reading,,,England,Narcotics Anonymous
63b7bf70-5716-5b84-a13e-a6691dea63f2,Just For Today,13:00,"1hr ",CT9 1LB,51.385811,1.382713,"Suite 1, Forward Trust - Mill Lane House","Mill Lane,Margate",,Monday,False,True,False,False,Open to addicts only,"Just For Today Book Study,No pets,Venue unavailable on public holidays,No children,Parking Available","Venue Info: Entrance - Buzz the Entry Phone to Gain Access at the Front of Mill Lane House Level One - Forward Trust Floor.
The Format of the Meeting is Just for Today Reading.
Bus Routes: 8,8A,34
Travel Comment: Train Station is 10 Minutes Walk",,,England,Narcotics Anonymous
443e97b8-b30f-5b50-a53a-8719fe77ea70,Saturdays Basic Text Meeting,18:00,"1hr ",SR7 7DS,54.839066,-1.34372,"Main Hall, St Mary’S Magdalene Church Hall","Seaham,Durham",,Saturday,False,True,False,False,Open to addicts only,Basic Text,Travel Comment: 5 minutes walk from Seaham town centre,,,England,Narcotics Anonymous
25d88a9f-1356-5958-a9f6-8259905ebe0a,Share Meeting,18:00,1hr 30mins,CO10 2EU,52.038163,0.727599,The Christopher Centre,10 Gainsborough St,,Saturday,False,False,False,True,Open to all,"Basic Text,Children Welcome,Share meeting",Venue Info: Please use rear entrance from Christopher Lane,,,England,Narcotics Anonymous
ef9f94e5-0fe9-5f1d-aeec-d49f535f69ff,Spiritual Mondays,20:00,"1hr ",EN3 4DG,51.650013,-0.046844,Wesley Hall,"Ponders End Methodist Church, 378 High St",,Monday,False,False,False,True,Open to all on request,"Beginner/Newcomer,Literature Study,No pets","SPAD reading meeting
Bus Routes: 191 307 121 317 279",,,England,Narcotics Anonymous
79bae031-f4fe-55d8-9c6d-a7a5d7ed3780,"St Charles, Live @ 5.30",17:30,"1hr ",W10 6EE,51.52131,-0.213093,"Basement Entrance, Lexham House","28 Saint Charles Square,Ladbroke Grove",,Wednesday,False,False,False,False,Open to addicts only,"Beginner/Newcomer,No children","Venue Info: Entry to the right of main stairs into basement.
Bus Routes: 23, 295, 52, 70",,,England,Narcotics Anonymous
c7a207ca-3cf4-550f-b1e4-0feeee7b0e3e,Stanley Serenity Meeting,18:00,1hr 30mins,DH9 0DU,54.873324,-1.696424,St Andrew's Church,"48 Joicey Gardens,Stanley",,Monday,False,True,False,True,Open to all on request,"Just For Today Book Study,Questions & Answers,Speaker,Topic,Format Varies,Share meeting","Open to all on last Monday of each month
Bus Routes: Near Stanley Bus Station",,,England,Narcotics Anonymous
8da95e08-0784-5247-9d53-3e5bc1683445,Step & Tradition,19:30,1hr 30mins,SP8 4DZ,51.040248,-2.276935,Reach Drug And Alcohol Services Building,"Woodcock Court,Queen Street,Gillingham",,Monday,False,True,False,True,Open to all on request,"Beginner/Newcomer,Basic Text,Speaker,Step,Tradition,Parking Available","Venue Info: Ring the Bell if the Front Door is Shut, Small Cosy Meeting at the Back of the Building. Free Parking Opposite if Needed.
Closed Meeting Although Open on Request.
The Meeting Alternates Between a Share and Readings from Various NA Literature.
Travel Comment: Gillingham train station 5- 10 min walk",,,England,Narcotics Anonymous
1aa18b10-f9ba-5b21-9287-f0cd87146780,Step & Tradition Meeting Salisbury Saturday,18:00,"1hr ",SP2 7RG,51.068999,-1.798819,United Reformed Church,30 Fisherton St,,Saturday,False,True,False,False,Open to addicts only,"Beginner/Newcomer,Basic Text,Discussion/Participation,Step,Tradition,Share meeting,Book Study,Parking Available","Venue Info: The entrance is through the side gate on the right hand side, then through the fire door. If the door is closed please ring the bell.
Basic Text step meeting, tradition study on the 3rd Saturday of the month.
Bus Routes: R1
Travel Comment: The venue is a 5 minute walk from the train station. All parking is free from 18:00 including in Salisbury central car park, which is 2 minutes from the venue. There is also free parking on single yellows on Churchfields Road only all day Saturday.",,,England,Narcotics Anonymous
6557d4cb-f4c8-5290-b585-56fa5e98b0d1,The Greatest Gift,19:00,1hr 30mins,PL1 2EN,50.367774,-4.142855,Church Of Christ The King,Armada Way,,Wednesday,False,True,False,True,Open to all on request,"Children Welcome,Literature Study,Speaker,Topic,Format Varies,Share meeting,Parking Available","Venue Info: Meeting Room is on the First Floor. There is a Lift for Wheelchair Accessibility.
The Format of Meeting is a Rolling Format, Main Chairs on Experience, Strength and Hope, Topic and Literature.",,,England,Narcotics Anonymous
436990f8-18f6-5c69-92a0-bd2a8f588bf9,Warrior Women,19:00,1hr 30mins,BS23 1PE,51.35059,-2.974308,With You,"35 The Boulevard,Weston Super Mare",,Tuesday,False,True,False,True,Open to all,"Speaker,Topic","Alternates: week 1 is a speaker meeting, week 2 is a topic meeting, etc.",,,England,Narcotics Anonymous
6d1d4fb2-33c8-5ad7-84fd-80996ea2acea,Warrior Women Of NA,18:00,"1hr ",SR7 0BH,54.841547,-1.362211,Christ Church New Seaham,"Station Road,Seaham",,Wednesday,False,False,False,False,Open to addicts only,"Format Varies,Women,Share meeting",,,,England,Narcotics Anonymous
32e3293b-22f0-5372-97fe-5c3764932beb,Workington NA,19:00,"1hr ",CA14 3TS,54.630847,-3.560697,"Church Hall, St Mary's Church","Salisbury Street,Westfield,Workington",,Tuesday,False,True,False,True,Open to all on request,"Topic,Share meeting,Parking Available,Pets Welcome",1'st Tuesday of each month is a main share,,,England,Narcotics Anonymous
198ab3bb-03ce-5350-a4bd-4f163d76bc97,"""We Do Recover""",19:30,1hr 30mins,B27 6HE,52.45122,-1.820351,Arthur Moor Hall,"2B Alexander Road,Acocks Green,Birmingham",,Monday,False,True,False,True,Open to all on request,"Beginner/Newcomer,Speaker,Chit/MAC,Share meeting,Parking Available",Travel Comment: The venue is a 2 minute walk from Acocks Green Station.,Birmingham,Midlands,England,Narcotics Anonymous
190a51f4-ad2c-512e-8a4d-6fcf4010e8a0,All Inclusive Meeting,19:00,1hr 15mins,B1 1EQ,52.47472,-1.899677,"LGBT Centre Cafe, Birmingham LGBT Centre","38-40 Holloway Circus Birmingham,Birmingham",,Friday,False,True,False,True,Open to all on request,"Beginner/Newcomer,LGBT+,Format Varies,Share meeting","All service positions currently available.
Travel Comment: 5 minute walk from New Street Station7 minute walk from Moor Street Station",Birmingham,Midlands,England,Narcotics Anonymous
e8cc4638-6374-590d-8c9b-8c9c9f4939b9,Brothers And Sisters In Arms,19:30,"1hr ",B25 8JF,52.460529,-1.819292,"Back Room, South Yardley Methodist Church","Broadyates Road,Birmingham",,Tuesday,False,True,False,False,Open to addicts only,"Speaker,Chit/MAC,Share meeting","This is an Experience, Strength and Hope Speaker Meeting, it is a mixed meeting and men and women are both welcome",Birmingham,Midlands,England,Narcotics Anonymous
28ebc966-c902-5083-9d4b-59f9f19d15ca,Saturday Night Survival,18:00,1hr 30mins,B92 7QX,52.450175,-1.791265,Lyndon Methodist Church,Lyndon Rd,,Saturday,False,True,False,True,Open to all,"Format Varies,Share meeting",,Birmingham,Midlands,England,Narcotics Anonymous
763f31d9-564e-520f-8be2-81efc7a879dd,Serenity,19:00,"1hr ",B33 9QY,52.481919,-1.78379,St Richards Church,"Hallmoor Road,Birmingham",,Tuesday,False,True,False,False,Open to addicts only,"Basic Text,No children","Venue Info: Side door to enter into meeting access point
Hello.
Can the information in red be removed from the meeting information please. 
Thank you
Bus Routes: 97 and 14",Birmingham,Midlands,England,Narcotics Anonymous
5d00f5b8-5a8b-5516-afa2-00c5e76d4d19,Together We Can,19:30,1hr 30mins,B91 3QE,52.413698,-1.78105,St Augustine’S Catholic Church,"1 Herbert Road,Solihull",,Tuesday,False,True,False,True,Open to all on request,"Speaker,Chit/MAC,No pets,Share meeting,Parking Available",Venue Info: Limited parking at rear,Birmingham,Midlands,England,Narcotics Anonymous
9dfb818c-2ffb-5bf5-988e-787631ca34e5,Willingness Wednesdays,19:30,1hr 30mins,B10 0PR,52.470231,-1.866041,"Meeting Room, All Saints Church","172 Herbert Road,Small Heath,Birmingham",,Wednesday,False,True,False,True,Open to all on request,"Children Welcome,Living Clean Study,Speaker,Step,Topic,Share meeting","The Format of the Meeting 
Week 1 - Experience, Strength & Hope Share 
Week 2 - Living Clean Reading
Week 3 - Step Share
Week 4 - Topic Share",Birmingham,Midlands,England,Narcotics Anonymous
831d1846-73a0-557d-bd54-b97218a1bdaa,Saturday Women's,11:00,1hr 15mins,DY9 8BQ,52.463532,-2.115138,Atlantic House,Dudley Rd,,Saturday,False,True,False,True,Open to all,"Beginner/Newcomer,Children Welcome,Speaker,Format Varies,Women,Parking Available","Venue Info: Use the main entrance if meeting has started, knock on the window far left on the building. Sometimes using a satnav takes you further up the road, the venue is behind the JAM building
Last meeting of the month finishes 15 minute early to allow time for group conscience
Bus Routes: 7, 9",Black Country,Midlands,England,Narcotics Anonymous
698679fc-0028-5b53-8d91-82b11c958c90,Thursday Lye,19:00,1hr 30mins,DY9 8BQ,52.463532,-2.115138,Atlantic House,Dudley Rd,,Thursday,False,True,False,True,Open to all on request,"Speaker,No pets,Share meeting,No children,Parking Available",Travel Comment: The venue is a 5-minute walk from the station.,Black Country,Midlands,England,Narcotics Anonymous
4230b662-720e-58ec-8944-94962f22dd11,Truth In Lye,18:30,1hr 15mins,DY9 8BQ,52.463532,-2.115138,Atlantic House,Dudley Rd,,Monday,False,True,False,False,Open to addicts only,"Beginner/Newcomer,Basic Text,Just For Today Book Study,Speaker,Step,No pets,Share meeting,No children,Parking Available","The Format of the Meeting Varies, Step or Experience, Strength & Hope Share. Literature Reading. or Ask it Basket. 
Service Dogs Allowed at Meeting.
Bus Routes: 9, 7",Black Country,Midlands,England,Narcotics Anonymous
76b7c632-7f98-5d64-b7f8-81af95f43034,Blackpool Tuesday Night It Works,19:00,1hr 30mins,FY4 3PT,53.78512,-3.033133,Lostock Community Centre,"Lostock Gardens,Blackpool",,Tuesday,False,False,False,True,Open to all on request,"Beginner/Newcomer,Speaker,Share meeting",,"Blackpool, Fylde and Wyre",North West,England,Narcotics Anonymous
921942b0-8ce5-5159-95cd-7899397c69d4,Friday Evening St Annes Meeting,19:30,"1hr ",FY8 2EA,53.757471,-3.025504,Parish Rooms,2A Oxford Rd,,Friday,False,False,False,False,Open to addicts only,Speaker,,"Blackpool, Fylde and Wyre",North West,England,Narcotics Anonymous
ebeb3196-3927-5cb4-bbc6-0c1c447dacd8,Newcomers,19:30,1hr 15mins,BH1 1NE,50.721842,-1.874761,"Fusion Youth Club,","4-6 Old Christchurch Ln Bournemouth,Bournemouth",,Tuesday,False,False,False,True,Open to all,"Beginner/Newcomer,Share meeting",Venue Info: Down the alley opposite halifax,Bournemouth District,South West,England,Narcotics Anonymous
a611dc90-f84b-54d2-8993-10d43d7dabf1,Night Owls,21:30,1hr 30mins,BH1 4HP,50.729771,-1.843971,Bh1 Project,107 Palmerston Rd,,Wednesday,False,True,False,False,,,Venue Info: Doors open at 9pm,Bournemouth District,South West,England,Narcotics Anonymous
987b8f78-0809-594d-a51e-65bbd872b8f8,Monday Just For Today,19:30,0hr 48mins,BN3 3YF,50.830907,-0.173028,"Main Hall, Central United Reformed Church","Ventor Villas,Hove",,Monday,False,True,False,False,Open to addicts only,"Just For Today Book Study,Share meeting","Venue Info: Meeting is now in the Main Hall
Just For Today reading. Round Robin Sharing.",Brighton Area,South East,England,Narcotics Anonymous
5f540001-2090-5aa2-bbca-6107ca0641b2,SPAD,13:30,1hr 30mins,WA15 0NU,53.36643,-2.327118,Priory Hospital,"Rappax Rd, Hale",,Saturday,False,True,False,False,Open to addicts only,"No children,Spiritual Principle A Day",,Cheshire East,North West,England,Narcotics Anonymous
1134e829-a6f0-59e1-a01b-315b783a4ece,Spiritual Principle A Day,13:30,1hr 30mins,WA15 0NU,53.36643,-2.327118,Priory Hospital,"Rappax Rd, Hale",,Saturday,False,True,False,False,Open to addicts only,"Literature Study,No pets,No children,Spiritual Principle A Day","Venue Info: Round the back of the building.
No smoking/vaping on site. No children.",Cheshire East,North West,England,Narcotics Anonymous
a7f54ce7-cf6e-50c9-86f5-d02a48c1edfe,There Is A Way - JFT,19:30,1hr 30mins,M34 7GL,53.445083,-2.100533,Haughton Green Methodist Church,"Two Trees Lane,Haughton Green,Denton",,Saturday,False,True,False,True,Open to all,"Candlelight,Just For Today Book Study,Literature Study,Topic,No pets,Share meeting,Book Study,Parking Available","Bus Routes: 322, 327 & 347",Cheshire East,North West,England,Narcotics Anonymous
51b7251f-1bbc-50f3-be0b-4c38e3b303f2,Amersham TGIF (Thank God It's Friday) MAC,19:30,1hr 15mins,HP6 5DR,51.67757,-0.606307,St Michaels Church Hall,70 Sycamore Rd,,Friday,False,True,False,True,Open to all,"Candlelight,Children Welcome,Just For Today Book Study,Chit/MAC,No pets,Book Study,Parking Available","Venue Info: The Church is in the Heart of the New Town on the High Street. Parking can be Found Behind the Church. The Entrance to the Parking Area is Next to Domino's Pizza to the Right of the Church.The meeting room is located in a building behind the church, accessible from the car park.
A Great Way to Start Your Weekend",Chiltern and Thames,South Midlands,England,Narcotics Anonymous
df7b5df9-3e2d-5f7e-8b7f-3fc4c38828ac,Early Evening Meeting,19:00,1hr 30mins,SL6 8BY,51.522098,-0.711361,D A A T,"Resilience,Unit 13 Reform Road,Maidenhead",,Tuesday,False,True,False,True,Open to all on request,Living Clean Study,"Living Clean book study 2 weeks a month, ask it basket one a month and chair 2nd Tuesday of every month.",Chiltern and Thames,South Midlands,England,Narcotics Anonymous
3d6df096-da0e-5e4d-b59e-68f3da214bcb,Life On Lifes Terms,19:30,1hr 30mins,SL1 1PJ,51.507065,-0.594091,St Marys Church,Church St,,Saturday,False,False,False,True,Open to all on request,"Beginner/Newcomer,Chit/MAC,Share meeting","Venue Info: Door to the side of the Church
This is a non-smoking/vape meeting that has a weekly experience, strength, and, hope share.
MAC Friendly Meeting",Chiltern and Thames,South Midlands,England,Narcotics Anonymous
f6253349-a9a9-5d72-bc44-ac44975d78e7,Slough Sunday Spiritual Principles Book Study,19:30,"1hr ",SL1 1PJ,51.507065,-0.594091,St Marys Church,Church St,,Sunday,False,False,False,True,Open to all on request,"Literature Study,Spiritual Principle A Day",Venue Info: Enter through small gate off Church Street. Vestry wooden door ten yards on right,Chiltern and Thames,South Midlands,England,Narcotics Anonymous
e58aa52c-6daf-54c1-89e6-a4fbc890622f,Windsor Group,19:30,1hr 30mins,SL4 1BA,51.480895,-0.610479,"Jack Long Room, Christ Church URC","William Street,Windsor",,Wednesday,False,True,False,True,Open to all on request,"Speaker,Share meeting","Venue Info: Centre of Town. Bottom of Peascod Street on Left Hand Side. Opposite Night Club.
Open Meeting on 1st Wednesday of the Month and by Request
Travel Comment: Parking On Site in Secure Car Park.",Chiltern and Thames,South Midlands,England,Narcotics Anonymous
8ac233e5-1a41-592b-9583-a176498ccbed,Truro Wednesday Night,19:00,1hr 30mins,TR1 2EJ,50.261521,-5.051352,"Main Room, Western House","Tabernacle Street,Truro",,Wednesday,False,True,False,True,Open to all on request,"Just For Today Book Study,Parking Available","Venue Info: Building in Tabernacle Street Car Park. Room through main doors.
Open on request. Format to be decided as meeting reopening after Covid.
Bus Routes: Any buses to Truro
Travel Comment: Park in Tabernacle Street car park, or if full, Lemon Street multi storey. Bus park 5 mins walk and trains 10 mins.",Cornwall,South West,England,Narcotics Anonymous
6bca5ea5-ad5f-50ef-bd9a-c2bf60b4067f,Bideford Wednesday Night Meeting,19:00,"1hr ",EX39 2QE,51.019685,-4.20647,"Main Room, TTVS","The Studio, Bridgeland Street,Bideford",,Wednesday,False,True,False,False,Open to addicts only,"Speaker,No children","Share every fourth week of the month.
Bus Routes: 21, 21A. 5B",Devon Central,South West,England,Narcotics Anonymous
ffadeff9-8018-5401-92c5-b3b0b383b961,Durham Tuesday Meeting,18:00,"1hr ",DH1 4BG,54.778121,-1.586626,United Reform Church,"Waddington Street,Durham",,Tuesday,False,False,False,True,Open to all on request,"Beginner/Newcomer,Speaker",Travel Comment: About 5 mins walk from both Durham mainline railway station and main Durham City bus interchange,Durham and Cleveland,North East,England,Narcotics Anonymous
34b16bce-b2e6-549a-97bd-dce98c7a3ecf,Let’S Talk About Tuesday,16:30,"1hr ",TS1 3BZ,54.570782,-1.234114,The Salvation Army,2 Southfield Rd,,Tuesday,False,True,False,True,Open to all on request,Just For Today Book Study,,Durham and Cleveland,North East,England,Narcotics Anonymous
a17184fb-48a2-57c5-9cb3-f09ba3c27438,Middlesbrough Sunday Night Meeting,18:00,1hr 30mins,TS6 6PH,54.571125,-1.1526057,,"South Bank Baptist Church,Redcar Road East,Middlesbrough",,Sunday,False,True,False,True,Open to all on request,"Children Welcome,Speaker,Share meeting,Parking Available",,Durham and Cleveland,North East,England,Narcotics Anonymous
4fb5cf37-2e3a-500b-badd-0416cf2e3ad0,Middlesbrough Women’S,10:30,1hr 15mins,TS1 5DE,54.573409,-1.237964,"Connections Community Cafe,","131-133 Linthorpe Rd,Middlesbrough",,Saturday,False,True,False,True,Open to all on request,"Beginner/Newcomer,Children Welcome,Meditation,Women,Share meeting,Parking Available,Spiritual Principle A Day","Child Welcoming Meeting. Guided Meditation and Just for Today or Spiritual Principle a Day Reading/Share.
Smoking/Vaping Round the Back of the Building as Requested by the Venue.",Durham and Cleveland,North East,England,Narcotics Anonymous
a58c73c6-b641-5f0a-9a85-1a10f0532c4e,Sunday Night The Lie Is Dead,18:15,1hr 30mins,DH1 4BG,54.778121,-1.586626,"Main Room, United Reformed Church","Waddington Street,Durham",,Sunday,False,False,False,False,Open to addicts only,"Speaker,Share meeting",,Durham and Cleveland,North East,England,Narcotics Anonymous
98de3059-3b2e-576f-b08a-bac4ffaae816,The Saturday Solution,10:30,1hr 30mins,TS10 4BQ,54.60504,-1.070983,Westmorland Community Centre,Westmorland Rd,,Saturday,False,True,False,True,Open to all on request,"Literature Study,Speaker,Step,Topic,Parking Available","Week 1 - Main Share 
Week 2 - Topic Share Back 
Week 3 - Step Study 
Week 4 - Reading of NA Literature",Durham and Cleveland,North East,England,Narcotics Anonymous
6dd23f1a-e2ae-534c-b82f-83eefd2ddcc9,We Do Recover Meeting,17:30,"1hr ",TS3 9JP,54.564197,-1.182769,Thorntree Library,"8 Birkhall Road,Middlesbrough",,Wednesday,False,True,False,True,Open to all on request,,,Durham and Cleveland,North East,England,Narcotics Anonymous
4424fc88-109f-56f2-97ec-4517183baa5f,Hearts In Herts,19:45,1hr 15mins,EN11 8BE,51.755579,-0.015084,"The Meeting Room, Bollescroft Community Centre","Spotlight Car Park, Cock Lane,Hoddeston",,Tuesday,False,False,False,True,Open to all,"Children Welcome,Speaker,Share meeting,Parking Available,Pets Welcome","Venue Info: White Building at the Bottom of the ""Spotlight' Car Park. Car Park is Free.
The Format of the Meeting is an Experience, Strength & Hope Every Week.
Fellows Bringing Children, Please can they be Supervised and Ideally Wearing Headphones.
Bus Routes: 310, 310A
Travel Comment: Venue is 17 Minutes Walk from Station.",East Herts or West Essex,Eastern,England,Narcotics Anonymous
88e79a52-273f-5bf6-bba8-6b75bccb9faa,Bacup Friday,19:00,1hr 15mins,OL13 0AL,53.701883,-2.201707,Trinity Baptist Church,"Bankhouse Lane,Bacup",,Friday,False,True,False,True,Open to all,"Children Welcome,Literature Study,Speaker,Format Varies,No pets,Share meeting","Venue Info: Room is straight through main door and in front of you. There is a Free Car Park on Oldbank Road.
The Format of the Meeting Varied from a Experience. Strength & Hope Main Share or Reading the NA Literature. 
Fellows bringing Children, Please Can they be Supervised and Wearing Headphones.
Bus Routes: 464",East Lancs,North West,England,Narcotics Anonymous
51cd8338-e1db-5771-9fdb-8c102237ec26,Keep Coming Back,19:00,1hr 30mins,BB1 1EZ,53.746974,-2.478945,"Meeting Room On Top Floor, Community Hub","35 Railway Road,Blackburn",,Monday,False,False,False,False,Open to addicts only,Format Varies,,East Lancs,North West,England,Narcotics Anonymous
12516f78-0bb6-5d5f-b8cc-65c10b685d3d,Keep It Basic - Mens Literature Meeting,19:45,1hr 15mins,BL6 6RF,53.598642,-2.52938,"Upstairs, Ridgmont House","Chorley Old Road,Horwich",,Monday,False,False,False,True,Open to all on request,"Basic Text,No pets,No children,Book Study","Venue Info: Doors open at 7.30pm - main front door, ring bell if closed.If using google maps / sat nav use Ridgmont House not postcodeOff Chorley Old Road opposite Curleys cafe/fisheries, within the cemetery grounds.There is car parking on site and on the small road leading into the building.What 3 words location;ground.aboard.charminglyThe building is not Wheel Chair Friendly but the group will help where we can!
Basic text literature meeting and main share once a month.
Bus Routes: 125, 912, 516, 914",East Lancs,North West,England,Narcotics Anonymous
2c28b0a0-1f93-5244-9445-fe7e61aa79f5,Rawtenstall Tuesday,19:00,1hr 15mins,BB4 8LA,53.714892,-2.291893,Ninja Coffee Shop,"331 Burnley Road,Crawshawbooth,Rawtenstall",,Tuesday,False,True,False,True,Open to all,"Format Varies,Illness,Book Study,Pets Welcome","Venue Info: Big orange flags on the main road.
Spin the wheel to decide the topic each week.
Parking is available
Bus Routes: X43
Travel Comment: X43 bus goes past the venue. Get off at Thorn Street then a 2 minute walk.Bus goes from Shudehill Interchange, Manchester to Burnley bus station and back again.",East Lancs,North West,England,Narcotics Anonymous
1e73d0b2-6321-5555-851f-60e4a2593be2,Saturday Morning Meeting,10:30,1hr 30mins,BB5 1EB,53.753288,-2.362347,"Above The Shop, Maundy Relief Shop","Abbey Street,Accrington,Accrington",,Saturday,False,False,False,True,Open to all on request,"Format Varies,Pets Welcome","Venue Info: Opposite the Maundy Furniture Shop
Main share on the first week of each month
Bus Routes: 464
Travel Comment: Free parking is available behind the venue.464-, the bus stop is slightly before the meeting venue. The venue is a 5-minute walk from the Accrington Station.",East Lancs,North West,England,Narcotics Anonymous
e7d48bdd-e4b3-55cc-8514-57be824a449c,Freedom In Forest Gate,19:30,1hr 30mins,E7 8AA,51.546873,0.027643,"Church Hall, Woodgrange Baptist Church","345 Romford Road,Forest Gate,London",,Thursday,False,True,False,True,Open to all,"Literature Study,Speaker,Step,Topic,Format Varies,Share meeting,Book Study","Venue Info: The meeting can be accessed from the Main Entrance via the Gate The venue is opposite Iceland and Barclays Bank and also near Mcdonalds
We have chairs every week. 
In rotation: 
Experience, strength and hope chair. 
Step chair. 
Topic/Literature chair.
Bus Routes: 25,86,425,330,325,58
Travel Comment: This meeting is directly opposite MacDonalds it is a 10 minute walk from Stratford and is 1 minute walk from Elizabeth line and the overground line",East London,London (North),England,Narcotics Anonymous
91a66579-8879-58bd-aae0-f2410c3ca742,Wickford Wednesday’S,18:00,1hr 15mins,SS11 7HQ,51.617115,0.528056,The Sharps Building,"34 Runwell Road,Wickford",,Wednesday,False,False,False,True,Open to all,"Living Clean Study,Book Study",,Essex,Eastern,England,Narcotics Anonymous
d4e3e3f5-c94f-5b0d-8def-72ff5e6861c3,From Haverhole To Have A Go,18:30,"1hr ",CB9 0JB,52.085578,0.4421,"Small Room, Chalkstone Community Centre","Millfields Way,Haverhill",,Monday,False,True,False,True,Open to all,"Children Welcome,Just For Today Book Study,Speaker,No pets,Share meeting,Parking Available,Spiritual Principle A Day","Venue Info: Meeting May Change Room Inside the Venue.
The Format of the Meeting is the Just for Today Reading or the Spiritual Principle a Day Reading. 
Last Monday of the Month - Main Share. 
Fellows Bringing Children, Please Can they be Accompanied at all Times and Wearing Headphones.
Travel Comment: Parking is Limited Outside the Venue. There is a Small Car Park as you Turn into the Road of the Venue.",Fenland,Eastern,England,Narcotics Anonymous
2865eb2a-dd08-5b36-a886-288f3f3e7b93,Haverhill Just For Today NA,19:30,1hr 30mins,CB9 0JB,52.085578,0.4421,Chalkstone Community Centre,"Millfields Way,Haverhill",,Friday,False,False,False,True,Open to all,"Beginner/Newcomer,Candlelight,Children Welcome,Just For Today Book Study,Speaker,No pets,Share meeting,Parking Available",The Format of the Meeting is the Just for Today Reading and a Main Share.,Fenland,Eastern,England,Narcotics Anonymous
6e4682c5-84a9-54cd-b15d-223d9db6b195,Saturdays LETS DO LUNCH,12:00,1hr 30mins,CB2 3EL,52.202978,0.123204,Downing Place United Reformed Church,Downing St,,Saturday,False,True,False,True,Open to all on request,"Children Welcome,Venue unavailable on public holidays","Venue Info: Ring Bell To Gain Entry And Someone will come to let you in .
This is an open to all meeting Just for today & Experience strength and hope Meeting & Child Friendly.
Bus Routes: All buses go to town center
Travel Comment: Buses Taxis all come into City Center And also accsessable by Cycle & on FootGrand Arcade Multi Storey Car Park opposite Venue Also",Fenland,Eastern,England,Narcotics Anonymous
6336268d-fcca-59ca-8f8b-79ab2dafcb04,Hastings Wednesday,19:30,1hr 30mins,TN37 6LA,50.856344,0.560116,"Upstairs Room, Clifton Centre","1 Stainsby St,Saint Leonards-On-Sea",,Thursday,False,True,False,True,Open to all on request,"Children Welcome,Just For Today Book Study,Speaker,Step,Tradition,No pets","Venue Info: Ring entry phone for access.
The Format of the Meeting 
Week 1 - Reading NA Step and Share Back 
Week 2 - Reading NA Tradition and Share Back 
Week 3 - Reading JFT Reading and Share Back 
Week 4 - Experience, Strength & Hope Main Chair",Hastings and Rother,South East,England,Narcotics Anonymous
4efc66b1-3cef-5517-a968-de74cc2ca78d,Spilsby Friday Feeling,18:30,1hr 30mins,PE23 5DU,53.173858,0.093828,"Main Front Room, New Life Centred","Church Street,Spilsby",,Friday,False,True,False,True,Open to all,"Candlelight,Venue unavailable on public holidays,Share meeting,Parking Available","Venue Info: There is a Free Car Park at the Back of the Building.
The Format of the Meeting is Reading from literature and topic meeting. Main share once a month
Bus Routes: Stagecoach 56",Lincolnshire,Midlands,England,Narcotics Anonymous
513a687e-e7ea-523b-ac15-e664e87cbb7a,Croxteth Meeting,19:00,1hr 15mins,L11 9AZ,53.451611,-2.903752,"Ante Room, Queen Of Martyrs Church","Stonebridge Lane,Liverpool",,Monday,False,True,False,True,Open to all on request,"Basic Text,Speaker,Share meeting,Parking Available","One week a main share, then next a reading.
Bus Routes: 14",Liverpool City,North West,England,Narcotics Anonymous
3aae5b9b-2400-5c95-aa06-b8957a0e0b55,RAHI BARAYE NEJAT,12:00,1hr 30mins,L5 3PE,53.421228,-2.974629,"Shewsbury House, Shewsbury House","29 Langrove Street,LIVERPOOL",,Thursday,False,True,False,False,Open to addicts only,"Basic Text,Parking Available",,Liverpool City,North West,England,Narcotics Anonymous
cb54bcb6-e062-5927-b8bf-149298f39011,Tuesday Morning Group,11:00,1hr 30mins,L5 8YD,53.422383,-2.985145,Vauxhall Neighbourhood Council,"1-3 Silvester Street,Liverpool",,Tuesday,False,True,False,True,Open to all on request,"Speaker,Venue unavailable on public holidays","Bus Routes: 54,56",Liverpool City,North West,England,Narcotics Anonymous
df836d69-0ea8-5ea8-b891-cbfb304b2ce8,Widnes Thursday Main Share Or Basic Text,19:45,1hr 30mins,WA8 7QU,53.3626,-2.732197,St Paul's Church,Victoria Sq,,Thursday,False,True,False,True,Open to all,"Beginner/Newcomer,Basic Text,Speaker,Format Varies,Share meeting,Parking Available",Venue Info: Hall at rear of BuildingVenue opens approx. 7.00pm,Liverpool City,North West,England,Narcotics Anonymous
75f81556-a4f2-57e2-a579-8bf03507056a,Wish You Were Here,12:30,1hr 30mins,L5 1UW,53.429302,-2.96324,Christ Church Hall,Hartnup St,,Thursday,False,False,False,True,Open to all on request,"Living Clean Study,Questions & Answers,Speaker,Share meeting,Book Study",,Liverpool City,North West,England,Narcotics Anonymous
14f3a52e-1fed-5c0f-b5e5-ce75840b1dbc,NA Lunch Time Step Meeting,13:00,"1hr ",SW1X 0BD,51.496553,-0.162317,St Columba's Church Of Scotland,Pont St,,Monday,False,True,False,True,Open to all,"Speaker,Step,Chit/MAC,Parking Available","Venue Info: Library can be found by turning right after entering church's main door.
Bus Routes: 14,414,319,74",London Chelsea,London (North),England,Narcotics Anonymous
026aba60-5b85-546c-bffc-92fdd51d19ef,Pont Street,13:00,"1hr ",SW1X 0BD,51.496553,-0.162317,St Columba's Church Of Scotland,Pont St,,Wednesday,False,False,False,False,Open to addicts only,Speaker,"Travel Comment: C1, 137, 452, 19, 22",London Chelsea,London (North),England,Narcotics Anonymous
a6ad132d-095b-57fe-918f-0ee01a54d2f0,East Finchley Just For Today,20:00,"1hr ",N2 0TH,51.591781,-0.174775,Holy Trinity Church,77 Church Lane,,Monday,False,False,False,True,Open to all on request,"Candlelight,Just For Today Book Study,No pets,No children","Venue Info: Parking on Trinity Avenue, to rear of Church, and walk through well lit Churchyard. Enter through main church doors
This is a just-for-today meeting and a chair the last Monday of the Month
Bus Routes: 143
Travel Comment: The venue is a 10-minute walk from East Finchley Station.",London North,London (North),England,Narcotics Anonymous
a4f065fe-ef06-5951-9401-43beb7bbb19e,East Finchley Meeting,20:00,"1hr ",N2 0TH,51.591781,-0.174775,Holy Trinity Church,77 Church Lane,,Thursday,False,False,False,True,Open to all on request,"Candlelight,Living Clean Study,Step Working Guide Study,No pets,No children","Venue Info: Parking available to the rear of the church, on Trinity Road. Use front entrance then find the meeting upstairs.No pets please.
Speaker meeting on the last Thursday of the month
Bus Routes: 143
Travel Comment: The venue is a 10-15 minute walk from the station.",London North,London (North),England,Narcotics Anonymous
2a89a553-8d92-5197-99c2-c1b67dd106f0,Finsbury Park Friday Night,19:30,1hr 30mins,N4 3LD,51.565838,-0.113395,St Mark's Church,"1A Moray Road,Finsbury Park,London",,Friday,False,True,False,True,Open to all on request,"Basic Text,Candlelight,Speaker,Step,Chit/MAC,No pets,Share meeting,Timer,Parking Available","Venue Info: Enter through main doors at the front of the Church on Tollington Park
Occasionally the church need the area we use and will allocate us another room in another part of the church but this will be signposted.",London North,London (North),England,Narcotics Anonymous
18a83a36-9478-5489-bdd0-906c4269adeb,Living Clean In London,13:15,"1hr ",N1 0ES,51.536521,-0.110639,Church On The Corner,64 Barnsbury Rd,,Thursday,False,True,False,True,Open to all on request,"Living Clean Study,Share meeting","Venue Info: Entrance is on the side of the building on Copenhagen St. Meeting room is to the left.
1st and 3rd Thursday is a share. Every other Thursday is a living clean reading.
Bus Routes: 153/17/91/214/73/30/205
Travel Comment: 153 stops 1 minute walk from the meeting location. All of the other buses can be caught from Kings Cross and stop 9 minutes walk from the meeting venue.",London North East,London (North),England,Narcotics Anonymous
f025ed96-b23b-549c-b21d-366ed6cc47c3,South Islington Shy Sharers,14:00,"1hr ",N1 8AL,51.534115,-0.103111,"Basement, Next To St John The Evangelist","39 Duncan Terrace,Islington,London",,Wednesday,False,False,False,True,Open to all,"Basic Text,Children Welcome,Just For Today Book Study,Speaker,No pets,Share meeting","Venue Info: Down the Steps Next to the Red Door.
The Meeting Format is the Just for Today Reading and Share Back. 
First Wednesday of the Month an Experience, Strength and Hope Main Chair. 
Please Note that this is the Same Venue where Previous Meetings were Held up Until the Pandemic of 2020.",London North East,London (North),England,Narcotics Anonymous
f6c18d4a-7f12-5caa-992f-588d99d3c284,Sunday Inclusive Women's Meeting,17:30,1hr 30mins,N16 7UY,51.556236,-0.074222,,"St. Paul's Church,184 Stoke Newington Road,London",,Sunday,False,True,False,True,Open to all on request,"Beginner/Newcomer,Candlelight,Speaker,Women,Share meeting,Pets Welcome","Venue Info: Junction of Stoke Newington High Street and Amhurst Road.Entrance at rear - up the steps
Chair and Living Clean readings on alternate weeks, open to all those who identify as women",London North East,London (North),England,Narcotics Anonymous
ff009bac-1774-55cb-9e2a-2fdaf5729fe1,Kilburn - Step Meeting,11:30,1hr 15mins,NW6 4TA,51.540659,-0.195882,"Ground Floor, Latin America House","10 Kingsgate Place,Kilburn,London",,Sunday,False,True,False,True,Open to all,"Speaker,Step,Format Varies,No pets,Share meeting","Venue Info: Green door close to Brazilian Restaurant, off Kingsgate Road, please knock on the door.
The meeting alternates weekly between a Step and Experience Strength and Hope share.
Bus Routes: 16, 31, 328, 32, 316, 332
Travel Comment: Kilburn Park(Bakerloo), Kilburn Overground, Kilburn (Jubilee)",London North West,London (North),England,Narcotics Anonymous
76fecb1b-619e-5a64-a6ef-b31c0853fa56,Venture Centre 12:00 Sunday,12:00,"1hr ",W10 5YB,51.523376,-0.211056,"Club Room, Venture Centre","103A Wornington Road,North Kensington,London",,Sunday,False,True,False,False,Open to addicts only,"Children Welcome,Share meeting,Pets Welcome","Venue Info: Meeting moved to a new venue from 24.12.2023Entrance is on Faraday Road
Bus Routes: 23, 52, 452, 70, 228
Travel Comment: The venue is a 7-minute walk from Ladbroke Grove Station",London North West,London (North),England,Narcotics Anonymous
2ccc4b64-4a2c-591e-b578-09582c44bcb7,Brixton Harbour,18:30,"1hr ",SW9 8RR,51.465104,-0.102897,The Harbour,245 Coldharbour Lane,,Friday,False,True,False,False,Open to addicts only,"Children Welcome,Speaker,Chit/MAC,Share meeting,Pets Welcome","Venue Info: Ring Doorbell at Front or Wheelchair Access at Side.
The Format of the Meeting is an Experience, Strength & Hope Chair Every Week. 
We are Now a MAC Agreeable Meeting.
Travel Comment: 10 Minutes Walk from Brixton.2 Minutes Walk from Loughborough Junction. Many Buses",London South,London (South),England,Narcotics Anonymous
724788be-bbda-5107-b560-65e8a2e121ea,Lusófonos Em Londres,18:30,1hr 30mins,SW9 8RR,51.465104,-0.102897,The Harbour,245 Coldharbour Lane,,Saturday,False,True,False,True,Open to all on request,"Candlelight,Just For Today Book Study,Literature Study,Speaker,Share meeting,Spiritual Principle A Day","Detalhes do Formato da Reuniao abaixo:
Partilha 1x por mês ( poderá ser alterado se tivermos visitas de língua Portuguesa)
Passo 1x por mês
Tópico 1x por mês
Princípio espiritual por dia 1x por mês
Bus Routes: 245, P5, 45",London South,London (South),England,Narcotics Anonymous
c369ff15-21d7-5be5-a50c-d5a37e2b9292,Tooting Thursday,19:15,1hr 15mins,SW17 9NQ,51.424796,-0.165484,"Church Main Hall, Tooting United Reformed Church","Rookstone Road,Tooting,London",,Thursday,False,True,False,True,Open to all on request,"Children Welcome,Speaker,Chit/MAC,Share meeting,Pets Welcome","Venue Info: 30 Meters Down Rookstone Road on Left. Coming from Mitcham Road. Glass Doors. This Venue is Closed When There are Elections.
The Format of the Meeting is an Experience, Strength & Hope Main Chair Every Week, except for first Thursday of the month which is a Step meeting.
Fellows with Children Please Can they be Supervised and Wearing Headphones. Dogs Please Can they Stay on a Lead.
Travel Comment: 5 Minutes Walk from Tooting Broadway Tube",London South,London (South),England,Narcotics Anonymous
434d9895-5363-5c99-8094-a324cf830fc2,Candlelit In Catford,19:30,1hr 30mins,SE13 6LJ,51.451685,-0.017557,Cgl Building,410 Lewisham High St,,Wednesday,False,False,False,False,Open to addicts only,"Speaker,No pets,Parking Available",,London South East (East),London (South),England,Narcotics Anonymous
e6feb7fd-6f89-5a1d-8324-e4a97d5e4a52,We Do Recover,19:30,1hr 30mins,SE13 6QE,51.452551,-0.007096,"Basement Room, St Swithun's Church","191 Hither Green Lane,London,London",,Thursday,False,False,False,True,Open to all,"Candlelight,Speaker","Venue Info: At the Back of Church is Where the Meeting Door is located is: (Go Down St. Swithuns Road, then turn Left on Theodore Road)",London South East (East),London (South),England,Narcotics Anonymous
5d827143-92b6-5eca-941a-fa2063cdb752,Hope & Healing In Heston,11:00,"1hr ",TW5 0QU,51.484135,-0.372442,"Upstairs Meeting Room, Heston 7Th Day Adventist Church","178 Heston Road,Heston,Hounslow",,Sunday,False,False,False,False,Open to addicts only,"Beginner/Newcomer,Basic Text,Speaker,Format Varies,No pets,Share meeting","Venue Info: Use side entrance door on Heston Road. Do not use main church entrance
Steps 1,2 & 3 Basic text or Living Clean reading
4th week Chair/Speaker
Bus Routes: 111, 120",London South Middlesex,London (North),England,Narcotics Anonymous
4f4c3569-3592-564d-a4e2-b386407c6a1e,Kingston Karma,18:30,"1hr ",KT2 6AB,51.416242,-0.298943,Swinnerton Hall,"62 Gibbon Road,Kingston Upon Thames",,Sunday,False,True,False,True,Open to all,"Beginner/Newcomer,Children Welcome,Speaker,No pets","Venue Info: Next to St Luke's Church. Doors open at 18:00.
The venue has confirmed that its regulations no longer allow pets apart from guide dogs",London South West,London (South),England,Narcotics Anonymous
7387d9d7-778b-5099-8d8e-909af1c931c5,The Spirit Of Our Traditions,11:00,"1hr ",WC2H 0EW,51.515056,-0.130224,Soho Recovery Centre,123 Charing Cross Rd,,Friday,False,False,False,True,Open to all,Tradition,"Rotating book readings and monthly chair
Bus Routes: 1, 390, 98, 14, 19, 24, 29, 38, 55, 73, 98, 176",London West End,London (North),England,Narcotics Anonymous
ab8e2075-8569-54b2-b754-d73f24fd8b12,All You Need Is Love,19:30,1hr 30mins,W3 9NW,51.50761,-0.272097,"Back Hall, St Mary's Church","Unit 1,The Mount, High St,London",,Thursday,False,True,False,True,Open to all,"Basic Text,Candlelight,Speaker,Step,Topic,No pets,Share meeting,Timer,Book Study",Venue Info: Side door on the right of the main church door. Ring the bell if the door is closed.,London Westway,London (North),England,Narcotics Anonymous
500c39be-001a-5405-8f12-f65ddc0f3f63,"Don't Tell Me, Show Me",19:00,"1hr ",W10 6LP,51.518834,-0.218052,"Basement Side Entrance, St Helen's Church","St Helen's Gardens,North Kensington,London",,Tuesday,False,False,False,True,Open to all on request,"Beginner/Newcomer,Basic Text,Literature Study,Step,Tradition,No pets,Venue unavailable on public holidays,Share meeting,No children,Timer,Book Study","Venue Info: Basement , side entrance .
Meeting opens for fellowship 6:30 > Then Reading Chapters From The BasicText.",London Westway,London (North),England,Narcotics Anonymous
f6f02a3e-522b-5878-a870-aef81d495679,FARSI Ladbroke Group,17:00,1hr 30mins,W10 6LP,51.518834,-0.218052,St Helen's Church,"Helen Gardens,Ladbroke,London",,Sunday,False,True,False,False,Open to addicts only,"Speaker,Share meeting,Parking Available",,London Westway,London (North),England,Narcotics Anonymous
a721e7c8-48ca-5f20-b4aa-01326d1bb597,Friday At The Den,13:00,"1hr ",W10 6LP,51.518834,-0.218052,"The Den, St Helen's Church","St Helen's Gardens,North Kensington,London",,Friday,False,False,False,True,Open to all,"Speaker,Share meeting","Venue Info: The venue is on the junction of St Helens Gardens & St Quintin Avenue - down the steps at the side of the church to the basement.
The meeting has an experience, strength, and, hope format.
Bus Routes: 7,23,52,70,295,316,",London Westway,London (North),England,Narcotics Anonymous
f7e75e26-be01-589a-9730-cd7661ccbb10,Ladbroke Grove Afternoon Group,13:00,1hr 15mins,W10 6LP,51.518834,-0.218052,"The Den, St Helen's Church","St Helen's Gardens,North Kensington,London",,Thursday,False,False,False,True,Open to all on request,Topic,Venue Info: junction of St Helens Gardens & St Quintin Avenue,London Westway,London (North),England,Narcotics Anonymous
3b04a083-6ec2-5805-8dc4-c16f3ee2f8e6,Newcomer's Meeting,13:00,"1hr ",W11 3DB,51.511944,-0.200854,,"59A Portobello Rd, Upstairs Above Farm Girl Café, Tube: Notting Hill Gate.",,Sunday,False,False,False,True,Open to all,"Speaker,Chit/MAC","Venue Info: Walk through the Farm Girl cafe courtyard straight ahead through the door and up the stairs.
Bus Routes: 52, 452, 23",London Westway,London (North),England,Narcotics Anonymous
83b38654-64da-53c7-972d-20ee7cc40bf3,Newcomers,19:00,"1hr ",W11 3DB,51.511944,-0.200854,,"59A Portobello Rd, Upstairs Above Farm Girl Café, Tube: Notting Hill Gate.",,Thursday,False,False,False,True,Open to all,"Beginner/Newcomer,No pets",Venue Info: Past the Cafe,London Westway,London (North),England,Narcotics Anonymous
e077d850-276b-51b0-b2a2-a0acd1e6ab72,Steps And Recovery,19:30,1hr 30mins,W10 6LP,51.518834,-0.218052,"The Den, St Helen's Church","St Helen's Gardens,North Kensington,London",,Thursday,False,False,False,False,Open to addicts only,"Beginner/Newcomer,Candlelight",Venue Info: junction of St Helens Gardens & St Quintin Avenue,London Westway,London (North),England,Narcotics Anonymous
94a9f846-94f9-53f5-961c-bec8289460a0,The Den Tuesday 1Pm Step Meeting,13:00,1hr 15mins,W10 6LP,51.518834,-0.218052,"Basement, St Helen’S Church","St Helen's Gardens,North Kensington,London",,Tuesday,False,False,False,True,Open to all on request,"Basic Text,Step,Share meeting",Venue Info: Entrance on St Quintin Avenue.,London Westway,London (North),England,Narcotics Anonymous
b1977389-6b56-5826-98e0-8db2f3d6284c,Wednesday Night Acton Men’S Step Meeting,20:00,1hr 15mins,W3 9NW,51.50761,-0.272097,"Back Room, St Mary’S Church Acton","Unit 1, The Mount, High Street,Acton,London",,Wednesday,False,True,False,False,Open to addicts only,"Basic Text,Men,Step,No pets,No children","Venue Info: Opposite the main doors of Morrisons - ring the bell at the door to the right of the main church.
The room is right at the back within the building.
Bus Routes: 207, 218, 70, E3, 266",London Westway,London (North),England,Narcotics Anonymous
7fcf3e4f-420f-55c3-82c0-59d3c97afb56,Feel To Heal @ Mosaic Basement,14:30,1hr 30mins,M1 1JQ,53.481898,-2.236058,Central Hall,Oldham St,,Saturday,False,True,False,True,Open to all,Just For Today Book Study,Venue Info: Central Hall is close to Piccadilly Gardens on Oldham Street.The entrance is facing Afflecks palace.The meeting is held in the Basement 'Mosaic' in Central Hall Piccadilly gardens nearest tram and bus station,Manchester,North West,England,Narcotics Anonymous
22f5c157-3f0d-55c0-932f-caec4af6c0e1,Living Clean Kirkby,19:30,1hr 30mins,L32 8SJ,53.481655,-2.882584,"Kirkby Firestation Community Hall, Kirkby Firestation","20 Webster Drive,Kirkby",,Thursday,False,True,False,True,Open to all on request,"Speaker,Share meeting","Venue Info: The back of Kirkby firestation in firestation community room.
Bus Routes: 14 , 19 , 20 , 21
Travel Comment: At the back of Kirkby firestation through the side gate on Webster Drive",Merseyside and South West Lancs,North West,England,Narcotics Anonymous
67dcc2c2-b192-5576-8ab5-fea29eb756e0,The Friday Fix,19:30,1hr 30mins,WA11 7EN,53.473789,-2.7284,"First Room On The Left Upon Entering The Church, St David's Church","Eskdale Avenue,St Helens",,Friday,False,True,False,True,Open to all,"Literature Study,Speaker","The format is a main-share, if we cannot acquire a main-share, then we will do a reading from the literature.",Merseyside and South West Lancs,North West,England,Narcotics Anonymous
029a4408-191e-519c-8029-6c45579a451a,12 Monkeys,18:00,1hr 15mins,NR2 1QQ,52.627818,1.292525,"Earth Room, St Peter Mancroft Church","Hay Hill,Norwich",,Tuesday,False,False,False,True,Open to all,"Beginner/Newcomer,No children","Venue Info: Entrance at rear and right side of church
Bus Routes: Any bus to city centre
Travel Comment: Parking nearby in Pay and Dispay carparks",North East Anglian,Eastern,England,Narcotics Anonymous
b59067e2-4622-59ba-8b17-6c75b5b2e773,Gratitude In Recovery,19:00,1hr 15mins,NR19 1DN,52.680863,0.939354,"Church House Hall, Church House Hall","Church House,Church Street,Dereham",,Friday,False,True,False,True,Open to all,"Just For Today Book Study,Living Clean Study,Speaker,Format Varies,Parking Available,Pets Welcome","Week 1 - Just for Today reading 
Week 2 - Speaker
Week 3 - Ask it basket 
Week 4 - Living Clean study
Bus Routes: Connect Fast 8 or First Excel 1",North East Anglian,Eastern,England,Narcotics Anonymous
a0756342-24ad-5a44-a064-80f01b5eab3a,The Weekend Group,19:30,1hr 30mins,NR2 1EW,52.629747,1.291399,Quaker Meeting House,Upper Goat Ln,,Friday,False,False,False,True,Open to all,Topic,Ask it Basket format,North East Anglian,Eastern,England,Narcotics Anonymous
c9f97d32-89d7-51a7-8997-739de8240ad2,The Weekend Group,17:00,1hr 30mins,NR2 1EW,52.629747,1.291399,Quaker Meeting House,Upper Goat Ln,,Saturday,False,False,False,True,Open to all,"Children Welcome,Literature Study,Speaker,Share meeting,Parking Available",Venue Info: Meeting is Upstairs in the Gallery.,North East Anglian,Eastern,England,Narcotics Anonymous
7a856007-06a2-591a-8cac-dcf3b2179f0f,"It Works, How & Why",18:00,"1hr ",RM17 5HJ,51.479439,0.325883,Forward Trust,65-67 Orsett Rd,,Wednesday,False,False,False,True,Open to all,"Literature Study,Step,Venue unavailable on public holidays,Share meeting,Book Study",Venue Info: Press buzzer on entrance door.It may take a few minutes for someone to open door.,North Thames,Eastern,England,Narcotics Anonymous
e71e2247-a9c9-5629-9bc5-dbc4f191ee1c,Living Clean In Lytham,19:00,"1hr ",FY8 5AA,53.739746,-2.944947,Hope Church,"10 Preston Road,Lytham",,Thursday,False,True,False,False,Open to addicts only,"Living Clean Study,Creche","Venue Info: Font door of the Church
Bus Routes: 68",North West,North West,England,Narcotics Anonymous
97dc96e2-53c3-5403-aef7-9ddcd2c32978,Living Clean Reading,18:45,1hr 30mins,LA1 1TX,54.048385,-2.806412,Friends Meeting House,23 Meeting House Lane,,Sunday,False,True,False,True,Open to all on request,Living Clean Study,Venue Info: Located next to the train station.,North West,North West,England,Narcotics Anonymous
315eeb8f-1907-540f-808e-0269d93b59f7,Southport Friday,19:30,1hr 30mins,PR9 9ET,53.652895,-2.995369,Friends Meeting House,"Court Road,Southport",,Friday,False,False,False,False,,,,North West,North West,England,Narcotics Anonymous
b6622913-6c83-5304-9bd3-3f1a1449f9da,Sunday Night Preston Meeting,19:30,1hr 30mins,PR1 7NB,53.768974,-2.712258,Plungington Community Centre,"Brook Street,Preston",,Sunday,False,True,False,False,Open to addicts only,"Speaker,Share meeting",,North West,North West,England,Narcotics Anonymous
7eed8f8c-7afd-5c22-ab80-4dc7de24d58e,Nasze Northampton Polish Meeting,19:45,1hr 30mins,NN1 1RA,52.236627,-0.899221,The Bridge,63C Gold St,,Wednesday,False,False,False,False,Open to addicts only,Meditation,"Venue Info: On the corner, door is hidden behind the shop a little bit. The red door next to the mobile phones shop.
Travel Comment: Car park pay and display Commercial Street",Northamptonshire,Midlands,England,Narcotics Anonymous
15ed5945-d9d2-5528-b4d4-ec3fae129255,Tuesday Night Duston Newcomers Meeting,19:30,1hr 15mins,NN5 6TQ,52.250248,-0.947209,St Francis Church,"Eastfield Road,Northampton",,Tuesday,False,True,False,True,Open to all,"Beginner/Newcomer,Literature Study,Speaker,Format Varies,No pets,Share meeting,Parking Available",Mixed format: alternate speaker/literature study,Northamptonshire,Midlands,England,Narcotics Anonymous
03462731-9321-55a0-9586-e2392438b9ed,We Do Recover,19:30,1hr 15mins,NN1 1RA,52.236627,-0.899221,The Bridge,63C Gold St,,Monday,False,False,False,True,Open to all on request,"Candlelight,Chit/MAC,No pets",Venue Info: Go Through the Front Door and up the Stairs to the Top Floor. Meeting Room on the Right.,Northamptonshire,Midlands,England,Narcotics Anonymous
ce8223ff-5157-5ff1-9a1e-71678db2a3bb,Living Clean,19:30,"1hr ",DE7 5HY,52.971153,-1.307574,"Derwent Room, Cantelupe Centre","St Mary’S Church Yard,Market Place,Ilkeston",,Tuesday,False,True,False,True,Open to all,"Children Welcome,Living Clean Study,No pets,Share meeting","Every Week a Short Reading from the Living Clean Book.
Bus Routes: 2
Travel Comment: Parking Available 100 Yards away at Pimlico Car Park DE7 8AAThe Parking will be Free because it is after 18:00pm.",Nottinghamshire or Leicestershire,Midlands,England,Narcotics Anonymous
91eb7156-b422-5811-bba0-1514c4bbc173,Loughborough Thursday,19:30,"2hr ",LE11 1TG,52.772488,-1.204772,"Millennium Suite, Loughborough Baptist Church","Baxter Gate,Loughbough",,Thursday,False,True,False,True,Open to all on request,"Candlelight,Just For Today Book Study,Share meeting,Illness,No children,Book Study,Parking Available","Venue Info: Entrance in between Revelation and Baxter store, There is a car park with a barrier Ballard the meet and greet person can Lower.
The Meeting format is Just for Today, with a Main Share once a Month .",Nottinghamshire or Leicestershire,Midlands,England,Narcotics Anonymous
03de3c8d-079b-5ba1-a8e4-7537171d4e52,Nottingham 7:30Pm Group,19:30,1hr 30mins,NG1 5AE,52.954581,-1.156353,St Barnabus Cathedral Hall,Off Derby Rd,,Thursday,False,False,False,True,Open to all,"Just For Today Book Study,Chit/MAC,No pets","Venue Info: The meeting venue is on the corner of College Street and Wellington Circus behind the cathedral
No dogs allowed in the building or in the Cathedral grounds except guide dogs. If you have a guide dog then if possible please contact the venue in advance.",Nottinghamshire or Leicestershire,Midlands,England,Narcotics Anonymous
78df0878-3b26-5e2c-8c21-2c9c442a7789,Step Meeting,19:30,1hr 30mins,NG1 5AE,52.954581,-1.156353,St Barnabus Cathedral Hall,Off Derby Rd,,Monday,False,True,False,True,Open to all,"Beginner/Newcomer,Basic Text,Children Welcome,Step,Step Working Guide Study,No pets,Share meeting","Venue Info: The meeting venue is on the corner of College St & Wellington Circus behind the cathedral. Wheelchair access is available on request. Please turn up by 7.15pm or contact in advance
No dogs allowed in the building or in the Cathedral grounds except guide dogs. If you have a guide dog then if possible please contact the venue in advance.",Nottinghamshire or Leicestershire,Midlands,England,Narcotics Anonymous
e4530c57-9261-53ee-ac6a-a103131dd5f1,Basic Text Book Study,19:00,1hr 30mins,BH12 4DY,50.737879,-1.921714,"Room 2, Bourne Community Hub","Northmere Road,Poole",,Monday,False,True,False,False,Open to addicts only,"Basic Text,No pets","Meeting open every Monday, including Bank Holidays.
Bus Routes: 7B, 16, 17
Travel Comment: The Bourne Community Hub is not far from McDonald's on Alder Hills",Poole and District,South West,England,Narcotics Anonymous
463dab7f-ae6d-55f9-988d-674c6dbbcd09,JFT Or Speaker,19:30,1hr 30mins,ST5 1EJ,53.013384,-2.221611,"Main Hall, Congregational Church","King Street,Newcastle-Under-Lyme",,Thursday,False,False,False,False,Open to addicts only,"Format Varies,No pets,No children","Venue Info: Doors Open at 7.00pm
The Format of the Meeting Varies, JFT Reading or Step/ESH Chair.",Potteries and District,Midlands,England,Narcotics Anonymous
ad3b9a29-de9f-50c1-b3ca-496468243d06,Friday Freedom,19:30,"1hr ",GL1 1UA,51.8638066,-2.2469328,Friends Meeting House,"Greyfriars,Gloucester",,Friday,False,False,False,True,Open to all,Speaker,"All welcome, In Loving service
Bus Routes: 94 straight to Gloucester city centre",Severn,South Midlands,England,Narcotics Anonymous
701141dd-335a-5e07-96b4-fbc239845081,The Living Clean Mens Meeting,19:00,"1hr ",GL52 6DU,51.896916,-2.066194,Highbury Congregational Church,"Priory Walk,Cheltenham",,Friday,False,True,False,True,Open to all,"Living Clean Study,Share meeting,Parking Available",,Severn,South Midlands,England,Narcotics Anonymous
3d7778c2-dce2-5e07-8f5e-c8ceee7c99d4,Women's Empower Hour,18:00,"1hr ",GL51 8HE,51.902054,-2.095946,"Annex, Bramery House","36 Alstone Lane,Cheltenham,CHELTENHAM",,Monday,False,False,False,True,Open to all,"Candlelight,Parking Available","Venue Info: At the back of Bramery house
Combined meeting of literature and shares",Severn,South Midlands,England,Narcotics Anonymous
018e2827-4a64-519e-96d3-7306806e7126,Saturday Night Meeting,19:00,"1hr ",TF4 2BE,52.672423,-2.468004,Dawley Bank Baptist Church,"Park Road,Dawley Bank,Telford",,Saturday,False,True,False,True,Open to all on request,"Beginner/Newcomer,Basic Text,Speaker,Share meeting,Parking Available",Just For Today Reading,Shropshire,Wales and Borders,England,Narcotics Anonymous
862e1569-9a60-52e0-95c4-5884e656e836,Shrewsbury Newcomers,19:00,"1hr ",SY1 1LS,52.70625,-2.754057,"Back Room, St Winefrides Convent Shrewsbury","College Hill,Shrewsbury",,Thursday,False,False,False,True,Open to all,"Speaker,No pets,Share meeting,Parking Available",,Shropshire,Wales and Borders,England,Narcotics Anonymous
5de1b53c-2c40-5923-b45e-b6a9672cb7e4,Serenity Saturday,11:00,"1hr ",SO14 1LF,50.905728,-1.399253,Kingsland Community Centre,"Broad Green,Southampton",,Saturday,False,False,False,False,,Just For Today Book Study,,Solent,South East,England,Narcotics Anonymous
f6c61321-a033-5884-9bae-6c5338316d5b,Castle Cary,18:30,"1hr ",BA7 7AH,51.089606,-2.513657,Market House,"Market Place,Castle Cary",,Tuesday,False,False,False,False,Open to addicts only,Beginner/Newcomer,,Somerset,South West,England,Narcotics Anonymous
fc7df93c-65a2-589a-95af-79a3972a4079,Living Clean Study / Share,18:00,1hr 30mins,BS23 3SJ,51.331294,-2.965121,St Andrews Church,68 Lonsdale Ave,,Tuesday,False,True,False,False,Open to addicts only,"Living Clean Study,Share meeting",Venue Info: St Andrews church is located at the rear of the Healthy Living Centre,Somerset,South West,England,Narcotics Anonymous
ce06184c-19e9-5896-ba7f-f02a9db23150,Share Meeting,18:00,1hr 15mins,BS23 3SJ,51.331294,-2.965121,St Andrews Church,68 Lonsdale Ave,,Friday,False,True,False,False,Open to addicts only,"Speaker,Topic,Share meeting","Venue Info: St Andrews church is located at the back of Healthy Living Centre
Bus Routes: X1
Travel Comment: Ample car parking facilities",Somerset,South West,England,Narcotics Anonymous
dc34e155-fa63-5e76-8544-6cb7134ee367,Paignton's JFT,18:30,"1hr ",TQ3 3SU,50.439715,-3.584982,The Crafty Fox Community Hub,"103 Foxhole Rd,Paignton",,Wednesday,False,True,False,True,Open to all on request,Just For Today Book Study,"Venue Info: Meeting held at Crafty Fox community hub, Foxhole estate, Paignton. Meeting will be open from 18:00 each Wednesday.
Standard format, JFT reading and sharing from floor.
Bus Routes: 12 & 22 from Torquay
Travel Comment: Plymouth- train to totnes then gold bus from Totnes to Foxhole ShopsTotnes - gold bus to foxhole shopsBrixham - 12/Fox to foxhole shops. Torquay - 12/Fox or 22",South Devon,South West,England,Narcotics Anonymous
875b5c3e-dc3e-510f-b297-1fc98860cfc9,Primary Purpose,19:30,1hr 40mins,TQ2 5QS,50.46981,-3.53592,"Church Hall, Endeavour House","228 Union Street,Torquay",,Thursday,False,True,False,True,Open to all on request,"Beginner/Newcomer,Basic Text,Questions & Answers,Speaker,Format Varies,Parking Available","Week 1 - share, week 2 - basic text reading, week 3 - ask it basket, week 4 - share.
Bus Routes: No 12 from Paignton/Brixham",South Devon,South West,England,Narcotics Anonymous
f494b0da-eee5-56b6-ab32-a7e09543c573,Totnes Men's Group,10:00,"1hr ",TQ9 5RU,50.431271,-3.686586,United Free Church,56 Fore St,,Saturday,False,False,False,False,Open to addicts only,"Literature Study,Men,Meditation,No pets,Share meeting,Spiritual Principle A Day","Venue Info: Lefthand Side Gate of Main Entrance - Follow Passageway to the Very End (1 Minutes Walk) To Courtyard and Double Doors at Rear of Church. Unfortunately, No Pets/Dogs Allowed in the Venue.The Meeting Room Switches Every First Saturday of the Month. Will be Signposted.
The Meeting Format is the Spiritual Principle a Day Reading, Meditation and Sharing Back.
Bus Routes: Gold (Torquay, Plymouth) - No. 7 (Exeter)
Travel Comment: 10 Minutes Walk from Train Station - Town Car Parks Nearby.",South Devon,South West,England,Narcotics Anonymous
97d62938-65a0-56ca-b700-17941e56ed23,Totnes Tuesday Group,19:30,1hr 30mins,TQ9 5RU,50.431271,-3.686586,United Free Church,56 Fore St,,Tuesday,False,True,False,True,Open to all,"Literature Study,Speaker,Format Varies,No pets","Venue Info: Entrance Through Green Gate on the Left Hand Side of the Building.
The Format of the Meeting Alternates Between an Experience, Strength & Hope Main Chair and a Reading from the NA Literature.",South Devon,South West,England,Narcotics Anonymous
b0d3d3f8-fdb4-5c8f-93da-c6dd58a694d9,12 Steps 1 Promise,18:00,"1hr ",IP1 3JH,52.060579,1.154305,The Quaker House,39 Fonnereau Rd,,Thursday,False,False,False,True,Open to all on request,"Speaker,Step","Alternate step reading from basic text one week, share the next",South East Anglian,Eastern,England,Narcotics Anonymous
f1d36abe-e06f-5f39-a2f8-33d4bc960b56,"Experience, Strengh & Hope",19:30,1hr 15mins,OX28 6DY,51.784257,-1.486905,"Upstairs, Turning Point","Marlborough House,Marlborough Lane,Witney",,Thursday,False,False,False,False,Open to addicts only,,"Venue Info: Please Come into the Building and Go Up the Stairs to Your Right.
Experience Strength & Hope Share.",South Midlands,South Midlands,England,Narcotics Anonymous
957054e9-b554-5d78-aca2-23376915ccf9,Oxford Tuesday,19:30,1hr 30mins,OX2 6HT,51.760413,-1.261374,St Giles' Church Parish Rooms,"10 Woodstock Road,Oxford",,Tuesday,False,True,False,True,Open to all on request,"Speaker,No pets,Share meeting","The Format of the Meeting is an Experience, Strength & Hope Main Chair Every Week.",South Midlands,South Midlands,England,Narcotics Anonymous
25f6c6dc-aa38-5fb3-ac7f-e4f39dfc9894,Doncaster NA - Ask-It-Basket,19:00,1hr 30mins,DN1 2EZ,53.523835,-1.127095,Aspire,41 Thorne Road,,Thursday,False,True,False,True,Open to all on request,"Children Welcome,Questions & Answers,Topic,Parking Available,Pets Welcome","Venue Info: Door on the Side facing Christ Church Road, Labelled 41.Free Parking Available on Road and Behind the Building.",South Yorkshire and North East Derbyshire,North East,England,Narcotics Anonymous
c7ae6b7f-609b-5078-83e2-e0df298103bd,Doncaster NA Saturday Literature,11:00,"1hr ",DN1 3NJ,53.522517,-1.128751,"No.3, Changing Lives No.3","Prince's Street,Doncaster",,Saturday,False,True,False,True,Open to all on request,"Literature Study,Topic,No pets","Venue Info: 2-5 Princes Street is all labelled 'Changing Lives', it is the door furthest to the left of the name sign, above the door is shown 'No.3'. Knock if the door is not open to be let in.
Open first meeting of the month, by request afterwards.
Spiritual principle a day reading and share time.
No pets allowed, but child friendly.
Bus Routes: Ten min walk from interchange
Travel Comment: 10 minute walk from the Doncaster interchange. No car park available on site.",South Yorkshire and North East Derbyshire,North East,England,Narcotics Anonymous
ef6bf6f1-bd70-5db0-bd3d-ef264b47c3f4,Chichester Strength In Unity,18:30,1hr 30mins,PO19 8PY,50.832984,-0.778927,Christian Spiritualist Church,"39 Basin Rd,Chichester",,Monday,False,True,False,True,Open to all on request,"Literature Study,Speaker",,Southdown,South East,England,Narcotics Anonymous
e4de4255-74f5-5fb6-83d4-b8ae5f539a90,Leigh Park Just For Today,19:30,"1hr ",PO9 4BU,50.869569,-1.000352,"Room C, Middle Park School","Dickinson's Building,Middle Park Way,Havant",,Monday,False,True,False,True,Open to all,"Beginner/Newcomer,Children Welcome,Literature Study,Speaker,No pets,Venue unavailable on public holidays,Share meeting,Timer,Book Study,Parking Available","Venue Info: The Meeting is Located in the Dickinson's Building, the Part of the Building we Use has a Pale Pink/Red Roof and Visible from the Roadside.It is a School so No Smoking or Vaping on Site. This Can be Done by the Gates before Entering the Premises.
The Format of the Meeting Alternates from an Experience, Strength & Hoper Chair and Reading of NA Literature.
Bus Routes: From Portsmouth. 23, 39 & 21
Travel Comment: Free Onsite Parking Available.",Southdown,South East,England,Narcotics Anonymous
49141885-4b2f-5e08-b4d8-59710bfe4f22,Newcomers Meeting,19:30,1hr 30mins,PO5 4EY,50.794862,-1.086768,"Room 3, Somerstown Central Community Centre","Rivers Street,Southsea",,Tuesday,False,True,False,False,Open to addicts only,"Beginner/Newcomer,Speaker,No pets,Venue unavailable on public holidays,Share meeting,No children",,Southdown,South East,England,Narcotics Anonymous
0f95a7fa-ed83-5f17-929f-6f110445a6aa,Shanklin Newcomers Meeting,19:00,"1hr ",PO37 6HU,50.6266238,-1.1910982,Ymca Winchester House,Sandown Rd,,Thursday,False,False,False,True,Open to all on request,"Just For Today Book Study,Share meeting,Parking Available,Pets Welcome","The Format of the Meeting is Reading a Step from the Basic Text and Sharing Back. 
Fellows Bringing Children, Please Can They be Supervised and Ideally Wearing Headphones.",Southdown,South East,England,Narcotics Anonymous
a485a4a2-b0a1-5f20-812d-a31751950572,Happy Mondays,19:30,1hr 30mins,RG1 7UR,51.453744,-0.981454,"Upstairs Room,","4 Waylen Street,Reading",,Monday,False,False,False,True,Open to all,"Format Varies,No children","Venue Info: Double glass doors on the side of the building - where you'll see a blue painted wall. As you walk in, turn left, then right up the stairs. Ring doorbell if arriving after 7.30 pm and wait for somebody to come down the stairs and let you in.
Bus Routes: 17",Thames Valley,South Midlands,England,Narcotics Anonymous
38a2561f-d4ee-538f-b8ee-5eed5266caec,Hope Filled Fridays,18:00,1hr 30mins,NE38 0LA,54.897894,-1.544319,Hope Family Church,"37 Brancepeth Road,Oxclose Village,Washington",,Friday,False,True,False,True,Open to all,"Format Varies,No pets,Parking Available",,Tyne and Northumbria,North East,England,Narcotics Anonymous
71f00a3e-c9ba-5e9d-8d76-e7436d90a2af,Serenity Sunday,13:30,1hr 30mins,NE5 1DR,54.995115,-1.716121,Church Of The Holy Nativity,"Hillhead Parkway,Newcastle Upon Tyne",,Sunday,False,True,False,True,Open to all on request,"Beginner/Newcomer,Speaker,Share meeting",Bus Routes: 40,Tyne and Northumbria,North East,England,Narcotics Anonymous
00e83df8-46e9-5a0c-bfed-b9289e7e64dd,Steps & Topics Meeting,19:00,1hr 30mins,NE4 9XD,54.984451,-1.660225,Fenham Library,"Fenham Hall Drive,Newcastle Upon Tyne",,Wednesday,False,True,False,True,Open to all on request,"Topic,No pets,Share meeting",,Tyne and Northumbria,North East,England,Narcotics Anonymous
10dee3a4-b1b9-5a25-860c-feee3084ad6c,Ledbury On Thursdays,18:00,"1hr ",HR8 2AA,52.037065,-2.424046,"Activity Room, Ledbury Methodist Church","4A, Bye Street, Ledbury. HR8 2AA,Ledbury",,Thursday,False,True,False,True,Open to all on request,"Just For Today Book Study,Book Study","Venue Info: Building on the corner of Bye Street, poster on door and info for door bell to use for entry
Travel Comment: Plenty of on street parking and carparks",Welsh Borders,Wales and Borders,England,Narcotics Anonymous
10c8f147-da41-59dd-b515-fc6c3a825a1f,Friday Feelings Meetings,18:00,"1hr ",ME18 5NL,51.25565,0.422935,"Upstairs Meeting Room, Wateringbury Village Hall","147 Tonbridge Rd, Wateringbury,Kent ME18 5NL,Wateringbury, Kent",,Friday,False,False,False,True,Open to all on request,"Beginner/Newcomer,No pets","Venue Info: Upstairs Meeting Room
Bus Routes: 151, 6, 6X, 7",West Kent,South East,England,Narcotics Anonymous
ff017ea2-ed85-55f4-a9e6-5d53f9ce6ec2,Go With The Flow - Share Meeting,19:00,1hr 30mins,TN9 1SG,51.192503,0.272443,"Room 1 Downstairs, Christ Church United Reformed Church","High Street,Tonbridge",,Sunday,False,False,False,True,Open to all,"Step,Tradition,No pets","Venue Info: Entrance at rear of building, access from Sainsbury's car park.",West Kent,South East,England,Narcotics Anonymous
ef59d392-8c86-59fd-b606-a5c2a2947a23,Inclusion LGBTQIA+,19:00,1hr 30mins,LS1 6JH,53.797759,-1.54491,"The Basement Meeting Room, Change Grow Live","34 Albion Place,Leeds",,Friday,False,False,False,True,Open to all on request,"Children Welcome,LGBT+,Literature Study,Speaker,Format Varies,Chit/MAC,Share meeting,Book Study","Venue Info: Access via stone staircase beside 34 Albion Place, behind black metal fencing, signposted the basement.
Our 'Meet and Greet' Service Member can be Found at Albion Place, Leeds up to 20 Minutes Before the Meeting with a Rainbow Umbrella, Please Approach to be Welcomed into our Fellowship. 
For any Disabled Access and Support whilst Visiting our Venue, Please Speak with any Service Member, We Recommend Attending our Online Meeting to Discuss any Mobility Support Required and Plan Ahead of your Visit.
Travel Comment: Leeds City Centre and City Bus Station5 - 10 Minutes Walk from all City Centre Public Transport Stations.Paid Car Parking is Available Across the City Centre Closest 5 Minutes Walk from Venue, Q Park Albion Street and NCP The Core Albion StreetDisabled Parking Available in Albion Street Free with Blue Card Scheme, Search by Post Code LS1 6HJOther Members Regularly use Victoria Leeds Multi-Storey LS2 7AS, Evening Charge (5pm to 6am) £5. Located 10 Minutes Walk from our Venue, Offers the Opportunity to Return to your Vehicle with Friends Safely after our Meeting.",West Riding,North East,England,Narcotics Anonymous
ef0a2808-e11c-52e3-afd7-de8ee72210e2,Crawley Living Clean,18:30,"1hr ",RH10 8ER,51.120692,-0.180254,St Pauls Methodist Church,Woodfield Rd,,Tuesday,False,True,False,False,Open to addicts only,"Living Clean Study,Parking Available","Venue Info: Press '7' then 'bell icon' and someone will let you in.To find Room 7: Head down the corridor just after the main kitchen and we are in the last room on the right.
Bus Routes: 100 bus stops outside every 15 minutes.
Travel Comment: Parking Available: Front of church and there is free public parking opposite (2 hour limit).What3words Location: future.edit.rocksBy Car:Leave the M23 Motorway at junction 10; take A2011, direction Crawley;At the next roundabout take 2nd exit, A2004, direction Town Centre;Take 1st right Woodfield Road;Drive 2/3 mile to church on left.",West Sussex,South East,England,Narcotics Anonymous
63ae0c9e-a1a8-5e36-8d83-d8da65a3cad3,Horsham,19:45,1hr 30mins,RH12 1SL,51.06288,-0.333344,Friends Meeting House,Worthing Rd (Opp Sainsbury's),,Thursday,False,False,False,False,Open to addicts only,"Candlelight,Speaker,Share meeting",,West Sussex,South East,England,Narcotics Anonymous
bdbefa7f-adc3-5714-bd8c-975c22a5a6a8,Shoreham Thursday,09:30,"1hr ",BN43 5WD,50.834201,-0.273532,Shoreham Baptist Church,1A Western Rd,,Thursday,False,True,False,True,Open to all on request,"Children Welcome,Just For Today Book Study,No pets,Share meeting,Parking Available",Travel Comment: A few minutes walk from Shoreham Train Stn,West Sussex,South East,England,Narcotics Anonymous
0a6f621b-70b9-515c-9906-530b1e5655bb,Shoreham Womens Meeting,11:00,"1hr ",BN43 5WU,50.834059,-0.275314,"Room 12, The Shoreham Centre","Pond Street,Shoreham-By-Sea",,Monday,False,True,False,False,Open to addicts only,"Children Welcome,Women",Meeting open to women only,West Sussex,South East,England,Narcotics Anonymous
f1e175da-7105-5e6f-85a0-36002a09ae4c,Huddersfield Tuesday Group,19:00,1hr 15mins,HD1 2BP,53.644982,-1.783802,Tbrp Huddersfield,"Union Bank, 3A Union Bank Yard, New St",,Tuesday,False,False,False,True,Open to all on request,"Basic Text,Just For Today Book Study,Living Clean Study,Questions & Answers","""Open to all"" first Tuesday of the month",West Yorkshire,North East,England,Narcotics Anonymous
1a08f157-f5d0-5219-9b2e-138160f0f727,We Can,18:00,1hr 30mins,BD1 2RU,53.797343,-1.762572,St Pio's Franciscan Friary,"Sedgfield Terrace,Bradford",,Sunday,False,True,False,True,Open to all on request,"Format Varies,Share meeting",Main share 1st Sunday of the month and then varied literature readings.,West Yorkshire,North East,England,Narcotics Anonymous
8cc62a69-e4e4-5506-a965-09e50228bbe0,Chippenham Monday Night Meeting,19:00,"1hr ",SN15 2AB,51.459436,-2.117862,"1St Floor (Upstairs), The Citadel Hall","Bath Road,Chippenham",,Monday,False,False,False,True,Open to all,"Literature Study,Speaker,Parking Available","Venue Info: Enter via the red door to the right of the building.
Share meeting on the last Sunday of the month.
The venue is next to a public carpark. Parking is free after 6pm",Wiltshire and Bath,South Midlands,England,Narcotics Anonymous
8cb4a014-1203-5651-97cd-13f97e0d1517,"Experience, Strength & Hope Meeting",19:00,1hr 30mins,BA1 5LJ,51.3841,-2.3604,St Michaels Without,Broad St,,Tuesday,False,False,False,True,Open to all,"Young People,Share meeting",Venue Info: Opposite Waitrose,Wiltshire and Bath,South Midlands,England,Narcotics Anonymous
32f01ae3-e847-536b-b276-75a7be875e9e,Church Street NA Group | Newtownards,18:30,"1hr ",BT23 4AN,54.595393,-5.707481,St Mark's Parish Church,"Church St, Newtownards",,Thursday,False,False,False,False,,,"Speaker Meeting on the 1st Thursday of every month, every other Thursday is a literature meeting.",,,Northern Ireland,Narcotics Anonymous
2aff442f-3130-51c6-ae53-09a1c93b2c7a,Down With Recovery | NA Group | JFT Meeting,12:00,"1hr ",BT30 6DN,54.32469,-5.713084,St. Patrick's Church,"St Patrick's Avenue,Downpatrick,Co. Down",,Wednesday,False,False,False,False,,,Wheelchair Accessible.,,,Northern Ireland,Narcotics Anonymous
9aaf7b8a-88a3-5f17-ba44-75fcf7b52160,Foyle Group Of NA,11:00,"1hr ",BT48 9QE,54.996329,-7.34452,St. Mary's Church,"1 Fanad Drive,Creggan,Derry",,Saturday,False,False,False,False,,,,,,Northern Ireland,Narcotics Anonymous
f535855c-552b-528d-b5af-f2d76f4bf012,Hill Street Thursday NA Group | Newry Cathedral,19:30,"1hr ",BT34 1AT,54.174585,-6.338506,Newry Cathedral,"38-40 Hill Street,Newry,Co. Armagh",,Thursday,False,False,False,False,,,Wheelchair Accessible.,,,Northern Ireland,Narcotics Anonymous
f01148a3-4f2b-5aa8-b374-a8ed67b399bc,"NA Group | Ballybot House, Newry",19:00,"1hr ",BT35 8GB,54.138698,-6.356133,Ballybot House   (Wheelchair Accessible),"28 Corn Market, Newry, Co. Down",,Tuesday,False,False,False,False,,,"2nd Floor, Room C.
This is a literature study group.",,,Northern Ireland,Narcotics Anonymous
65920b3b-f4af-51d2-82b7-44b9b38dd9a0,Lisburn Men's NA Group | Lit. Meeting,19:00,"1hr ",BT28 1XP,54.513169,-6.044006,Bridge Community Centre,"50 Railway Street,Lisburn,Co. Antrim",,Tuesday,False,False,False,False,,,This meeting is meant to be attended by men only.,Antrim,Northern Ireland,Northern Ireland,Narcotics Anonymous
66719c51-4a9e-5341-bbd7-d9974c6648f9,Lisburn Men's NA Group | Lit. Meeting,19:00,"1hr ",BT28 1XP,54.513169,-6.044006,Bridge Community Centre,"50 Railway Street,Lisburn,Co. Antrim",,Friday,False,False,False,False,,,This meeting is meant to be attended by men only.,Antrim,Northern Ireland,Northern Ireland,Narcotics Anonymous
389a0010-05b6-5006-bbc3-22788b0c8087,Lisburn NA Group | JFT Meeting,19:00,"1hr ",BT28 1XP,54.513169,-6.044006,Bridge Community Centre,"50 Railway Street,Lisburn,Co. Antrim",,Monday,False,False,False,False,,,"This is a relatively new meeting, that has been started within the past 6 months.",Antrim,Northern Ireland,Northern Ireland,Narcotics Anonymous
e8ac3311-ba36-5448-a786-b78bbc2013b3,"NA Group | Bridge Community Cntr, Lisburn | Basic Text / Speaker Meeting",19:00,"1hr ",BT28 1XP,54.513169,-6.044006,Bridge Community Centre,"50 Railway Street,Lisburn,Co. Antrim",,Wednesday,False,False,False,False,,,Speaker mtg 1st week / Basic Text Lit. mtg remaining weeks of the month.,Antrim,Northern Ireland,Northern Ireland,Narcotics Anonymous
877b5ec7-22c1-521b-b7ea-b5f75ac48228,"NA Group | Bridge Community Cntr, Lisburn | SPAD Meeting",10:00,"1hr ",BT28 1XP,54.513169,-6.044006,Bridge Community Centre,"50 Railway Street,Lisburn,Co. Antrim",,Saturday,False,False,False,False,,,This is a literature study group.,Antrim,Northern Ireland,Northern Ireland,Narcotics Anonymous
b5f3162e-ac3e-5375-8777-aeba1a56f949,NA Group | Donegall Pass | Meditation & SPAD Meeting,12:00,1hr 15mins,BT7 1BL,54.591193,-5.929007,Community Centre,"25 Apsley Street,Belfast,Co. Antrim",,Tuesday,False,False,False,False,,,"15 minute silent meditation followed by the Spiritual Principle a Day reading and sharing.
This meeting gathers in a facility that is usually closed on holidays.
This is a literature study group.
This meeting encourages its participants to engage in quiet meditation.",Antrim,Northern Ireland,Northern Ireland,Narcotics Anonymous
420368e2-2c29-5652-af8e-d672f80a3ceb,NA Group | Fitzroy,12:00,"1hr ",BT7 1HU,54.585415,-5.928944,,"119 Fitzroy Avenue, Belfast",,Friday,False,False,False,False,,,,Antrim,Northern Ireland,Northern Ireland,Narcotics Anonymous
bae24464-8fa0-5ca0-8f83-3be818edab5c,NA Group | Fitzroy (**This Meeting Does NOT Operate On The 1St Tue Of Every Month),18:45,"1hr ",BT7 1HU,54.585415,-5.928944,,"119 Fitzroy Avenue, Belfast",,Tuesday,False,False,False,False,,,Does NOT operate on 1st Tuesday of every month.,Antrim,Northern Ireland,Northern Ireland,Narcotics Anonymous
aa815c74-7419-533b-a79a-339d66420903,NA Group | Fitzroy (**This Meeting Operates On The 1St Tue Of Every Month ONLY),19:00,"1hr ",BT7 1HL,54.585936,-5.931022,Fitzroy Presbyterian Church,"77 University Street, Belfast",,Tuesday,False,False,False,True,,,ONLY operates on 1st Tuesday of every month - OPEN to non-addicts.,Antrim,Northern Ireland,Northern Ireland,Narcotics Anonymous
eefb98d4-7e71-5a12-8a8f-50cb55aa7a20,NA Group | Fitzroy | JFT Meeting,17:00,"1hr ",BT7 1HU,54.585415,-5.928944,,"119 Fitzroy Avenue, Belfast",,Saturday,False,False,False,False,,,,Antrim,Northern Ireland,Northern Ireland,Narcotics Anonymous
758f9fc1-983f-5693-b53f-7f975462159a,"NA Group | Houben Centre, Holy Cross Church",19:30,"1hr ",BT14 7GG,54.613142,-5.963853,"Houben Centre, Holy Cross Church (Downstairs In The Flax Room)","432 Crumlin Road, Belfast",,Sunday,False,False,False,False,,,,Antrim,Northern Ireland,Northern Ireland,Narcotics Anonymous
0c08f6c2-f54b-55c2-9479-c2ddcb54d990,NA Group | Mcquiston Church | It Works Meeting,12:30,"1hr ",BT5 5FE,54.590168,-5.897682,Mcquiston Memorial Presbyterian Church,"83 Castlereagh Rd, Belfast",,Thursday,False,False,False,False,,,"Wheelchair Accessible.
This meeting is focused on discussion of the Twelve Steps of NA.
This is a literature study group.",Antrim,Northern Ireland,Northern Ireland,Narcotics Anonymous
4d3acbbc-27dd-5b42-ae96-429b43d0b27c,NA Group | Sandy Row,11:00,"1hr ",BT12 5ER,54.591976,-5.936951,Sandy Row Community Centre   (Wheelchair Accessible),"63/75 Sandy Row, Belfast",,Wednesday,False,False,False,False,,,"In the committee room at the rear of building. Format alternates between Literature/Topic/Speaker meeting.
This meeting gathers in a facility that is usually closed on holidays.
This is a literature study group.",Antrim,Northern Ireland,Northern Ireland,Narcotics Anonymous
9f31802b-1afb-5f02-9239-3f94cae7ef26,NA Group | Sandy Row | Women's Meeting,11:00,"1hr ",BT12 5ER,54.591976,-5.936951,Sandy Row Community Centre   (Wheelchair Accessible),"63/75 Sandy Row, Belfast",,Thursday,False,False,False,False,,,"In the committee room at the rear of building. Format alternates between Literature/Topic/Speaker meeting.
This meeting is meant to be attended by women only.
This meeting gathers in a facility that is usually closed on holidays.
This is a literature study group.",Antrim,Northern Ireland,Northern Ireland,Narcotics Anonymous
ac2e2ccd-ea27-5bcf-b284-e8b304e1ca78,Oldpark Road NA Group | Sacred Heart Parish Centre,19:00,"1hr ",BT14 7DP,54.613674,-5.950111,Sacred Heart Church,"1B Glenview Street,Belfast,Antrim",,Wednesday,False,False,False,False,,,"This is a relatively new meeting, that has been started within the past 6 months.",Antrim,Northern Ireland,Northern Ireland,Narcotics Anonymous
3e5d0510-35e4-5ac1-a3bf-60f3b941808b,Lurgan NA Group | Church Of The Nazarene | Lit,19:30,"1hr ",BT66 8JA,54.45517,-6.330721,Church Of The Nazarene   (Wheelchair Accessible),"Mourne Road, Lurgan, Co. Armagh",,Tuesday,False,False,False,False,,,"*Please note this venue and the church grounds are strictly no smoking/vaping, we ask that all members respect the wishes of the church when attending.* Literature meeting.
This is a literature study group.",Armagh,Northern Ireland,Northern Ireland,Narcotics Anonymous
231e1139-5c9e-56da-a5d6-9b782f9a4fc7,"NA Group | The Mill, Coalisland | JFT Meeting",19:30,"1hr ",BT71 4LP,54.539783,-6.700863,Coalisland Cornmill   (Wheelchair Accessible),"Lineside, Coalisland",,Wednesday,False,False,False,False,,,"Top floor.
This is a literature study group.",Tyrone,Northern Ireland,Northern Ireland,Narcotics Anonymous
d435cbf5-1c8a-57b1-8c20-ff08482ee562,"NA Group | The Mill, Coalisland | SPAD Meeting",11:00,"1hr ",BT71 4LP,54.539783,-6.700863,Coalisland Cornmill   (Wheelchair Accessible),"Lineside, Coalisland",,Saturday,False,False,False,False,,,"Top Floor.
This is a literature study group.",Tyrone,Northern Ireland,Northern Ireland,Narcotics Anonymous
bfcf19c2-b6c6-5c20-b1b8-028dd48be739,"NA Group | The Mill, Coalisland | Speaker Meeting",19:30,"1hr ",BT71 4LP,54.539783,-6.700863,Coalisland Cornmill   (Wheelchair Accessible),"Lineside, Coalisland",,Monday,False,False,False,False,,,"Top floor.
This is a relatively new meeting, that has been started within the past 6 months.",Tyrone,Northern Ireland,Northern Ireland,Narcotics Anonymous
64d6d38a-624e-5d57-b55a-320afcf2bda3,Out Of The Ashes | NA Group | Omagh,19:30,"1hr ",BT79 0NS,54.589973,-7.270642,,"The Asha Centre For Addictions, Omagh",,Thursday,False,False,False,False,,,"This is a relatively new meeting, that has been started within the past 6 months.",Tyrone,Northern Ireland,Northern Ireland,Narcotics Anonymous
45dee336-37c1-59a9-9137-ee9da3865968,,20:00,"1hr ",F42 YT51,53.6285774,-8.1937732,St. Michael's Family Life Center,"Abbey Street, Roscommon Town",,Tuesday,False,False,False,False,,,St Comans Club.,,,Republic of Ireland,Narcotics Anonymous
ff726ecd-ee11-51c0-a974-48a5addb16bc,Abbeyfeale NA Meeting,20:00,1hr 30mins,V94 F7D9,52.3870384,-9.2912653,Parish Office,"Convent Street,Abbeyfeale,Co. Limerick",,Monday,False,False,False,False,,,,,,Republic of Ireland,Narcotics Anonymous
988f33dc-7f3d-51a5-820e-63f345427d9f,Aiseiri,20:00,"1hr ",Y35 AH70,52.3214816,-6.449516,Aiséiri,"Rosslare Road,Roxborough,Wexford",,Friday,False,False,False,False,,,,,,Republic of Ireland,Narcotics Anonymous
295852f0-d471-501a-8a99-c1762930e57e,Alive And Free,19:30,1hr 30mins,F91 N778,54.2763722,-8.4714502,Sligo Northside Community Centre,"Holborn Hill, Rathquarter, Sligo",,Wednesday,False,False,False,False,,,,,,Republic of Ireland,Narcotics Anonymous
29f1fcff-54a4-5365-be2b-06ca11ca4018,Carrick On Suir N.A.,18:00,"1hr ",E32 EE08,52.346598,-7.416797,River Rescue Building,"North Quay, Carrick On Suir",,Saturday,False,False,False,False,,,,,,Republic of Ireland,Narcotics Anonymous
2d7d8eec-e585-5fbd-9d63-fdf9a14cba49,"CDP, Athy",20:30,"1hr ",R14 NN97,52.9956137,-6.9923195,Community Family Resource Centre,"Woodstock Street, Athy",,Sunday,False,False,False,False,,,,,,Republic of Ireland,Narcotics Anonymous
b1db9a0b-97f4-5324-8846-3f0ecfb72d21,"CDP, Athy",20:00,"1hr ",R14 NN97,52.9956137,-6.9923195,Community Family Resource Centre,"Woodstock Street, Athy",,Wednesday,False,False,False,False,,,,,,Republic of Ireland,Narcotics Anonymous
34cbc613-a107-5e4a-a8cb-b26a860817b4,Clare NA,20:30,"1hr ",V95 A329,52.8154784,-8.9671315,Abbey Hall,"Ennis Road, Clarecastle",,Monday,False,False,False,False,,,,,,Republic of Ireland,Narcotics Anonymous
d13c35b2-979c-5499-b988-93a7a874c991,Clare NA,20:30,"1hr ",V95 A329,52.8154784,-8.9671315,Abbey Hall,"Ennis Road, Clarecastle",,Thursday,False,False,False,False,,,,,,Republic of Ireland,Narcotics Anonymous
edd29e9a-2c24-550d-b159-f2b820c9e09d,Clare NA,20:00,1hr 30mins,V95 A329,52.8154784,-8.9671315,Abbey Hall,"Ennis Road, Clarecastle",,Saturday,False,False,False,False,,,,,,Republic of Ireland,Narcotics Anonymous
9e9a8ef6-4142-5c82-abc0-1182457f6257,Cox's NA Freedom From Addiction Group,19:30,"1hr ",A91 PTT2,54.006871,-6.4180421,Redeemer Family Resource Centre,"Beechmount Drive, Cox's Demesne, Dundalk",,Monday,False,False,False,False,,,"CLOSED Bank Holidays.
This meeting gathers in a facility that is usually closed on holidays.",,,Republic of Ireland,Narcotics Anonymous
744a158b-819d-59eb-b22b-8a9f26eea7cb,Drogheda Women's Meeting,18:00,"1hr ",A92 RF2P,53.7148545,-6.3492072,The Stables,"Batchelors Lane,Drogheda,Co. Louth",,Saturday,False,False,False,False,,,This meeting is meant to be attended by women only.,,,Republic of Ireland,Narcotics Anonymous
f1da7392-0a1b-53cd-b7b5-ea6356237f48,Ennis,11:00,1hr 15mins,V95 AP6D,52.8452275,-8.9862467,Rear Of St Columba's Church,"Bindon Street,,Ennis",,Wednesday,False,False,False,False,,,Rear Entrance.,,,Republic of Ireland,Narcotics Anonymous
fdfbf973-5dc2-5e48-8cab-ef98bbdfb831,Ennis NA Meeting,20:30,1hr 30mins,V95 AP6D,52.8452275,-8.9862467,Rear Of St Columba's Church,"Bindon Street,,Ennis",,Monday,False,False,False,False,,,"The room is behind the church.
This meeting is focused on discussion of the Twelve Steps of NA.",,,Republic of Ireland,Narcotics Anonymous
d80dd11d-7460-562c-8460-e4006fdd467b,Ennis Speaker,20:30,1hr 30mins,V95 AP6D,52.8452275,-8.9862467,Rear Of St Columba's Church,"Bindon Street,,Ennis",,Thursday,False,False,False,False,,,Rear Entrance.,,,Republic of Ireland,Narcotics Anonymous
b40d3a32-2e8c-5fa2-a209-2034c18e9a1f,Ennistymon,18:00,"1hr ",V95 RF40,52.9387517,-9.2959043,Catholic Church (Back),"Lahinch Road, Ennistymon",,Saturday,False,False,False,False,,,,,,Republic of Ireland,Narcotics Anonymous
42a57a2c-ec14-586f-9c22-8c7772db442a,Ennistymon NA Meeting,20:00,"1hr ",V95 RF40,52.9387517,-9.2959043,Catholic Church (Back),"Lahinch Road, Ennistymon",,Tuesday,False,False,False,False,,,This meeting is focused on discussion of the Twelve Steps of NA.,,,Republic of Ireland,Narcotics Anonymous
786b860f-89d1-50e9-861d-a8d682fd07f8,Experience Strength And Hope,20:00,1hr 30mins,X91 FH04,52.2574053,-7.1104503,Sacristy St. John's Church Parnell Street,Waterford City,,Friday,False,False,False,False,,,,,,Republic of Ireland,Narcotics Anonymous
2f733d36-7593-533b-b148-34fb57dab57c,Experience Strength Hope Meeting,13:00,"1hr ",X91 FH04,52.2574053,-7.1104503,Sacristy St. John's Church Parnell Street,Waterford City,,Saturday,False,False,False,False,,,,,,Republic of Ireland,Narcotics Anonymous
4745bdc1-230d-519b-9206-e591aeb6c71e,Fethard,20:30,1hr 15mins,E91 X2W9,52.4675519,-7.6925856,Fr. Tirry Centre,"Barrack Street,Fethard,Co. Tipperary",,Wednesday,False,False,False,False,,,Near Centra.,,,Republic of Ireland,Narcotics Anonymous
67677ba1-67aa-5bf6-896c-26a95e9f88f4,Fethard,10:30,"1hr ",E91 X2W9,52.4675519,-7.6925856,Fr. Tirry Centre,"Barrack Street,Fethard,Co. Tipperary",,Saturday,False,False,False,False,,,Near Centra.,,,Republic of Ireland,Narcotics Anonymous
bfc96021-f4ea-5428-a73a-2b920e710084,JFT Meeting Castlebar,20:00,"1hr ",F23 XK68,53.858661,-9.3008025,Room 1,"The Parish Centre,Upper Chapel Street,Castlebar,Co. Mayo",,Monday,False,False,False,False,,,,,,Republic of Ireland,Narcotics Anonymous
218cc81a-5ae3-5bfd-bcf3-c78945150113,Just For Today Meeting,19:00,"1hr ",X91 WKR8,52.2557604,-7.1124533,Maranatha Christian Community Church,"1B Poleberry Link Road, Waterford",,Thursday,False,False,False,False,,,,,,Republic of Ireland,Narcotics Anonymous
e275efb1-baa3-565a-87a1-2859a5c01a57,Kildare Town NA,20:30,"1hr ",R51 D803,53.1560634,-6.9128815,Teach Dara Resource Centre,"Academy Street, Kildare Town",,Monday,False,False,False,False,,,"CLOSED BANK HOLIDAYS.
This meeting gathers in a facility that is usually closed on holidays.",,,Republic of Ireland,Narcotics Anonymous
5181d6d8-1dbb-5bc0-b136-53f615f58234,Limerick JFT Meeting,10:30,"1hr ",V94 YYK1,52.6583419,-8.6249191,Total Families Support Limerick,"Father Russell Square, 291 Hyde Road",,Tuesday,False,False,False,False,,,"Experience Strength and Hope.
This meeting is meant to be attended by men only.",,,Republic of Ireland,Narcotics Anonymous
1e49fdb9-f016-5569-ac71-159d2fa9ac20,Limerick NA Meeting,20:30,"1hr ",V94 YYK1,52.6583419,-8.6249191,Total Families Support Limerick,291 Hyde Road,,Thursday,False,False,False,False,,,Father Russell Square.,,,Republic of Ireland,Narcotics Anonymous
d776f71e-35fc-5585-99ea-92b3657e71ce,Limerick NA Meeting,10:30,"1hr ",V94 YYK1,52.6583419,-8.6249191,Total Families Support Limerick,291 Hyde Road,,Friday,False,False,False,False,,,Father Russell Square.,,,Republic of Ireland,Narcotics Anonymous
f29c3f37-6206-518a-af6d-0b2c58e9e8cb,Limerick NA Meeting,20:30,"1hr ",V94 YYK1,52.6583419,-8.6249191,Total Families Support Limerick,291 Hyde Road,,Friday,False,False,False,False,,,Father Russell Square.,,,Republic of Ireland,Narcotics Anonymous
cb053028-d8a9-55fb-919c-8b8a4f81a3bd,Limerick NA Meeting,18:00,"1hr ",V94 YYK1,52.6583419,-8.6249191,Total Families Support Limerick,291 Hyde Road,,Saturday,False,False,False,False,,,Father Russell Square.,,,Republic of Ireland,Narcotics Anonymous
35e81332-9b96-5b03-b7f6-7d71a860906d,Limerick NA Mens Meeting,20:30,"1hr ",V94 YYK1,52.6583419,-8.6249191,Total Families Support Limerick,"Father Russell Square, 291 Hyde Road",,Tuesday,False,False,False,False,,,"Experience Strength and Hope.
This meeting is meant to be attended by men only.",,,Republic of Ireland,Narcotics Anonymous
c72e1cb9-ef39-5ef9-8390-a49fb17aa8e1,Living Clean Revision Meeting,11:30,"1hr ",A91 R9H0,53.9900683,-6.3827546,Muirhevna Mor Community Centre,"83 Sliabh Foy Park, Dundalk",,Sunday,False,False,False,False,,,,,,Republic of Ireland,Narcotics Anonymous
b76af7db-43ea-5f75-9658-71cee0a3af4e,Mullingar - Step Meeting,11:00,"1hr ",N91 FY96,53.5273986,-7.3406068,1428 Club (Beside Gillerans Pub),"2 Harbour Street, Mullingar",,Saturday,False,False,False,False,,,This meeting is focused on discussion of the Twelve Steps of NA.,,,Republic of Ireland,Narcotics Anonymous
a6e289b4-109d-53ee-9dbf-47c8407a566c,NA Belmullet,20:00,"1hr ",F26 VX22,54.2165316,-9.9805542,Wheelchair Centre,"1 College Park, Belmullet",,Friday,False,False,False,False,,,,,,Republic of Ireland,Narcotics Anonymous
70ee959b-7f05-5d31-854f-46c321f6bcc2,NA Drogheda Sunday Lunchtime,13:00,"1hr ",A92 F6CN,53.712982,-6.342014,"Friends Of Cuan Mhuire,  Teach Mhuire","Dublin Road, Drogheda",,Sunday,False,False,False,False,,,,,,Republic of Ireland,Narcotics Anonymous
5af4f74f-26cb-520f-97ce-19c48110ea80,NA Enfield,20:00,"1hr ",A83 TK66,53.4146616,-6.7927712,Camino,"Cloncurry, Enfield",,Tuesday,False,False,False,False,,,(Old Enfield Treatment Centre).,,,Republic of Ireland,Narcotics Anonymous
58ea8a20-5ece-589a-9c73-89073824f11e,NA Enfield,19:00,"1hr ",A83 TK66,53.4146616,-6.7927712,Camino,"Cloncurry, Enfield",,Saturday,False,False,False,False,,,(Old Enfield Treatment Centre).,,,Republic of Ireland,Narcotics Anonymous
1719bae0-438d-5edf-9cf5-591297bfb6e1,"NA Group | Muff, Co. Donegal",19:30,1hr 30mins,F93 E032,55.0723679,-7.2678945,St. Mary's Community Hall,"Saint Mary's Hall, Muff",,Sunday,False,False,False,False,,,,,,Republic of Ireland,Narcotics Anonymous
47f1fa81-1d18-5ce5-b30c-9ae2800fffa5,NA Meeting,20:00,"1hr ",N37 W7P3,53.4315567,-7.9429329,St. Kieran's Community Centre,"Tormey Villas,Athlone,Co. Westmeath",,Wednesday,False,False,False,False,,,,,,Republic of Ireland,Narcotics Anonymous
a294243f-b97c-503a-aaa4-89a2d1ecba06,NA Meeting,20:30,"1hr ",N37 W7P3,53.4315567,-7.9429329,St. Kieran's Community Centre,"Tormey Villas,Athlone,Co. Westmeath",,Friday,False,False,False,False,,,,,,Republic of Ireland,Narcotics Anonymous
df9152fe-ff10-55ac-a704-ac74b63472f0,NA Meeting,20:15,"1hr ",F31 KT57,53.6231605,-9.2230011,Credit Untion House,"Main Street,Ballinrobe,Co. Mayo",,Tuesday,False,True,False,False,,,"This meeting is focused on discussion of the Twelve Steps of NA.
This is a literature study group.
This meeting is wheelchair accessible.",,,Republic of Ireland,Narcotics Anonymous
5a5b9bf5-8127-5ac5-bc3f-dbe20734ea5f,NA Meeting,20:00,"1hr ",F26 X310,54.1141382,-9.1588592,Community Centre,"Teeling Street,Ballina,Co. Mayo",,Wednesday,False,False,False,False,,,,,,Republic of Ireland,Narcotics Anonymous
ad500375-d44a-55c0-a162-dcbdadf0269c,NA Meeting,20:30,1hr 30mins,F26 V967,53.9816118,-9.114084,Hope House,"Lower Main Street,Foxford,Co. Mayo",,Saturday,False,False,False,False,,,,,,Republic of Ireland,Narcotics Anonymous
fa90db79-8fde-55b1-b37a-9421bfe01b8e,NA Meeting,17:30,"1hr ",F91 EY8K,54.2696431,-8.4756759,Sligo Presbyterian Church,"Church Street, Sligo",,Saturday,False,False,False,False,,,,,,Republic of Ireland,Narcotics Anonymous
fe70c263-8f17-5883-9128-7c755f0a796e,NA Meeting - Mullingar,18:00,"1hr ",N91 FY96,53.5273986,-7.3406068,1428 Club - (Beside Gillerans Pub),"2 Harbour Street, Mullingar",,Sunday,False,False,False,False,,,,,,Republic of Ireland,Narcotics Anonymous
8c3fa3a8-0522-57cb-9ce2-d01ada491c25,NA Meeting - Mullingar,20:00,"1hr ",N91 FY96,53.5273986,-7.3406068,1428 Club (Beside Gillerans Pub),"2 Harbour Street, Mullingar",,Thursday,False,False,False,False,,,,,,Republic of Ireland,Narcotics Anonymous
266f1524-c4db-531e-97c9-41db2b76ea72,NA Sligo,18:00,"1hr ",F91 KNN3,54.2664206,-8.4645403,Abbeyquarter Community Centre,"Devins Drive, Cranmore, Sligo",,Sunday,False,False,False,False,,,New Meeting.,,,Republic of Ireland,Narcotics Anonymous
9e329fe8-5f42-539b-9db2-f987e69e04b7,NA Sligo,18:50,"1hr ",F91 KNN3,54.2664206,-8.4645403,Abbeyquarter Community Centre,"Devins Drive, Cranmore, Sligo",,Tuesday,False,False,False,False,,,New Meeting.,,,Republic of Ireland,Narcotics Anonymous
0670d387-b602-5c61-b323-a7ae43904f29,NA Sligo,19:30,"1hr ",F91 HR58,54.2724882,-8.4705496,Sligo Family Resource Center,"49 The Mall, Sligo",,Friday,False,False,False,False,,,,,,Republic of Ireland,Narcotics Anonymous
d778d5ff-2bd7-5433-a5f0-4a40fa9377dd,NA Srah Tullamore,19:00,1hr 30mins,R35 X2N5,53.2873785,-7.5158273,Cornerstone Slieve Bloom Church,"Business Park, 3 Sragh Ave., Srah, Tullamore",,Monday,False,False,False,False,,,,,,Republic of Ireland,Narcotics Anonymous
2c44a052-7823-5728-83d6-6eeb25d5051c,NA The Shambles New Ross,11:00,"1hr ",Y34 TX83,52.3954337,-6.9438771,The Shambles (FDYS) Youth Cafe,"Mary Street, New Ross",,Sunday,False,False,False,False,,,,,,Republic of Ireland,Narcotics Anonymous
f9984781-2d69-5903-92cf-9a9b71aa3ebb,NA Tullamore,19:30,"1hr ",R35 XT26,53.272304,-7.4906744,The Tanyard Resource Centre,"Tanyard Lane, Tullamore",,Tuesday,False,False,False,False,,,,,,Republic of Ireland,Narcotics Anonymous
198cae26-ae90-5d4c-880f-26f15a68b90b,NA Tullamore,19:30,"1hr ",R35 XT26,53.272304,-7.4906744,The Tanyard Resource Centre,"Tanyard Lane, Tullamore",,Friday,False,False,False,False,,,,,,Republic of Ireland,Narcotics Anonymous
f088de2b-547e-5da5-9531-21021020f2af,NA Waterford,18:00,"1hr ",X91 FH04,52.2574053,-7.1104503,Sacristy St. John's Church Parnell Street,Waterford City,,Monday,False,False,False,False,,,,,,Republic of Ireland,Narcotics Anonymous
d0490fc9-346b-5a04-b870-424daf3dc24a,Naas NA Meeting,20:00,"1hr ",W91 FNV9,53.2304799,-6.6475243,Monread Community Centre,"Maudlins Avenue, Naas",,Thursday,False,False,False,False,,,,,,Republic of Ireland,Narcotics Anonymous
5539fbd4-ae26-54ca-9c3a-c2fe6876c1a5,Nenagh NA Meeting,20:00,"1hr ",E45 PK68,52.863342,-8.1971032,New Institute,"Friar Street, Nenagh",,Monday,False,False,False,False,,,,,,Republic of Ireland,Narcotics Anonymous
a65b6d58-5a6d-58ad-8552-1f3771e1b51a,Newcastle West NA Meeting,20:00,1hr 15mins,,52.452974,-9.0665579,Newcastle West Community Center,"Castle Demense, Newcastle West, FW3 P69",,Sunday,False,False,False,False,,,,,,Republic of Ireland,Narcotics Anonymous
fe8f958e-0258-5ea9-8dc2-9a18893b2e55,On Life's Terms Group - Kinsale,20:00,"1hr ",P17 VH22,51.7064376,-8.524875,The Well,"Market Lane, Kinsale",,Wednesday,False,False,False,False,,,"Kinsale Youth Community Centre - Blue building, yellow door.",,,Republic of Ireland,Narcotics Anonymous
1f6eede9-fcc1-5e02-87f7-396bde2c62a2,Recovering With Love Group,18:00,"1hr ",V94 N564,52.6568614,-8.6274115,Saint Saviours Community Centre,"Fairview Court, Limerick",,Sunday,False,False,False,False,,,,,,Republic of Ireland,Narcotics Anonymous
ee7fe77a-2479-5a13-ae9f-cd2d1a29313c,Recovering With Love Group,19:30,"1hr ",V94 N564,52.6568614,-8.6274115,Saint Saviours Community Centre,"Fairview Court, Lord Edward Street, Limerick",,Monday,False,False,False,False,,,,,,Republic of Ireland,Narcotics Anonymous
ab38fc32-bfae-50f2-851d-94b4ebee2738,Recovering With Love Group,19:00,"1hr ",V94 KX9V,52.6484316,-8.6328118,Or Lady Of Lourdes Community Center,"Childers Road, Limerick",,Tuesday,False,False,False,False,,,,,,Republic of Ireland,Narcotics Anonymous
ebae840f-8bfc-5899-9c40-52318af7fe5a,Recovering With Love Group,19:30,"1hr ",V94 N564,52.6568614,-8.6274115,Saint Saviours Community Centre,"Fairview Court, Lord Edward Street, Limerick",,Wednesday,False,False,False,False,,,,,,Republic of Ireland,Narcotics Anonymous
3eb388b5-0513-56e8-8fac-64a7b4059e60,Roscrea N.A (R.N.A),20:30,"1hr ",E53 PK82,52.9516267,-7.7993567,Saint Cronan's Parish Centre,"Abbey Street, Roscrea",,Friday,False,False,False,False,,,"Parish office under the belfry.
This meeting is held by candlelight.",,,Republic of Ireland,Narcotics Anonymous
bd2cdd97-ab53-5477-b1c1-64ced584a8c5,Shannon NA Meeting,20:30,1hr 30mins,P4 5PM,52.709236,-8.8641792,Respond Community Building,"Rineanna View, Shannon, 9",,Sunday,False,False,False,False,,,,,,Republic of Ireland,Narcotics Anonymous
483e31ae-903b-5e89-afe7-ff802d8adbe6,Shannon NA Meeting,20:30,1hr 30mins,P4 5PM,52.709236,-8.8641792,Respond Community Building,"Rineanna View, Shannon, 9",,Wednesday,False,False,False,False,,,,,,Republic of Ireland,Narcotics Anonymous
f8a8133a-698e-5caf-a92d-78550b2f50d3,Skibereen NA Meeting,20:00,1hr 30mins,P81 Y433,51.5499649,-9.2654787,HSE Building,"49 North Street, Skibbereen",,Friday,False,False,False,False,,,"This meeting is held by candlelight.
This meeting encourages its participants to engage in quiet meditation.",,,Republic of Ireland,Narcotics Anonymous
ab902b75-f9a7-5f34-a304-8bbb59a4f91c,Sligo Womens Meeting,13:00,"1hr ",F91 DVY4,54.2720775,-8.4749346,Yeats Society Sligo (In The Cafe),"Hyde Bridge, Lower O' Connell Street, Sligo",,Wednesday,False,False,False,False,,,,,,Republic of Ireland,Narcotics Anonymous
3b7fb55f-2b2b-5180-8c30-877bc4923c95,Step To Freedom Group Portlaoise,20:00,1hr 15mins,R32 R624,53.0268458,-7.3220704,Hollies Room,"Clonminam Industrial Estate,Portlaoise,Co. Laois",,Monday,False,False,False,False,,,,,,Republic of Ireland,Narcotics Anonymous
10e108a6-1242-57a1-81a6-12f79d946f9a,Step To Freedom Group Portlaoise,19:00,1hr 15mins,R32 R624,53.0268458,-7.3220704,Hollies Room,"Clonminam Industrial Estate,Portlaoise,Co. Laois",,Saturday,False,False,False,False,,,,,,Republic of Ireland,Narcotics Anonymous
27c3094e-22a9-53a3-bf52-3d4141f09513,Steps And Traditions Meeting,19:30,"1hr ",F91 KNN3,54.2664206,-8.4645403,Abbeyquarter Community Centre,"Devins Drive, Cranmore, Sligo",,Monday,False,False,False,False,,,Open on Bank Holidays.,,,Republic of Ireland,Narcotics Anonymous
47d3480a-8ee7-5f46-a585-5c9cdfbc50ee,Steps To Living,20:00,1hr 15mins,C15 X0A3,53.6515947,-6.6853484,St Marys Church -,"Fair Green, Navan",,Monday,False,False,False,False,,,Down steps to left of front of church.,,,Republic of Ireland,Narcotics Anonymous
433635c7-478a-57b4-a62f-78ec6b9fe0b1,Steps To Living,20:00,1hr 15mins,C15 X0A3,53.6515947,-6.6853484,St Marys Church -,"Fair Green, Navan",,Friday,False,False,False,False,,,Down steps to left of front of church.,,,Republic of Ireland,Narcotics Anonymous
acfa1eae-9101-5e6e-be01-2e510f26ae26,Steps To Living (Please Note New Time),20:00,"1hr ",C15 X0A3,53.6515947,-6.6853484,St Marys Church -,"Fair Green, Navan",,Wednesday,False,False,False,False,,,Down steps to left of front of church.,,,Republic of Ireland,Narcotics Anonymous
d1765a45-9a5c-5418-af93-76c47d96158d,Summerhill Speaker Meeting,19:30,"1hr ",Y35 KC58,52.3348683,-6.4681408,Summerhill Mental Health Centre,"Summerhill Heights, Wexford",,Monday,False,False,False,False,,,,,,Republic of Ireland,Narcotics Anonymous
a5faecf6-b454-58b7-8fdd-493826559140,The Alternative Group,19:00,"1hr ",F91 RC2N,54.2650821,-8.464513,,"11 Devins Dr., Sligo",,Thursday,False,False,False,False,,,,,,Republic of Ireland,Narcotics Anonymous
2d73d459-f54f-5884-b2f1-aa514d6c1b86,The Living Clean Group Dundalk,20:00,"1hr ",,53.9894818,-6.3846052,Muirhevna Mor Community Centre,"83 Sliabh Foy Park, Dundalk",,Wednesday,False,False,False,False,,,,,,Republic of Ireland,Narcotics Anonymous
146728ff-cc0c-5bb0-b3f3-08041cb3061f,The Living Clean Group Dundalk,20:00,"1hr ",,53.9894818,-6.3846052,Muirhevna Mor Community Centre,"83 Sliabh Foy Park, Dundalk",,Friday,False,False,False,False,,,,,,Republic of Ireland,Narcotics Anonymous
81e55b13-fcff-5a50-a831-4eeea33ff947,The Spirit Of Giving NA,20:00,"1hr ",Y21 KN81,52.5035969,-6.5727057,Legion Of Mary Hall,"Convent Road, Enniscorthy, Wexford",,Tuesday,False,False,False,False,,,,,,Republic of Ireland,Narcotics Anonymous
bdfa7e41-8a61-58aa-820e-f2cb2414ed85,The Truth Will Set You Free Drogheda,20:00,"1hr ",A92 RF2P,53.7148545,-6.3492072,The Stables,"Batchelors Lane,Drogheda,Co. Louth",,Tuesday,False,False,False,False,,,,,,Republic of Ireland,Narcotics Anonymous
13804e1a-0534-5955-8820-f9e8a340a527,The Truth Will Set You Free Drogheda,15:00,"1hr ",A92 RF2P,53.7148545,-6.3492072,The Stables,"Batchelors Lane,Drogheda,Co. Louth",,Saturday,False,False,False,False,,,,,,Republic of Ireland,Narcotics Anonymous
88dc6ce1-82a1-505a-a87e-ad570b7c435c,Tipperary Town NA Meeting,20:00,1hr 30mins,E34 K156,52.4751411,-8.1592624,Tipperary Community Services Center,"St. Michael Street, Tipperary",,Wednesday,False,False,False,False,,,Entrance in the back.,,,Republic of Ireland,Narcotics Anonymous
eaa29710-d3e5-53f3-8107-a7bb54a01099,Topic Meeting,20:00,"1hr ",Y34 TX83,52.3954337,-6.9438771,The Shambles (FDYS) Youth Cafe,"Mary Street, New Ross",,Tuesday,False,False,False,False,,,,,,Republic of Ireland,Narcotics Anonymous
fb1fe151-0948-5bc3-aec0-437f88ed74ae,Waterford Clean And Serene,19:00,"1hr ",X91 F516,52.2360954,-7.1394573,Waterford City Rugby Club,"Carriag An Aird, Waterford",,Saturday,False,False,False,False,,,Six Cross Roads.,,,Republic of Ireland,Narcotics Anonymous
05f6b246-c525-535c-ac5c-e1f6908fcb23,Waterford Step Meeting,20:00,1hr 30mins,X91 FH04,52.2574053,-7.1104503,Sacristy St. John's Church Parnell Street,Waterford City,,Tuesday,False,False,False,False,,,,,,Republic of Ireland,Narcotics Anonymous
35c0bdb6-795c-51f5-b9a5-9686d9420284,Waterford Topic Meeting,19:00,"1hr ",X91 V5NH,52.2490397,-7.1346028,12A Francis Court,"Larchville, Waterford City",,Wednesday,False,False,False,False,,,DO NOT PARK CARS IN ESTATE. Parking outside of estate.,,,Republic of Ireland,Narcotics Anonymous
3103c8c9-6ad8-55d5-b659-34dea910b769,We Do Recover,19:00,"1hr ",Y21 KN81,52.5035969,-6.5727057,Legion Of Mary Hall,"Convent Road, Enniscorthy, Wexford",,Saturday,False,False,False,False,,,,,,Republic of Ireland,Narcotics Anonymous
eaae99dc-ec99-58b9-98a0-c2dee06f3b18,We Do Recover - Cavan,19:00,"1hr ",H12 H049,53.9930665,-7.3593411,Teach Oscail Resource Project,"31 Church Street, Cavan Town",,Tuesday,False,True,False,False,,,This meeting is wheelchair accessible.,,,Republic of Ireland,Narcotics Anonymous
b8db3696-f162-5b0a-b477-cc221df73a0e,We Do Recover Group  Drogheda,19:00,"1hr ",A92 XY89,53.7130031,-6.3448521,"Red Door Project, St Marys Convent","Dublin Road, Drogheda",,Sunday,False,False,False,False,,,,,,Republic of Ireland,Narcotics Anonymous
f14d4ef7-4f8d-53a8-8bc3-55e3d0c89a10,We Do Recover Group Drogheda,20:00,"1hr ",A92 XY89,53.7130031,-6.3448521,"Red Door Project, St Marys Convent","Dublin Road, Drogheda",,Monday,False,False,False,False,,,,,,Republic of Ireland,Narcotics Anonymous
80de2ec5-f986-5a1e-9327-f96f914372ea,Westport Meeting,20:30,"1hr ",F28 H971,53.7988714,-9.5187296,,"Mill Street, Westport",,Friday,False,False,False,False,,,,,,Republic of Ireland,Narcotics Anonymous
dd2b5f5a-f0ee-55d1-8844-4fcbf576b685,Carrigaline Meditation Meeting,10:30,1hr 30mins,P43 ED27,51.8159359,-8.3905479,Church Parish Door At The Back Of The Church,"10 Cork Road, Carrigaline",,Sunday,False,False,False,False,,,,Cork,Republic of Ireland,Republic of Ireland,Narcotics Anonymous
d164b7aa-6b6f-53fa-bdba-07665ef147eb,Churchfield Group,12:00,"1hr ",T23 YR66,51.90743,-8.4905185,Churchfield Community Trust CLG,"107 - 109 Knockfree Avenue, Cork",,Sunday,False,False,False,False,,,,Cork,Republic of Ireland,Republic of Ireland,Narcotics Anonymous
323bedfe-6da1-5971-a689-48f3827c2541,Churchfield Group,19:00,"1hr ",T23 YR66,51.90743,-8.4905185,Churchfield Community Trust CLG,"107 - 109 Knockfree Avenue, Cork",,Wednesday,False,False,False,False,,,,Cork,Republic of Ireland,Republic of Ireland,Narcotics Anonymous
c35ca04d-2d5d-5fb1-9a88-c492db77504a,Churchfield Group,19:00,"1hr ",T23 YR66,51.90743,-8.4905185,Churchfield Community Trust CLG,"107 - 109 Knockfree Avenue, Cork",,Friday,False,False,False,False,,,This meeting is focused on discussion of the Twelve Steps of NA.,Cork,Republic of Ireland,Republic of Ireland,Narcotics Anonymous
093a0036-6952-5d7a-8c60-265bdc0c5206,Churchfield Group,19:00,"1hr ",T23 YR66,51.90743,-8.4905185,Churchfield Community Trust CLG,"107 - 109 Knockfree Avenue, Cork",,Saturday,False,False,False,False,,,,Cork,Republic of Ireland,Republic of Ireland,Narcotics Anonymous
41fb4721-9c14-5d35-9bc5-a48b8afd5c97,Leap Into Recovery,20:00,"1hr ",P81 Y192,51.5709881,-9.1505846,Myross Wood House,"Ardagh, Leap",,Monday,False,False,False,False,,,When you arrive at the house walk around the side and through the arch into a courtyard.Turn left and the door is in the left corner of the courtyard.,Cork,Republic of Ireland,Republic of Ireland,Narcotics Anonymous
704600b8-b9cf-5a0e-8288-eb5a5675469f,Mallow Meeting,19:30,1hr 30mins,P51 KWK8,52.1389381,-8.6423336,Social Services Center,"New Road, Mallow",,Tuesday,False,False,False,False,,,,Cork,Republic of Ireland,Republic of Ireland,Narcotics Anonymous
e043576e-845c-5634-8f73-5e4ce40baa90,Mallow Meeting,19:30,"1hr ",P51 KWK8,52.1389381,-8.6423336,Social Services Center,"New Road,, Mallow",,Thursday,False,False,False,True,,,Near the swimming pool.,Cork,Republic of Ireland,Republic of Ireland,Narcotics Anonymous
9c01b4dd-f6a3-58c5-aafd-35410d051386,Mallow NA Meeting,19:30,1hr 30mins,P51 KWK8,52.1389381,-8.6423336,Mallow Social Services,"New Road, Mallow",,Saturday,False,False,False,False,,,Meals on Wheels.,Cork,Republic of Ireland,Republic of Ireland,Narcotics Anonymous
94c1a1c7-4152-5176-a05f-ca6e79816d25,Midleton,18:00,"1hr ",P25 YC64,51.9114255,-8.1736311,The Midleton Hub,"Bailick Road, Midleton, Munster",,Sunday,False,False,False,False,,,,Cork,Republic of Ireland,Republic of Ireland,Narcotics Anonymous
5035a97e-b0bc-5c85-b8e3-86d4ff0ed250,Midleton NA,13:00,"1hr ",P25 YC64,51.9114255,-8.1736311,The Midleton Hub,"Bailick Road, Midleton",,Saturday,False,False,False,False,,,This is a literature study group.,Cork,Republic of Ireland,Republic of Ireland,Narcotics Anonymous
988f8b33-de18-55e3-9989-82b2f15d2f60,Newcomer's Meeting,20:00,"1hr ",T12 HK4A,51.8935679,-8.4679976,South Parish Community Center,"Sawmill Street, Cork",,Tuesday,False,False,False,False,,,Wheelchair Accessible.,Cork,Republic of Ireland,Republic of Ireland,Narcotics Anonymous
b765c3fc-421e-55c9-930c-b791b14f1407,Popes Quay NA Meeting,15:00,1hr 15mins,T23 R239,51.9012198,-8.4738212,Dominican Center,"Popes Quay, Cork",,Saturday,False,False,False,False,,,,Cork,Republic of Ireland,Republic of Ireland,Narcotics Anonymous
7d802c14-2f08-5a7b-8226-522ba1484aea,Quaker House Women's Meeting,18:30,1hr 30mins,T12 XW8R,51.8920536,-8.4686157,Quaker House,"Summerhill South,Cork City,Cork",,Sunday,False,False,False,False,,,This meeting is meant to be attended by women only.,Cork,Republic of Ireland,Republic of Ireland,Narcotics Anonymous
88f5ad71-90d0-537a-b3d8-80cfd184b4a0,Strength And Hope,20:00,"1hr ",T12 XW8R,51.8920536,-8.4686157,Quaker House,"Summerhill South,Cork City,Cork",,Monday,False,False,False,False,,,,Cork,Republic of Ireland,Republic of Ireland,Narcotics Anonymous
02c3a7e7-315d-52a5-adcf-d1372555f7e3,Strength And Hope,20:00,"1hr ",T12 XW8R,51.8920536,-8.4686157,Quaker House,"Summerhill South,Cork City,Cork",,Wednesday,False,False,False,False,,,,Cork,Republic of Ireland,Republic of Ireland,Narcotics Anonymous
86718904-4e7b-5ade-affc-d86ac11e3fce,We Do Recover,20:00,"1hr ",T12 CX32,51.894202,-8.469278,South Parish,"Community Centre,Rutland Street,Cork City",,Sunday,False,False,False,False,,,Wheelchair Accessible.,Cork,Republic of Ireland,Republic of Ireland,Narcotics Anonymous
760dd435-2621-542a-9b9e-007b88365c87,We Do Recover,20:00,"1hr ",T12 CX32,51.894202,-8.469278,South Parish,"Community Centre,Rutland Street,Cork City",,Friday,False,False,False,False,,,Wheelchair Accessible.,Cork,Republic of Ireland,Republic of Ireland,Narcotics Anonymous
ec2dc0db-9e49-51c7-b1e9-bca9b5d4998e,Bundoran NA,17:30,"1hr ",F94 AK80,54.4761345,-8.277348,Pastoral Centre,"Church Road,Magheracar,Bundoran,Co. Donegal",,Sunday,False,False,False,False,,,,Donegal,Republic of Ireland,Republic of Ireland,Narcotics Anonymous
05a0af7f-b495-5b77-852a-10ac6253ab3d,"Experience, Strength & Hope NA Group | Letterkenny Pastoral Centre | Speaker Meeting",20:00,1hr 30mins,F92 HP66,54.9521118,-7.7392139,Raphoe Pastoral Centre,"Monastery Ave.,Cathedral Square,Letterkenny,Co. Donegal",,Wednesday,False,False,False,False,,,,Donegal,Republic of Ireland,Republic of Ireland,Narcotics Anonymous
ce980c5b-fdec-579d-9fb2-91c6420f987f,"Experience, Strength & Hope NA Group | Letterkenny Pastoral Centre | Traditions Meeting",18:00,1hr 30mins,F92 HP66,54.9521118,-7.7392139,Raphoe Pastoral Centre,"Monastery Ave.,Cathedral Square,Letterkenny,Co. Donegal",,Monday,False,False,False,False,,,,Donegal,Republic of Ireland,Republic of Ireland,Narcotics Anonymous
b325b531-132f-5f35-8592-63a4b5b79e89,Hope For The Future | NA Group | JFT Meeting,11:30,"1hr ",F92 DK2H,54.9491095,-7.7356041,Carlin House   (Wheelchair Accessible),"3 Rosemount Court, Rosemount Lane, Letterkenny",,Saturday,False,False,False,False,,,"**There is an error with most widely used SatNav. It will misdirect to a dead end. Please use the Map button, to navigate to the Donegal County Library HQ on Rosemount Lane. The meeting venue is in this estate:.",Donegal,Republic of Ireland,Republic of Ireland,Narcotics Anonymous
69e69568-9e6e-5a20-a961-a634545d190d,Hope For The Future | NA Group | Step Working Guide Study Meeting,19:00,1hr 45mins,F92 DK2H,54.9491095,-7.7356041,Carlin House   (Wheelchair Accessible),"3 Rosemount Court, Rosemount Lane, Letterkenny",,Friday,False,False,False,False,,,"**There is an error with most widely used SatNav. It will misdirect to a dead end. Please use the Map button, to navigate to the Donegal County Library HQ on Rosemount Lane. The meeting venue is in this estate:.",Donegal,Republic of Ireland,Republic of Ireland,Narcotics Anonymous
4918f355-0972-580d-b90a-036f9f7218b8,Ballyfermot Group,19:00,"1hr ",D10 K319,53.3428834,-6.3462942,Ballyfermot Resource Centre,"Ballyfermot Rd, D 10",,Tuesday,False,False,False,False,,,,Dublin,Republic of Ireland,Republic of Ireland,Narcotics Anonymous
30557d90-773c-55e4-988d-60b112b899d7,Ballyfermot Group,19:00,"1hr ",D10 K319,53.3428834,-6.3462942,Ballyfermot Resource Centre,"Ballyfermot Rd., D 10",,Thursday,False,False,False,False,,,,Dublin,Republic of Ireland,Republic of Ireland,Narcotics Anonymous
55989031-d35b-58a0-9d57-76854cb569bc,Ballymun,19:00,"1hr ",D11 X2EP,53.3976351,-6.2659246,Horizon Centre,"Balcurris Rd, Ballymun, D 11",,Tuesday,False,False,False,False,,,NEW MEETING.,Dublin,Republic of Ireland,Republic of Ireland,Narcotics Anonymous
90fc019e-4648-58c5-8e04-35053f4402c4,Ballymun Step Meeting,19:30,1hr 15mins,D11 X2EP,53.3976351,-6.2659246,Horizon Centre,"Balcurris Rd, Ballymun, D 11",,Thursday,False,False,False,False,,,This meeting is focused on discussion of the Twelve Steps of NA.,Dublin,Republic of Ireland,Republic of Ireland,Narcotics Anonymous
cca1a159-204c-5050-a30e-a216fae4d0ee,Ballyogan,19:00,"1hr ",D18 HT72,53.2567268,-6.1909232,Samuel Beckett Civic Campus,"Ballyogan, Dublin 18",,Sunday,False,False,False,False,,,(Temporary Venue - Check website before travelling).,Dublin,Republic of Ireland,Republic of Ireland,Narcotics Anonymous
94ebf0a4-9f2b-5c11-82ab-622067330f2c,Bawnogue Experience Strength & Hope Group,19:00,"1hr ",D22 CP40,53.3250384,-6.4116534,Church Of The Transfiguration,"Bawnogue Road, Bawnogue",,Monday,False,False,False,False,,,This meeting gathers in a facility that is usually closed on holidays.,Dublin,Republic of Ireland,Republic of Ireland,Narcotics Anonymous
7ade54c2-7481-5676-b467-a634183bf99e,Bawnogue Experience Strength & Hope Group,19:00,"1hr ",D22 DY68,53.3248743,-6.4128795,Bawnogue Youth Community Centre,"Ace Enterprise Park, Bawnogue Road",,Thursday,False,False,False,False,,,Starting 20th February.,Dublin,Republic of Ireland,Republic of Ireland,Narcotics Anonymous
cc6804a2-d328-523b-8be5-e1a0dbe94820,Blanchardstown Kellystown,19:00,"1hr ",D15 WTX8,53.3831712,-6.4100179,Lohunda  Lodge,"Clonsilla Village,Clonsilla,Dublin 15",,Monday,False,False,False,False,,,,Dublin,Republic of Ireland,Republic of Ireland,Narcotics Anonymous
27454e37-09f5-508b-ba2c-0177ce1f59b4,Chrysalis Community Project,19:30,"1hr ",D07 WA46,53.3530799,-6.2845793,,"33 Manor St, Dublin 7",,Wednesday,False,False,False,False,,,,Dublin,Republic of Ireland,Republic of Ireland,Narcotics Anonymous
a3b6e771-2a92-52d9-ada7-a71c2f738509,City Clinic,12:30,"1hr ",D01 A336,53.3529375,-6.2482746,City Clinic,"108/109 Amiens St., Dublin 1",,Thursday,False,False,False,False,,,,Dublin,Republic of Ireland,Republic of Ireland,Narcotics Anonymous
989e02d2-afb3-5f97-ab49-93c6464b5b1a,Clonsilla,19:00,"1hr ",D15 AT28,53.3826976,-6.4102942,Clonsilla Community Hall (Behind Host Chinese),"Weavers Row, Clonsilla Rd., Dublin 15",,Thursday,False,False,False,False,,,,Dublin,Republic of Ireland,Republic of Ireland,Narcotics Anonymous
e4076d5b-76f3-5b16-8c18-4eb70c149e34,Darndale Group,19:30,"1hr ",D17 HC93,53.4015198,-6.1939027,The Dales Centre,"Unit 3/4 Rear Of Village Centre, D 17",,Wednesday,False,False,False,False,,,,Dublin,Republic of Ireland,Republic of Ireland,Narcotics Anonymous
bf190289-b8e1-5443-a035-5fdf8c9c3461,Darndale Group,19:00,"1hr ",D17 HC93,53.4015198,-6.1939027,The Dales Centre,"Unit 3/4 Rear Of Village Centre, D 17",,Friday,False,False,False,False,,,,Dublin,Republic of Ireland,Republic of Ireland,Narcotics Anonymous
67213ec5-90fc-5857-95ae-14cb5c75d956,Drimnagh,19:30,"1hr ",D12 EDN2,53.3351604,-6.3181007,John Bosco Youth Cntr,"Davitt Rd, Dublin 12",,Wednesday,False,False,False,False,,,,Dublin,Republic of Ireland,Republic of Ireland,Narcotics Anonymous
f802724f-910a-5d89-a3d5-cf227ed9d897,Drimnagh,19:30,"1hr ",D12 EDN2,53.3351604,-6.3181007,John Bosco Youth Cntr,"Davitt Rd, Dublin 12",,Friday,False,False,False,False,,,,Dublin,Republic of Ireland,Republic of Ireland,Narcotics Anonymous
111cd8ff-6342-5385-aa8d-fa327e2bfc6f,Dublin Christian Mission,19:00,"1hr ",D07 A2Y7,53.3460188,-6.2721732,,"6 Chancery Place, Dublin 7",,Friday,False,False,False,False,,,,Dublin,Republic of Ireland,Republic of Ireland,Narcotics Anonymous
325a167e-266a-5eb6-b666-ea09b4d8339a,From The Street To The Seat Group,12:30,"1hr ",D22 K2H3,53.3440905,-6.3950815,Beside Rowlagh Church,"Liscarne Close, Rowlagh, Clondalkin, Dublin 22",,Sunday,False,False,False,False,,,,Dublin,Republic of Ireland,Republic of Ireland,Narcotics Anonymous
61dfdb6a-b6d6-5892-8f85-a26d2d9f66a6,From The Street To The Seat Group,19:00,"1hr ",D22 K2H3,53.3440905,-6.3950815,Beside Rowlagh Church,"Liscarne Close, Rowlagh, Clondalkin, D 22",,Wednesday,False,False,False,False,,,,Dublin,Republic of Ireland,Republic of Ireland,Narcotics Anonymous
776a1bec-5706-581d-8c33-2066d3d6d2fe,From The Street To The Seat Group,19:00,"1hr ",D22 K2H3,53.3440905,-6.3950815,Beside Rowlagh Church,"Liscarne Close. Rowlagh, Clondalkin, D 22",,Friday,False,False,False,False,,,,Dublin,Republic of Ireland,Republic of Ireland,Narcotics Anonymous
842f11ad-2a0e-5bde-9412-1dfe3b09f78c,From The Street To The Seat Group,19:00,"1hr ",D22 K2H3,53.3440905,-6.3950815,Beside Rowlagh Church,"Liscarne Close, Rowlagh, Clondalkin, D 22",,Saturday,False,False,False,False,,,,Dublin,Republic of Ireland,Republic of Ireland,Narcotics Anonymous
b57dca30-492d-5f86-86e5-ced75633b172,Frontline To Freedom Group,16:00,"1hr ",D01 KC83,53.3510323,-6.2549479,Teach Mhuire,"38-39 Lower Gardiner Street,Dublin City",,Monday,False,False,False,False,,,,Dublin,Republic of Ireland,Republic of Ireland,Narcotics Anonymous
ae1df73b-0657-51f9-b6d1-1954ff2b9351,Frontline To Freedom Group,13:00,"1hr ",D01 KC83,53.3510323,-6.2549479,Teach Mhuire,"38-39 Lower Gardiner Street,Dublin City",,Tuesday,False,False,False,False,,,,Dublin,Republic of Ireland,Republic of Ireland,Narcotics Anonymous
9eca70df-ed52-5fe8-b695-30df441e542c,Frontline To Freedom Group,13:00,"1hr ",D01 KC83,53.3510323,-6.2549479,Teach Mhuire,"38-39 Lower Gardiner Street,Dublin City",,Saturday,False,False,False,False,,,,Dublin,Republic of Ireland,Republic of Ireland,Narcotics Anonymous
6d4dff3a-a064-5839-b667-ee4f37d476a4,Glin Sports Centre,12:00,"1hr ",D17 DX05,53.4002006,-6.206292,,"Brookhaven, Glin Road, Dublin 17",,Sunday,False,False,False,False,,,,Dublin,Republic of Ireland,Republic of Ireland,Narcotics Anonymous
37a0eebc-2865-54e7-903e-72942a6abcc1,Irish Service Office - NA Shop,13:00,"3hr ",D08 V6V4,53.3381921,-6.2706903,14B Upper Kevin Street,Dublin 8,,Saturday,False,False,False,False,,,Open Saturdays between 1pm and 4pm.,Dublin,Republic of Ireland,Republic of Ireland,Narcotics Anonymous
14f398be-a68e-53ed-a2fd-89159418080a,Knocklyon Group,20:00,"1hr ",D16 YV04,53.2820621,-6.3212136,Rutland Centre -,"Knocklyon Rd.,, Dublin 16",,Monday,False,False,False,False,,,NO PARKING on centre grounds - Please park in SuperValu.,Dublin,Republic of Ireland,Republic of Ireland,Narcotics Anonymous
7f6787f4-3c20-508b-9a2f-a85515106c96,Light Of Hope Group,19:00,"1hr ",D24 A275,53.2760036,-6.3795165,CARP Buiding,"Killinarden Heights, Dublin 24",,Monday,False,False,False,True,,,This meeting gathers in a facility that is usually closed on holidays.,Dublin,Republic of Ireland,Republic of Ireland,Narcotics Anonymous
7795ceae-2f21-5db1-94b1-b886d72d125c,Light Of Hope Group,14:00,"1hr ",D24 A275,53.2760036,-6.3795165,CARP Building,"Killinarden Heights, Dublin 24",,Saturday,False,False,False,True,,,This meeting gathers in a facility that is usually closed on holidays.,Dublin,Republic of Ireland,Republic of Ireland,Narcotics Anonymous
d3904f80-7338-52e5-a28d-13ce0fd9fa94,Light Of Recovery Group,19:45,1hr 15mins,A94 YX77,53.2861321,-6.1922582,John Of God Hospital,"Stillorgan Road, Blackrock",,Friday,False,False,False,False,,,Wheelchair Accessible.,Dublin,Republic of Ireland,Republic of Ireland,Narcotics Anonymous
82c2de43-6f34-5263-942c-568be8e95721,Live In Hope,13:00,"1hr ",K67 T6T7,53.4534745,-6.243103,Community Centre,"River Valley,Swords,Co. Dublin",,Saturday,False,False,False,False,,,,Dublin,Republic of Ireland,Republic of Ireland,Narcotics Anonymous
3e4ede75-c52b-5c19-9e81-cbb050701bfa,Lynks Project,19:00,"1hr ",D08 HR84,53.336119,-6.3263933,,"Hesed Hse, 74 Tyrconnell Rd, Dublin 8",,Thursday,False,False,False,False,,,Down the lane at rear of building.,Dublin,Republic of Ireland,Republic of Ireland,Narcotics Anonymous
a3c951ce-23d2-5e8b-b3b2-0601684919ed,Malahide NA,19:00,"1hr ",K36 EE72,53.450503,-6.1545459,33-35 Main Street,"Above Paperweight Shop, Malahide",,Tuesday,False,False,False,False,,,,Dublin,Republic of Ireland,Republic of Ireland,Narcotics Anonymous
52edb904-01be-5487-9b9d-1e1ebf0cf729,Meditation Meeting,18:15,"1hr ",D08 AY98,53.3317253,-6.2714236,Saint Kevins Community Centre,"Bloomfield Avenue, Portobello, Dublin 8",,Wednesday,False,False,False,False,,,,Dublin,Republic of Ireland,Republic of Ireland,Narcotics Anonymous
34067577-6e7c-5d60-855a-67f9491a7ea0,Men's Group,18:30,"1hr ",D02 T258,53.3401524,-6.2659528,Carmelite Community Centre,"Aungier Street,Dublin City,Dublin 2",,Friday,False,False,False,False,,,This meeting is meant to be attended by men only.,Dublin,Republic of Ireland,Republic of Ireland,Narcotics Anonymous
fd3c5053-13c3-56a4-b316-62f7e99daedc,NA Crumlin,19:00,"1hr ",D12 YK28,53.3310787,-6.295259,Casadh,"45 Crumlin Road, Dublin 12",,Tuesday,False,False,False,False,,,,Dublin,Republic of Ireland,Republic of Ireland,Narcotics Anonymous
da10e2bc-c128-5ff3-9332-3ef8fc8b74fc,NA Gardiner Street,19:00,"1hr ",D01 RK07,53.3580105,-6.2595651,St Francis Xavier Church,"Gardiner St, Dublin 1",,Sunday,False,False,False,False,,,,Dublin,Republic of Ireland,Republic of Ireland,Narcotics Anonymous
03c6fd9a-e4d0-58ef-a987-b88335df0bec,"NA Gardiner Street - Steps 1, 2 & 3",18:00,"1hr ",D01 RK07,53.3580105,-6.2595651,St Francis Xavier Church,"Gardiner St, Dublin 1",,Saturday,False,False,False,False,,,,Dublin,Republic of Ireland,Republic of Ireland,Narcotics Anonymous
1d733f6b-d3ae-5c6b-ae1a-215157987a7d,NA Sandyford,20:30,"1hr ",D18 XY47,53.2752149,-6.2062344,"DLR Cat, Unit 8 Leopardstown Office Park","Burton Hall Road, Sandyford",,Tuesday,False,False,False,False,,,Wheelchair Accessible.,Dublin,Republic of Ireland,Republic of Ireland,Narcotics Anonymous
42aeadb9-10d9-5cbb-a917-7159ecbedec5,North Dublin Community Care,19:00,"1hr ",K67 KF72,53.4710121,-6.231854,,"68 Applewood Main Street, Applewood Village, Swords",,Wednesday,False,False,False,False,,,,Dublin,Republic of Ireland,Republic of Ireland,Narcotics Anonymous
247b2b0e-679f-514c-8139-7b578b861d86,One Addict Helping Another,13:00,"1hr ",D01 V2A0,53.3546124,-6.2639752,Abbey Presbyterian Church,"Parnell Square North,Dublin City,Dublin 1",,Monday,False,False,False,False,,,This meeting gathers in a facility that is usually closed on holidays.,Dublin,Republic of Ireland,Republic of Ireland,Narcotics Anonymous
b692190d-fe6e-5bd9-ac7f-1772e0076d66,One Addict Helping Another,13:00,"1hr ",D01 V2A0,53.3546124,-6.2639752,Abbey Presbyterian Church,"Parnell Square North,Dublin City,Dublin 1",,Friday,False,False,False,False,,,,Dublin,Republic of Ireland,Republic of Ireland,Narcotics Anonymous
cd1a5f44-ba08-57bd-a9f4-774f61baabb0,One Addict Helping Another,13:30,"1hr ",D01 V2A0,53.3546124,-6.2639752,Abbey Presbyterian Church,"Parnell Square North,Dublin City,Dublin 1",,Saturday,False,False,False,False,,,,Dublin,Republic of Ireland,Republic of Ireland,Narcotics Anonymous
39b87603-6f68-5f3c-8613-87b5f417d455,Portrane Community Cntr,19:00,"1hr ",K36 F598,53.4898287,-6.143245,Donabate,"3 Portrane Rd., Ballalease North, Donabate",,Friday,False,False,False,False,,,,Dublin,Republic of Ireland,Republic of Ireland,Narcotics Anonymous
294cb4fd-75dc-5e42-b815-422936d52b46,Portuguese Speaking Meeting,20:00,"1hr ",D01 KC83,53.3510323,-6.2549479,Teach Mhuire,"38-39 Lower Gardiner Street,Dublin City",,Monday,False,False,False,False,,,,Dublin,Republic of Ireland,Republic of Ireland,Narcotics Anonymous
aa8b52f7-fc63-55cc-ba2b-34663308e0a0,Seville Place NA,19:30,"1hr ",D01 WF89,53.352989,-6.2446122,St Joseph O' Connells Boys GAA Club,"31A Seville Place, Dublin 1",,Monday,False,False,False,False,,,,Dublin,Republic of Ireland,Republic of Ireland,Narcotics Anonymous
47af2f83-f617-509e-b56d-1f84a39d02e1,Soilse,13:00,"1hr ",D01 ER89,53.3507924,-6.2710348,,"7 Henrietta Place, Dublin 1",,Sunday,False,False,False,False,,,,Dublin,Republic of Ireland,Republic of Ireland,Narcotics Anonymous
58d01ea8-cee4-54c5-b540-3d06d01ac963,Soilse,20:00,"1hr ",D01 ER89,53.3507924,-6.2710348,,"7 Henrietta Place, Dublin 1",,Tuesday,False,False,False,False,,,,Dublin,Republic of Ireland,Republic of Ireland,Narcotics Anonymous
678315e1-ad5d-5c77-b040-c646b285b3dc,Soilse,20:00,"1hr ",D01 ER89,53.3507924,-6.2710348,,"7 Henrietta Place, Dublin 1",,Thursday,False,False,False,False,,,,Dublin,Republic of Ireland,Republic of Ireland,Narcotics Anonymous
cb1793d6-9998-5dc4-bd15-d0deff3d3caa,Spellman Centre Rignsend,20:00,"1hr ",D04 PW10,53.3399454,-6.2241261,,"17 Irishtown Rd., Ringsend",,Wednesday,False,False,False,False,,,,Dublin,Republic of Ireland,Republic of Ireland,Narcotics Anonymous
71f72ebc-c6d1-5dbb-a6b5-504fbb14445c,St. Andrew’S Community Cntr,20:00,"1hr ",D08 H51F,53.3356222,-6.2937961,St. Andrew's Resource Centre,"469 South Circular Road,Rialto,Dublin 8",,Monday,False,False,False,False,,,,Dublin,Republic of Ireland,Republic of Ireland,Narcotics Anonymous
8d56926d-2a35-596e-b60e-fb866afe5854,St. Andrew’S Community Cntr,19:00,"1hr ",D08 H51F,53.3356222,-6.2937961,St. Andrew's Resource Centre,"469 South Circular Road,Rialto,Dublin 8",,Saturday,False,False,False,False,,,,Dublin,Republic of Ireland,Republic of Ireland,Narcotics Anonymous
a4c821d9-4421-5efb-97f3-af3f964155ce,Tallaght Basic Text Study Group,19:30,"1hr ",D24 X59C,53.2756206,-6.4029025,Kiltalown House,"Elm Drive, Jobstown, Tallaght",,Tuesday,False,False,False,False,,,"Basic Texts available. If you can, bring your own.",Dublin,Republic of Ireland,Republic of Ireland,Narcotics Anonymous
e951cc33-8d6e-53c6-bb6d-7fbf93fbaee2,The Freedom Group Step Meeting,19:30,"1hr ",D02 HP49,53.3324999,-6.2587863,Back Of Presbyterian Church,"Adelaide Road, St Kevins, Dublin 2",,Saturday,False,False,False,False,,,This meeting is focused on discussion of the Twelve Steps of NA.,Dublin,Republic of Ireland,Republic of Ireland,Narcotics Anonymous
df23a4d4-29f6-5212-83b3-fc35dc45702c,The Glin - How It Works And Why,19:30,"1hr ",D17 DX05,53.4002006,-6.206292,"The Glin Sports Centre, Brookhaven","Glin Rd, D 17",,Monday,False,False,False,False,,,This meeting gathers in a facility that is usually closed on holidays.,Dublin,Republic of Ireland,Republic of Ireland,Narcotics Anonymous
60848888-6a1f-5878-bd08-ad2593a1ba2e,The New Beginnings Group,13:00,"1hr ",D02 T258,53.3401524,-6.2659528,Carmelite Community Centre,"Aungier Street,Dublin City,Dublin 2",,Wednesday,False,False,False,False,,,,Dublin,Republic of Ireland,Republic of Ireland,Narcotics Anonymous
300e4687-b79d-5739-86bc-d70f1839e22d,Together We Can,20:00,"1hr ",D24 YX60,53.2951311,-6.3423373,St Aengus Centre (Behind Macari's Chip Shop),"Castletymon Green, Tymon North, Tallaght",,Tuesday,False,False,False,False,,,Check venue on Website.,Dublin,Republic of Ireland,Republic of Ireland,Narcotics Anonymous
cb88ad7f-59e7-5907-be2b-d21d748e01e7,Together We Can Group Step Meeting,20:00,"1hr ",D24 YX60,53.2951311,-6.3423373,St Aengus Centre (Behind Macari's Chip Shop),"Castletymon Green, Tymon North, Tallaght",,Thursday,False,False,False,False,,,,Dublin,Republic of Ireland,Republic of Ireland,Narcotics Anonymous
be481d7f-0d6a-5380-a7f9-a421033c3139,Together We Can Group Tallaght,18:00,"1hr ",D24 VX68,53.2786345,-6.4020675,St Thomas Church,"(At 27 Bus Terminus), Jobstown, Tallaght",,Sunday,False,False,False,False,,,,Dublin,Republic of Ireland,Republic of Ireland,Narcotics Anonymous
96883107-88b8-51e3-830f-5d97cd64848c,TRP,19:00,"1hr ",D24 X59C,53.2756206,-6.4029025,Kiltalown House,"Elm Drive, Jobstown, Tallaght",,Wednesday,False,False,False,False,,,,Dublin,Republic of Ireland,Republic of Ireland,Narcotics Anonymous
cb2379e5-9d1a-5c08-a955-5893416ea4e1,Womens Group,19:00,"1hr ",D24 A275,53.2760036,-6.3795165,CARP,"Killinarden Heights, D 24",,Friday,False,False,False,False,,,This meeting is meant to be attended by women only.,Dublin,Republic of Ireland,Republic of Ireland,Narcotics Anonymous
9bc02286-1eca-5fee-8629-1c48a2712711,"Augustine St., Galway",19:30,"1hr ",H91 H992,53.272351,-9.0512707,,"4 St. Augustine Street,Youth Service,Galway City,Co. Galway",,Thursday,False,False,False,False,,,,Galway,Republic of Ireland,Republic of Ireland,Narcotics Anonymous
7d0a4193-1536-5912-a132-f2c5c1cc683e,"Augustine St., Galway",19:00,"1hr ",H91 H992,53.272351,-9.0512707,,"4 St. Augustine Street,Youth Service,Galway City,Co. Galway",,Friday,False,False,False,False,,,,Galway,Republic of Ireland,Republic of Ireland,Narcotics Anonymous
c9bcbf0a-8964-5eca-841c-3489a0cc6582,Meditation/Step 11 Meeting,19:00,"1hr ",H91 EW9W,53.2610719,-9.0769924,Galilee House,"Monksfield, Salthill",,Sunday,False,False,False,False,,,"Meditation/Step 11 meeting.
This meeting is focused on discussion of the Twelve Steps of NA.
This meeting encourages its participants to engage in quiet meditation.",Galway,Republic of Ireland,Republic of Ireland,Narcotics Anonymous
1a4abf07-9834-524e-964c-5f0679147c8b,"NA Cuan Mhuire, Athenry",20:00,"1hr ",H65 YW98,53.36664,-8.8368728,Cuan Mhuire,"Coolarne, Turloughmore, Athenry",,Friday,False,False,False,False,,,,Galway,Republic of Ireland,Republic of Ireland,Narcotics Anonymous
45d49a85-0953-5692-814c-77ff951c9065,NA Meeting,11:00,"1hr ",H91 RW08,53.2855714,-9.0004024,SCCUL Enterprise Centre,"Castlepark Road, Ballybane",,Sunday,False,False,False,False,,,Meeting in the Cafe.,Galway,Republic of Ireland,Republic of Ireland,Narcotics Anonymous
9372eb29-7e56-5a00-bacd-b6c400f09d35,NA Meeting,20:00,"1hr ",H91 RW08,53.2855714,-9.0004024,SCCUL Enterprise Centre,"Castlepark Road, Ballybane",,Monday,False,False,False,False,,,Meeting in the Cafe.,Galway,Republic of Ireland,Republic of Ireland,Narcotics Anonymous
3fc920d1-43eb-52c8-8dfc-3c3022c6d278,NA Meeting,19:00,"1hr ",H91 RW08,53.2855714,-9.0004024,SCCUL Enterprise Centre,"Castlepark Road, Ballybane",,Tuesday,False,False,False,False,,,Meeting in the Castlepark Room.,Galway,Republic of Ireland,Republic of Ireland,Narcotics Anonymous
4bc863d2-4db8-566a-91f0-925f0892100d,NA Meeting,19:00,"1hr ",H91 RW08,53.2855714,-9.0004024,SCCUL Enterprise Centre,"Castlepark Road, Ballybane",,Wednesday,False,False,False,False,,,Meeting in the Castlepark Room.,Galway,Republic of Ireland,Republic of Ireland,Narcotics Anonymous
8ecd31f8-4cc6-5553-8eeb-0b0ef03d2999,NA Meeting,12:00,"1hr ",H91 RW08,53.2855714,-9.0004024,SCCUL Enterprise Centre,"Castlepark Road, Ballybane",,Friday,False,False,False,False,,,Meeting in the Castlepark Room.,Galway,Republic of Ireland,Republic of Ireland,Narcotics Anonymous
1e472d17-a2da-5bf7-b4ec-b5bc616a4784,NA Meeting,20:00,"1hr ",H54 EY24,53.5115267,-8.8544883,Harmony Hall,"Church View, Tuam",,Friday,False,False,False,False,,,"Meeting on ground floor at side of building. Enter from car park.
This meeting is focused on discussion of the Twelve Steps of NA.",Galway,Republic of Ireland,Republic of Ireland,Narcotics Anonymous
e226d43a-f675-5872-a79a-6f565d15daea,NA Meeting,14:00,"1hr ",H91 Y2TT,53.2632288,-9.1182711,Knocknacarra Church,Monalee Heights,,Saturday,False,False,False,False,,,,Galway,Republic of Ireland,Republic of Ireland,Narcotics Anonymous
f3fae1fe-9361-5b40-870a-e71d6011d408,NA Meeting,19:00,"1hr ",H91 RW08,53.2855714,-9.0004024,SCCUL Enterprise Centre,"Castlepark Road, Ballybane",,Saturday,False,False,False,False,,,Meeting in the Cafe.,Galway,Republic of Ireland,Republic of Ireland,Narcotics Anonymous
790afcdb-0855-57c4-a389-19e2add52879,Castleisland NA Group,19:00,1hr 15mins,V92 K665,52.2297804,-9.4616894,Presentation Convent,"Church St, Castleisland",,Friday,False,False,False,False,,,,Kerry,Republic of Ireland,Republic of Ireland,Narcotics Anonymous
fe8c0164-6eb5-57d0-b189-bdb6775b8b1c,Listowel NA,20:15,"1hr ",V31 EC62,52.4504339,-9.4710215,Family Resource Centre,"John B. Keane Road,Listowel,Co. Kerry",,Tuesday,False,False,False,False,,,,Kerry,Republic of Ireland,Republic of Ireland,Narcotics Anonymous
bead0828-0a83-5839-afe2-2d536a4e8c31,Tralee NA Meeting,11:00,1hr 30mins,V92 K88V,52.2685396,-9.7035942,St. Johns Parish Center,"Lower Castle Street, Tralee",,Sunday,False,False,False,False,,,,Kerry,Republic of Ireland,Republic of Ireland,Narcotics Anonymous
9e15d889-f826-52a2-8332-093e420a1f62,Tralee NA Meeting,20:00,1hr 30mins,V92 K88V,52.2685396,-9.7035942,St. Johns Parish Center,"Lower Castle Street, Tralee",,Monday,False,False,False,False,,,This meeting is focused on discussion of the Twelve Steps of NA.,Kerry,Republic of Ireland,Republic of Ireland,Narcotics Anonymous
f4f2fd07-9c95-5384-9554-4769c7fbbc6a,Tralee NA Meeting,20:00,1hr 30mins,V92 K88V,52.2685396,-9.7035942,St. Johns Parish Center,"Lower Castle Street, Tralee",,Wednesday,False,False,False,False,,,,Kerry,Republic of Ireland,Republic of Ireland,Narcotics Anonymous
9bac33b1-7eee-50ce-874a-ec98a587b3be,Tralee NA Meeting,20:00,1hr 30mins,V92 K88V,52.2685396,-9.7035942,St. Johns Parish Center,"Lower Castle Street, Tralee",,Thursday,False,False,False,False,,,,Kerry,Republic of Ireland,Republic of Ireland,Narcotics Anonymous
778d30c7-4a18-5597-bc87-793f487cd3be,Tralee NA Meeting,20:00,1hr 30mins,V92 K88V,52.2685396,-9.7035942,St. Johns Parish Center,"Lower Castle Street, Tralee",,Saturday,False,False,False,False,,,,Kerry,Republic of Ireland,Republic of Ireland,Narcotics Anonymous
029e862c-084e-53a9-a68d-ce76fdf4fe78,Arklow Group,18:30,"1hr ",Y14 RV04,52.7975257,-6.1663673,CBS School,"Coolgreaney Road,,Arklow,Co. Wicklow",,Thursday,False,False,False,False,,,,Wicklow,Republic of Ireland,Republic of Ireland,Narcotics Anonymous
472e1593-13a9-5361-8d5d-12d7f1a6e932,Safe Harbour Group,18:00,"1hr ",A63 C927,53.1449789,-6.0661139,Hillside Evangelical Church,"Hillside Road, Greystones",,Sunday,False,False,False,False,,,,Wicklow,Republic of Ireland,Republic of Ireland,Narcotics Anonymous
b30bbd8d-d795-5356-ba3a-6187dc58e63f,More Will Be Revealed,11:30,"1hr ",DD1 4EH,56.458384,-2.973038,Meadowside St Pauls Church,"118 Nethergate, Use Side Entrance",,Saturday,False,True,False,True,Open to all on request,"Discussion/Participation,Share meeting",Venue Info: Side Door,,,Scotland,Narcotics Anonymous
fe2e1786-7299-5ead-901a-0d27206e3b53,NENA Friday Afternoon,14:30,1hr 15mins,EH5 1LQ,55.976261,-3.238028,St David’S Episcopal Church,"Royston Mains Place,Edinburgh",,Friday,False,True,False,True,Open to all,"Children Welcome,Speaker,No pets,Share meeting","The Meeting Format is an Experience, Strength & Hope Share Every Week.
Fellows With Children, Please Can they be Supervised and Wearing Headphones.",,,Scotland,Narcotics Anonymous
ec712631-ebe9-5345-bb8c-1b0401fcd3b9,Scottish Borders NA,20:00,"1hr ",EH45 8SW,55.65158,-3.191685,Peebles Old Parish Church Of Scotland,52 High St,,Wednesday,False,False,False,True,Open to all on request,"Candlelight,Literature Study,Speaker,Share meeting,Book Study","Venue Info: Meeting on right side of church , up path ,through door then down steps on right
Bus Routes: 62 Border Buses
Travel Comment: Train station 30 mins from meeting , you will have to get 62 bus from Galashiels to Peebles 62 Bus goes from Efinburgh to Peebles Direct ...but stops early back to Edinburgh...check times first",,,Scotland,Narcotics Anonymous
1e92a4a8-00b5-5e49-9e1d-3b9dfa9cca87,The Best Is Yet To Come - Forfar,18:30,"1hr ",DD8 2EG,56.644218,-2.887355,East Old Parish Church,38-40 East High St,,Tuesday,False,True,False,True,Open to all,"Speaker,Share meeting",Venue Info: Side door to the left.,,,Scotland,Narcotics Anonymous
17258517-bfcf-5b6a-a2a9-74481d95d7d1,"Wednesday, We Do Recover Meeting",19:00,1hr 15mins,EH55 8SH,55.85956,-3.551542,"2, Polbeth Harwood Parish Church","Chapelton Terrace, Polbeth,West Calder,Polbeth",,Wednesday,False,True,False,False,Open to addicts only,"Speaker,Topic,Format Varies,Share meeting,Parking Available,Spiritual Principle A Day","Venue Info: Access door at west end of church, white door
The format is at the chair's discretion. We may change it from week to week depending on what we think the most appropriate thing is at the time. It may be a share or a reading from our literature.",,,Scotland,Narcotics Anonymous
4b9d5348-f447-5736-88f3-ec8a9761c876,Saturday Night Live,18:30,1hr 30mins,DD3 0HP,56.489991,-2.99457,"Small Hall, Downfield Mains Church","1 Haldane Street,Downfield,Dundee",,Saturday,False,True,False,True,Open to all on request,"Candlelight,Speaker,Share meeting",Venue Info: Use the side entrance to get into the small hall,Dundee and Area,East of Scotland,Scotland,Narcotics Anonymous
dd8770d5-9bf6-56d4-9415-d0b060bbc501,So Woke,13:00,"1hr ",KY16 9UY,56.339601,-2.799373,"Lounge, Chaplaincy - Mansefield Building","3 St Marys Place,Mansefield - University Of St Andrews,St Andrews",,Saturday,False,True,False,True,Open to all,"LGBT+,Just For Today Book Study","Venue Info: There should be a greeter at the door at 12:45. If you arrive after 1, there should be a blue door on the far right side of the building that should be open ajar and have the NA sign next to it.
This is a LGBT+ meeting but all are welcome.
Just do not be an egg.
Bus Routes: 99 from Dundee
Travel Comment: It is about a 5-10 minute walk to the St Andrew Bus Station.",Fife,East of Scotland,Scotland,Narcotics Anonymous
6ef8a812-0be9-5b35-9e50-04caaddcfc49,The Primary Purpose,18:45,1hr 15mins,KY12 7JE,56.071603,-3.456653,Holy Trinity Dunfermline - Scottish Episcopal Church,"East Port Street,Dunfermline",,Tuesday,False,False,False,False,Open to addicts only,"Candlelight,No pets,Share meeting,Parking Available","Venue Info: Entry door is at the side of the venue (Blue Door) on Viewfield Terrace. Doors open 18:30.
The Format of the Meeting 
Week 1- ESH
Week 2- Reading from the NA literature 
Week 3 - ESH
Week 4 - Reading from the NA literature
Travel Comment: Bus/Train Station are Both Well Located to Venue and are a 10 Minute Walk away.",Fife,East of Scotland,Scotland,Narcotics Anonymous
9f9b8ad1-92be-5e42-a4e8-be2638988c17,Coming Back To Life,11:00,"1hr ",G20 8LE,55.885067,-4.286347,Shakespeare Street Youth Club,"95 Shakespeare Street,Glasgow",,Wednesday,False,True,False,True,Open to all,"Speaker,Format Varies,Share meeting","Venue Info: Fully accessible including toilet
Bus Routes: 60,60a,17
Travel Comment: Near Maryhill Shopping centre, just off Maryhill Road",Glasgow North West,Glasgow,Scotland,Narcotics Anonymous
478a5fb0-1374-528b-9b9e-73e030fb12a3,When At The End Of The Road,19:00,"1hr ",G51 2YL,55.862834,-4.310786,"Upstairs, Govan & Linthouse Parish Church","796 Govan Road,Glasgow",,Tuesday,False,False,False,True,Open to all,Speaker,"Venue Info: opposite subway / bus station
Bus Routes: First bus 34, 90, Mcgills 23, 26, 121, Stagecoach x19",Glasgow North West,Glasgow,Scotland,Narcotics Anonymous
bc05f1b0-c5b5-5419-a837-142301a9b566,We Do Recover,18:30,"1hr ",IV12 4AA,57.582896,-3.868891,St Columbas Church Hall,3 Queen St,,Thursday,False,True,False,False,Open to addicts only,"Beginner/Newcomer,Literature Study,Speaker,Step,Format Varies,Parking Available","Venue Info: Small Church Hall with garden area and picnic bench outside. Doors open at 18.15.
1st Thursday of month- Step Meeting
2nd & 3rd- Literature
4th- Main Share",Inverness and District,Highland and Islands,Scotland,Narcotics Anonymous
f6f268dd-cfd2-530a-b412-bc34432a6a0d,The Home Of Jimmy K,19:00,"1hr ",PA1 2LS,55.843774,-4.43799,Paisley West Church,"King Street,Paisley",,Sunday,False,True,False,True,Open to all,"Discussion/Participation,Literature Study,Book Study",,Paisley and District,South West Scotland,Scotland,Narcotics Anonymous
3b168920-2991-57d9-b484-711c43ce2fae,A New Way To Live,19:00,"1hr ",EH48 1TR,55.901636,-3.645418,Recovery Service - West Lothian,"19B South Bridge Street,Bathgate",,Thursday,False,False,False,True,Open to all,"Just For Today Book Study,Speaker,Format Varies,Share meeting,Book Study","Venue Info: Down from the Council OfficeGo into the building, up the stairs, and the room is on the left hand side.",West Lothian,Scotland,Scotland,Narcotics Anonymous
9fe2b80d-e9d5-51e8-bd14-11bf5f81308d,St Davids,20:00,1hr 30mins,SA62 6SJ,51.881026,-5.266549,Tabernacle Presbyterian Church Of Wales,"4 Goat Street,St Davids",,Tuesday,False,True,False,False,Open to addicts only,"Beginner/Newcomer,Basic Text,Just For Today Book Study,Young People",Venue Info: Door on the right hand side of the church.,,,Wales,Narcotics Anonymous
76d0e02d-f94b-5f44-a37f-29fdd2404e5c,Living Clean,19:30,"1hr ",NP20 1LZ,51.584434,-2.995648,"Conference/Meeting Room Upstairs, Salvation Army Newport","1 Hill Street,Newport",,Wednesday,False,True,False,True,Open to all on request,Living Clean Study,Venue Info: Located next to the train station.,South East Wales,Wales and Borders,Wales,Narcotics Anonymous
6adbd3aa-7a40-5599-832c-42a93aa67393,Monmouth NA.,18:00,"1hr ",NP25 3NX,51.814165,-2.713469,"Upstairs Room, Monmouth Priory","Priory Street,Monmouth",,Saturday,False,False,False,False,Open to addicts only,"Just For Today Book Study,Format Varies,No pets,No children",Venue Info: Back of the priory building access via the churchyard.,Welsh Borders,Wales and Borders,Wales,Narcotics Anonymous
7af28fb9-d14a-5d61-bad4-7ef4bd164e6a,OA Meeting,18:30,,PL1 3HQ,50.369239,-4.157756,Hq Business Centre,"237 Union Str,Stonehouse,Plymouth",,Thursday,False,False,False,False,,,"Contact: Mel +44 7712 537687
Meeting Comment: Hybrid face-to-face/telephone meeting.For physical access to HQ Business Centre building, please call or text contact number. For Zoom access from the UK: Meeting ID: 883 0476 9961, Passcode: 5Uaz41 Zoom room opens 18.15.
Language: English",,,England,Overeaters Anonymous
dbcb7d21-4159-56f4-9437-f8c08d627568,OA Meeting,11:00,,BN3 3PB,50.831232,-0.166001,Vicarage Office,"All Saints Church, Wilbury Rd",,Sunday,False,False,False,True,,Writing,"Contact: Helen +44 7832 375953
Meeting Comment: This meeting only takes place on the 3rd Sunday of the month and is a Step Study Workshop. All are welcome at any time
Integroup Number: 09481
Integroup Name: South Coast IG
Integroup Phone: +447832375953",Brighton Area,South East,England,Overeaters Anonymous
3d9ecdd2-6b00-5a2c-88ef-c5a1642a3a6e,OA Meeting,10:30,,TS6 6PH,54.571125,-1.1526057,Middlesbrough,"Redcar Rd E,South Bank,Middlesbrough",,Monday,False,False,False,False,,"AA 12/12, Big Book","Contact: Amanda-Leigh +44 7341 860879
Meeting Comment: Abstinent members of OA are hosting this meeting every Monday; anyone is welcome, and visitors can be considered. Wk 1: main speaker; Wk 2: reading/sharing BB; Wk 3: reading/sharing OA 12/12; Wk 4: mediation/daily reader.
Language: English
Integroup Number: 09563
Integroup Name: North of England IG",Durham and Cleveland,North East,England,Overeaters Anonymous
e56c429f-2feb-53b5-afbb-eca7e809ea20,OA Meeting,18:00,,WD17 2BD,51.651425,-0.387655,Tesco Extra,"239-241 Lower High St,Community Space Rm,Watford",,Saturday,False,False,False,False,,"Newcomer, Tools","Contact: Maria +44 7745 068503
Language: English
Integroup Number: 09961
Integroup Name: OA Great Britain NSB",Lea Valley,Eastern,England,Overeaters Anonymous
3db132cc-b6ea-5dc7-80c4-7e0f4c737745,OA Meeting,18:00,,SW1X 0BD,51.496553,-0.162317,St Columba's Church Of Scotland,Pont St,,Tuesday,False,False,False,False,,"Newcomer, Speaker","Contact: Harry +44 7341 894094
Meeting Comment: Anyone with compulsive food behaviours is very welcome at our weekly meeting, especially newcomers and those returning from relapse. We meet in the room on the right after entering the building.
Language: English
Integroup Number: 09961
Integroup Name: OA Great Britain NSB",London Chelsea,London (North),England,Overeaters Anonymous
105cbf8e-fc8d-5eb7-a426-ed926c9d43c2,OA Meeting,18:00,,W6 0DT,51.496069,-0.232065,Hammersmith Quaker Meeting House,30 Bradmore Park Rd,,Monday,False,False,False,False,,Literature,"Contact: James +44 7544 179897
Meeting Comment: Anyone with compulsive food behaviours is very welcome at our weekly meeting, especially newcomers and those returning from relapse. We read and share about stories of experience, strength and hope from OA-approved literature.
Language: English
Integroup Number: 09961
Integroup Name: OA Great Britain NSB",London Westway,London (North),England,Overeaters Anonymous
1359f4bc-fb67-5d10-a2af-e9ff52efdf97,OA Meeting,19:30,,V95 WRW7,52.8517585,-8.9759935,St Josephs  Hall,"52 Kincora Park,Co Clare,Ennis,,Ireland",,Sunday,False,False,False,False,,Varies,"Contact: Grainne +353 85 860 0500
Language: English
Integroup Number: 09238
Integroup Name: Spirit of Hope IG
Integroup Phone: +353834339341",,,Republic of Ireland,Overeaters Anonymous
cc61f95d-fd29-559e-a130-ad000f2a7d9b,OA Meeting,19:00,,V94 NF8N,52.6576513,-8.6344881,Social Services Centre,"Henry Str,Limerick City,Opposite The Old Stand Pub,Limerick,,Ireland",,Wednesday,False,False,False,False,,,"Contact: Mandy R +353 86 833 2679
Meeting Comment: Enter by the door on the far right of the building. Knock on the window if the door is closed. Or, call the contact.
Language: English
Integroup Number: 09238
Integroup Name: Spirit of Hope IG
Integroup Phone: +353834339341",,,Republic of Ireland,Overeaters Anonymous
d12de6cb-aace-5337-afdd-c84eeccd054d,OA Meeting,11:00,,W91 E1RT,53.2181893,-6.66385,Naas Library- Hybrid Meeting,"North Main Str,Normally Rm 1,NAAS Kildare,,Ireland",,Saturday,False,False,False,False,,"Big Book, OA Steps and/or Traditions Study","Contact: Noeleen +353 87 465 2098
Meeting Comment: Our weekly OA Naas meeting continues every Saturday at 11 am in Naas Library. You are very welcome to join us either online or in person.
Language: English
Integroup Number: 09238
Integroup Name: Spirit of Hope IG
Integroup Phone: +353834339341",,,Republic of Ireland,Overeaters Anonymous
8790b424-6f29-5888-974a-59e595c9f1a9,OA Meeting,09:45,,,52.2543417,-7.1142845,Edmund Rice Youth And Community Complex,"Manor Str,Floor 3,Waterford City,R680,Ireland",,Saturday,False,False,False,False,,,"Contact: Denise +353 87 628 8031
Language: English
Integroup Number: 09561
Integroup Name: Cork IG
Integroup Phone: +353863526467",,,Republic of Ireland,Overeaters Anonymous
ef4d4e2e-dbf0-5e11-ac10-290c6321601d,OA Meeting,20:00,,Y35 H9T4,52.3347265,-6.4629964,"Community Mental Health Centre,","22 Carrigeen Str,Summerhill,Wexford,,Ireland",,Monday,False,False,False,False,,,"Contact: Pamela +353 86 076 1042
Language: English
Integroup Number: 09238
Integroup Name: Spirit of Hope IG
Integroup Phone: +353834339341",,,Republic of Ireland,Overeaters Anonymous
2365f8ff-bfdf-583a-8149-6d92821dd4a6,OA Meeting,11:00,,P25 YC64,51.9114255,-8.1736311,The Midleton Hub,"Bailick Rd,Coolbawn,Midleton,,Co Cork Midleton,,Ireland",,Sunday,False,False,False,False,,,"Contact: Aileen +353 87 247 4355
Meeting Comment: Beside Midleton Motor Store & near Chadwicks
Language: English
Integroup Number: 09561
Integroup Name: Cork IG
Integroup Phone: +353863526467",Cork,Republic of Ireland,Republic of Ireland,Overeaters Anonymous
b65ad6f7-6901-557c-a740-0b594766cfd2,OA Meeting,19:30,,,51.9138463,-8.4313152,Newbury House,"Old Youghal Rd,,Cork City,Ireland",,Monday,False,False,False,False,,,"Contact: Karen +353 87 938 1701
Language: English",Cork,Republic of Ireland,Republic of Ireland,Overeaters Anonymous
c9b63d73-02a9-5c1a-b8cf-9994bddd60b4,OA Meeting,18:30,,T23 C3FW,51.9138189,-8.431328,Newbury House,"Old Youghal Rd,,Cork City,,Ireland",,Wednesday,False,False,False,False,,,"Contact: Karen +353 87 938 1701
Meeting Comment: Mayfield- Meeting is meeting face-to-face.
Language: English",Cork,Republic of Ireland,Republic of Ireland,Overeaters Anonymous
d9f338a5-4381-58b0-b16a-fb713bb36da3,OA Meeting,18:30,,T23 C3FW,51.9138189,-8.431328,Newbury House,"Old Youghal Rd,Mayfield,Cork City,,Ireland",,Thursday,False,False,False,False,,,"Contact: Deborah +353 85 754 4333
Meeting Comment: Mayfield Meetings are going ahead face to face.
Language: English",Cork,Republic of Ireland,Republic of Ireland,Overeaters Anonymous
be26967c-3bde-5743-8d7d-ae6efbe7da4b,OA Meeting,11:00,,T23 Y3K7,51.9075212,-8.4589305,Newbury House,"Old Youghal Rd,,Cork City,,Ireland",,Saturday,False,False,False,False,,OA Steps and/or Traditions Study,"Contact: Karen +353 87 938 1701
Language: English
Integroup Number: 09561
Integroup Name: Cork IG
Integroup Phone: +353863526467",Cork,Republic of Ireland,Republic of Ireland,Overeaters Anonymous
a0369fc3-c8e6-50df-a34b-53e3a085c847,OA Meeting,19:30,,D01 R290,53.3497619,-6.2694819,Outhouse,"LGBT,Community Resource Ctr,105 Capel Street,Dublin City,Dublin 1",,Monday,False,False,False,True,,,"Contact: James +353 89 237 4090
Language: English
Integroup Number: 09238
Integroup Name: Spirit of Hope IG
Integroup Phone: +353834339341",Dublin,Republic of Ireland,Republic of Ireland,Overeaters Anonymous
75206b97-a7b2-587c-8545-aad29bdc2430,OA Meeting,20:00,,D15 AXF3,53.3847052,-6.3766257,St Brigid’S Centre,"Church Ave,Behind St Brigid’S Church,Dublin,,Ireland",,Tuesday,False,False,False,False,,Big Book,"Contact: Eamonn +353 87 269 3543
Language: English
Integroup Number: 09238
Integroup Name: Spirit of Hope IG
Integroup Phone: +353834339341",Dublin,Republic of Ireland,Republic of Ireland,Overeaters Anonymous
9b5a43f3-8613-55cd-8038-c8b6b15e12aa,OA Meeting,19:00,,D16 YV04,53.2820621,-6.3212136,Rutland Centre,"Knocklyon Rd,Knocklyon,Dublin,,Ireland",,Thursday,False,False,False,False,,Varies,"Contact: Susan +353 86 603 9891
Meeting Comment: The meeting is held in the Morrin Room, in the garden of the Rutland Centre. We do Step, Tradition, Speaker, BB and if there is a 5th meeting in the month we read from OA literature.  All welcome!
Language: English
Integroup Number: 09238
Integroup Name: Spirit of Hope IG
Integroup Phone: +353834339341",Dublin,Republic of Ireland,Republic of Ireland,Overeaters Anonymous
7c65baf6-5021-532f-b7da-958c98d83a7e,OA Meeting,11:30,,D24 YY0H,53.2762621,-6.3410317,Firhouse Community & Leisure Club,"Ballycullen Dr,,Dublin (Tallaght Firhouse),,Ireland",,Tuesday,False,False,False,False,,,"Contact: Barbara +353 86 151 6461
Meeting Comment: Near the Scout Den
Language: English
Integroup Number: 09238
Integroup Name: Spirit of Hope IG
Integroup Phone: +353834339341",Dublin,Republic of Ireland,Republic of Ireland,Overeaters Anonymous
90cea325-9dcc-529d-8a9e-bfd0ea3ddaf3,OA Meeting,19:30,,,53.2769878,-9.054338,Galway Rowing Club,"Waterside Wood Quay,,Galway,Ireland",,Wednesday,False,False,False,True,,,"Contact: Mary +353 86 400 6292
Language: English
Integroup Number: 09238
Integroup Name: Spirit of Hope IG
Integroup Phone: +353834339341",Galway,Republic of Ireland,Republic of Ireland,Overeaters Anonymous
41edf91f-7f87-5fae-bc68-e93888ef05d2,OA Meeting,19:00,,DD3 6XY,56.467859,-2.996085,"**St Mary's Friary Diocescan Centre & Convent- No Meeting May 19-23, 2025","24-28 Lawside Rd,,Dundee,,Scotland",,Tuesday,False,False,False,True,,,"Contact: Richard +44 7421 126229
Meeting Comment: Park along the road and walk up to the top driveway. Then, go around the back of the wall by the black fence. Continue down the corridor and through the door. Take a left and then a right to reach the meeting room. Follow the signs to the creche.
Language: English
Integroup Number: 09639
Integroup Name: Alba IG
Integroup Phone: +447505706441",Dundee and Area,East of Scotland,Scotland,Overeaters Anonymous
c4d56762-d06d-599a-b9a8-6f94168ebcfb,OA Meeting,19:30,,IV30 4JT,57.659241,-3.318925,Location,"13 Spynie Place,Bishopmill,Elgin,,Scotland",,Friday,False,False,False,False,,Big Book,"Contact: Toni +44 7981 800229
Meeting Comment: Join the ranks of those who have recovered.
Language: English",Moray and District,Highland and Islands,Scotland,Overeaters Anonymous
f6d2a348-c668-5bb1-8ae4-40d220e50fe5,OA Meeting,19:00,,CF33 4NE,51.523974,-3.70221,North Cornelly Methodist Church,"5-7 Heol Fach,North Cornelly,Bridgend,,Wales",,Monday,False,False,False,False,,Literature,"Contact: Helen +44 7798 747860
Meeting Comment: The meeting is open to anyone who wishes to stop eating compulsively.
Language: English
Integroup Number: 09673
Integroup Name: Red Dragon (North Wales) IG
Integroup Phone: +447595584790",Swansea and District,Wales and Borders,Wales,Overeaters Anonymous
