Guid,Title,Time,Duration,Postcode,Latitude,Longitude,Venue,Address,What3Words,Day,Hearing,Wheelchair,Chit,Open,OpenFormat,Format,Note,Region,Area,Country,Type
d35a74a8-ecc9-51ae-8922-5bfb64b385d0,Acton Oak Tree Beginners As Bill Sees It,19:30,"1hr ",W3 9NX,51.508006,-0.273365,Oak Tree Anglican Fellowship,216 High St,,Tuesday,False,True,False,True,Open,,,,,England,Alcoholics Anonymous
fcf5612e-4198-5d3e-a180-89e88b023551,Alton,20:00,1hr 15mins,GU34 1LG,51.146949,-0.977418,Alton Methodist Church,Drayman's Way,,Tuesday,False,True,False,True,Open,,Entrance to Methodist Church is opposite Wetherspoons,,,England,Alcoholics Anonymous
d59469fd-e47b-57fb-99ed-20db4f4c4cbc,Barnes,20:00,1hr 30mins,SW13 9HJ,51.475356,-0.243301,Kitson Hall,Kitson Rd,,Sunday,False,True,False,True,Open,,,,,England,Alcoholics Anonymous
56043294-c17c-5327-abf0-da4d26b9148e,Bournemouth Big Book Step,19:00,"1hr ",BH1 1BZ,50.721115,-1.877715,Bournemouth Oratory,1 Albert Road (Entrance Via Richmond Hill),,Friday,False,True,False,False,,,,,,England,Alcoholics Anonymous
27db2373-ab1a-5154-bb01-97493a4e6887,Brackley Daily Reflections,19:00,"1hr ",NN13 7DW,52.029642,-1.146331,Old Fire Station Community Rm,37 High St,,Tuesday,False,True,False,True,Open,,,,,England,Alcoholics Anonymous
5a227138-ee69-595c-9e44-eb2f8e732853,Chepstow Living Sober,10:00,"1hr ",NP16 7AG,51.639045,-2.659409,Sedbury Space Community Hub,"11 King Alfred's Rd, Sedbury",,Saturday,False,True,False,True,Open,,,,,England,Alcoholics Anonymous
004fd114-cafe-5d6c-8459-ca80c12f1310,Daventry Just For Today,11:00,"1hr ",NN11 4BZ,52.255047,-1.161673,St Augustine Rc Church,32 London Rd,,Saturday,False,True,False,True,Open,,,,,England,Alcoholics Anonymous
de9275ee-d7c8-5b9d-a037-da9a9eca3ed5,Daventry Just For Today Hybrid,19:30,"1hr ",NN11 4BZ,52.255047,-1.161673,St Augustine Rc Church,32 London Rd,,Wednesday,False,False,False,True,Open,,Meeting also held on Zoom ID: 8644437460 Passcode: JFT Email: nortonwednesday@gmail.com,,,England,Alcoholics Anonymous
7a683a7a-c71d-5df6-b6a8-e4dcd5473da9,Daventry Share,19:30,"1hr ",NN11 4BZ,52.255047,-1.161673,St Augustine Rc Church,32 London Rd,,Thursday,False,False,True,True,Open,,,,,England,Alcoholics Anonymous
a997bb5b-5b99-57ff-811b-a800a1dc9771,Denby Dale Rule 62 Big Book Study,19:30,1hr 30mins,HD8 8RX,53.573607,-1.6531,Denby Dale Community Library,"Wakefield Road, Denby Dale",,Sunday,True,True,True,True,Open,,,,,England,Alcoholics Anonymous
bf79ac97-6660-5818-ad2f-e31ab10ff227,Didcot Midweek Recovery,19:15,1hr 30mins,OX11 8TP,51.604264,-1.229258,Fleet Meadow Community Hall,Sandringham Rd,,Wednesday,False,True,False,False,,,,,,England,Alcoholics Anonymous
7e0cf237-88f4-5635-9722-2dd1fe6ae650,Dover Big Book Study,19:30,1hr 15mins,CT16 1PF,51.126138,1.314205,The Beehive,Stembrook St,,Monday,False,True,False,False,,,,,,England,Alcoholics Anonymous
992fa9e7-23b1-546e-9d7d-7c57687b9d0f,East Finchley,20:00,1hr 30mins,N2 0TH,51.591788,-0.174814,Holy Trinity Church,77 Church Lane,,Friday,False,False,False,True,Open,,,,,England,Alcoholics Anonymous
14214a33-4f43-5af7-8c61-efbd517c8072,Farnham Lunchtime Discussion,11:15,"1hr ",GU9 7QU,51.214617,-0.796594,Studio Room,"The Spire Church, South St",,Tuesday,False,True,False,True,Open,,1st Tues each month Step mtg.,,,England,Alcoholics Anonymous
ff808418-0817-53c6-ae4b-36ad449a951c,Harrow As Bill Sees It,12:30,"1hr ",HA3 5EE,51.601392,-0.338745,Salvatorian Provincial Office,191 High St,,Thursday,False,True,False,False,,,,,,England,Alcoholics Anonymous
8f4a9a8d-3472-5078-980a-fce7136af3ba,Harrow Big Book,12:30,"1hr ",HA3 5EE,51.601392,-0.338745,Salvatorian Provincial Office,191 High St,,Wednesday,False,False,False,False,,,,,,England,Alcoholics Anonymous
83f1036f-b8cf-563c-acd0-939b80e58924,Helston,19:30,"1hr ",TR13 8ST,50.101134,-5.27441,The Guildhall,Market Pl,,Wednesday,False,False,False,False,,,Meeting is on the ground floor and entrance is via front blue doors.,,,England,Alcoholics Anonymous
c64366d6-1a4b-570b-9279-387a0a6ed930,Hindhead Discussion,20:00,1hr 15mins,GU26 6RB,51.123824,-0.743111,St Alban's Church,"Tilford Rd, Beacon Hill",,Tuesday,False,False,False,True,Open,,,,,England,Alcoholics Anonymous
f4982189-504f-5cd0-97da-f09cdf9b8ab9,Isle Of Dogs One Day At A Time,19:30,1hr 30mins,E14 3DR,51.489543,-0.006866,Christ Church,"151 Manchester Rd, Island Gardens",,Monday,False,True,False,True,Open,,,,,England,Alcoholics Anonymous
1612c75a-db65-515c-acba-6e776381205e,Kentish Town Newcomers,18:30,"1hr ",NW5 2XT,51.551624,-0.137177,Our Lady Of Help Church,4 Lady Margaret Rd,,Wednesday,False,True,True,True,Open,,Entrance to the Hall in Falkland Rd,,,England,Alcoholics Anonymous
5283aebc-1acf-57d0-abbc-9979f9c3a80d,Kingsbury As Bill Sees It,20:00,1hr 30mins,NW9 8YB,51.580592,-0.266755,Kingsbury Free Baptist Church,Slough Ln,,Monday,False,False,True,True,Open,,,,,England,Alcoholics Anonymous
6d9c7a71-43e4-5603-b389-7aeb935a6d3b,Knightsbridge Kinnerton St,19:00,"1hr ",SW1X 8ED,51.501335,-0.157092,St Paul's Church Hall,77-79 Kinnerton St,,Wednesday,False,False,False,True,Open,,,,,England,Alcoholics Anonymous
e990d3b6-9fa9-59cd-a5c6-f3a861834e56,Liverpool,20:00,1hr 30mins,L17 9PG,53.376904,-2.945521,St Charles Church,Aigburth Rd,,Saturday,False,True,False,True,Open,,,,,England,Alcoholics Anonymous
8ae06b38-771c-55d7-bf6f-305e307412d0,Margate Chair/Big Book Study,19:30,1hr 30mins,CT9 1LN,51.383642,1.384608,St Johns Community Centre,"St Johns Church, Victoria Rd",,Friday,False,True,False,False,,,,,,England,Alcoholics Anonymous
f4d673ef-041c-549f-801d-de92059046b5,Market Harborough Women In Sobriety Big Book Study Hybrid,12:00,1hr 30mins,LE16 7JD,52.481151,-0.922196,Market Harborough Congregational Church,Bowden Ln,,Saturday,True,True,True,True,Open,,"Car parking can be found to the rear of the church and it is pay and display. Enter the meeting through the glass doors to the Bowden entrance, the meeting can be found on the ground floor in the lounge room.  Zoom meeting link: https://us06web.zoom.us/j/4908225190?pwd=MUNhSjk4akVVZitwMzU0NVBNRlhmdz09",,,England,Alcoholics Anonymous
a918a539-d830-552c-b017-e441c7b44a09,Mayfair Hybrid,20:00,1hr 30mins,W1K 2PA,51.509058,-0.151222,Grosvenor Chapel,24 South Audley St (Right-Hand Side Entrance),,Friday,False,False,False,True,Open,,https://us02web.zoom.us/j/85769418347?pwd=VVJQQWhkRTA3RDBjZFhJKzRBdFBjQT09  Zoom Meeting ID: 857 6941 8347 Passcode: 297547,,,England,Alcoholics Anonymous
b943fc75-8a7f-5132-88a0-6302a90db104,Midsomer Norton,19:30,1hr 15mins,BA3 2DP,51.286193,-2.482407,The Hub,High St (Sainsbury's Car Park),,Tuesday,False,True,False,True,Open,,,,,England,Alcoholics Anonymous
2b0088c6-086d-5de6-8788-d28288869bf2,Midsomer Norton Big Book Study,11:00,"1hr ",BA3 2DP,51.286193,-2.482407,The Hub,High St (Sainsbury's Car Park),,Saturday,False,True,False,True,Open,,,,,England,Alcoholics Anonymous
28e649b9-3d66-5d05-a3bb-a96b3e1848e4,Newton Leys Life Starts Here,20:00,"1hr ",MK3 5SP,51.9782765,-0.7339245,Newton Leys Pavilion,"Furzey Way, Newton Leys",,Tuesday,False,True,False,False,,,,,,England,Alcoholics Anonymous
2bf2e488-ef0c-5a76-b77e-433bddef8ee9,Ockley Discussion,19:45,1hr 15mins,RH5 5SY,51.152111,-0.358387,Ockley Village Hall,Stane St (A29),,Sunday,False,True,False,True,Open,,,,,England,Alcoholics Anonymous
5b66157d-7888-5e44-a063-b3f7be917d58,Paignton Sober Saturday,19:00,"1hr ",TQ3 3DZ,50.436177,-3.568926,Coverdale Centre,"Paignton Parish Church, 1A Church Path",,Saturday,False,False,False,False,,,,,,England,Alcoholics Anonymous
e42086ab-e524-51f4-9b83-4e733fb4507f,Peterborough Nadzieja Polish Spoken,18:00,"1hr ",PE4 7XB,52.608322,-0.243811,Paston Farm Complex,Freston,,Saturday,False,True,False,True,Open,,Polish speaking but we can accommodate English speaking in need.  COVID-19 secure. Social distancing in place.,,,England,Alcoholics Anonymous
cd9380e8-5454-5e80-a2c8-7149fdb46f47,Polesworth Big Book (Every Other Week),20:00,1hr 30mins,B78 1DU,52.620138,-1.612629,Polesworth Abbey,High St,,Thursday,False,False,False,True,Open,,Meeting held on every other Thursday ONLY.  Starting 30th January 2025 and thereafter every other week.,,,England,Alcoholics Anonymous
5f7b80e8-fb2f-50f5-81e2-e1db48262856,Portslade 999,19:30,1hr 30mins,BN3 7HY,50.842041,-0.189766,The Parish Centre,"South St, Portslade",,Tuesday,False,True,False,False,,,,,,England,Alcoholics Anonymous
3c16bbf7-d1a6-592b-bd8b-21a659ea1bb8,Redhill & Reigate East Surrey Hospital,20:00,1hr 30mins,RH1 5RH,51.219194,-0.162009,East Surrey Hospital,"Therapies Reception, (Opp Bletchingley, Ward), Three Arch Rd, Currently Held On Zoom 9/3/22",,Wednesday,False,True,False,True,Open,,,,,England,Alcoholics Anonymous
990727a9-98fa-50cc-a2bd-ed11c1a7430e,Reigate,20:00,1hr 30mins,RH2 7LR,51.225571,-0.196274,Reigate Baptist Church,"Sycamore Walk, Off Hornbeam Rd,, Woodhatch",,Thursday,False,True,False,False,,,,,,England,Alcoholics Anonymous
3701b0ea-f2f2-5a48-9508-3c3c0da2cd95,Retford Primary Purpose,19:30,1hr 30mins,DN22 6QW,53.327553,-0.934186,St Saviours Church Community Centre,Welham Rd,,Monday,False,True,False,True,Open,,,,,England,Alcoholics Anonymous
0fc50455-f93f-5679-af67-bb5adf31afe3,Salisbury Big Book Study,19:30,1hr 30mins,SP2 7RG,51.068999,-1.798819,United Reformed Church,30 Fisherton St,,Friday,False,True,False,False,,,,,,England,Alcoholics Anonymous
f20f128c-b6f1-5dd3-8a38-e892ddaf5dc8,Seaham Literature,18:30,"1hr ",SR7 7PR,54.82211,-1.327684,,"1A Lighthouse View, First Floor, East Wing, Spectrum Business Pk",,Sunday,False,True,False,True,Open,,,,,England,Alcoholics Anonymous
a5d810c8-0ab0-5df8-b4c4-914ad00f08ba,Sober In Selston,19:30,"1hr ",NG16 6DJ,53.070869,-1.316755,The Old Council Offices,"Alfreton Rd, Selston",,Thursday,False,False,False,False,,,,,,England,Alcoholics Anonymous
9ab3d968-0d3d-5210-abdb-3b85d89068e2,Staines Big Book Step,19:30,1hr 30mins,TW18 4ZB,51.435822,-0.518405,St Marys Church,Church St/Vicarage Rd,,Thursday,False,True,False,True,Open,,,,,England,Alcoholics Anonymous
2d74c5c7-9c1b-5d6f-ba1f-82a9b6ed1e46,Staines Morning As Bill Sees It,11:15,1hr 30mins,TW18 4ZB,51.435822,-0.518405,St Marys Church,Church St/Vicarage Rd,,Saturday,False,True,False,True,Open,,,,,England,Alcoholics Anonymous
03a1ceb3-ff73-50b9-80dc-efb72a379281,Sunderland Lifeboat Multi-Group,19:30,1hr 30mins,SR3 3TE,54.872075,-1.444833,Middle Herrington Methodist Church,Crow Lane,,Sunday,False,True,True,True,Open,,Chit system available.,,,England,Alcoholics Anonymous
7ddf97ee-a16c-551d-a25f-97f4d0abb9c4,Sunderland Lifeboat Multi-Mtg 12X12 Study,19:30,1hr 30mins,SR2 7QY,54.893725,-1.399695,St Nicholas Church,Dunelm South,,Tuesday,False,True,True,True,Open,,Chit system available.,,,England,Alcoholics Anonymous
a5d46f2a-5509-5a76-81fd-60b2ea55a949,Sunderland Lifeboat Multi-Mtg Big Book Study,19:30,1hr 30mins,SR2 7QY,54.893725,-1.399695,St Nicholas Church,Dunelm South,,Wednesday,False,True,True,True,Open,,Chit system available.,,,England,Alcoholics Anonymous
baa9ed9b-fc92-59dc-9a85-5e5aa869b890,Torquay Babbacombe Lunchtime Keep It Simple,12:30,1hr 30mins,TQ1 3QT,50.477034,-3.517523,The Church Hall Of All Saints Church,"Cary Ave, Babbacombe",,Monday,False,True,False,True,Open,,,,,England,Alcoholics Anonymous
eea78f17-ff60-53c3-83ce-ed6a85e269b2,Welwyn Garden City There Is A Solution - Big Book Rading & Sharing,19:30,1hr 15mins,AL7 4JS,51.78556,-0.195116,Skylight Room,"St Mary Magdalene Church, Hollybush Lane",,Tuesday,False,False,False,False,,,,,,England,Alcoholics Anonymous
638f6d4c-bcdc-5846-b4d0-b89cf71e9e6f,West Molesey As Bill See's It,12:45,1hr 15mins,KT8 2QF,51.402619,-0.371758,St Peters Church Hall,"518 Walton Rd, West Molesey",,Thursday,False,True,False,True,Open,,,,,England,Alcoholics Anonymous
c6870fc1-7e57-5974-b13f-9e6707bee023,Whaley Bridge,20:00,1hr 30mins,SK23 7HX,53.324748,-1.985397,Holy Trinity Church,Buxton Rd,,Saturday,False,True,False,True,Open,,,,,England,Alcoholics Anonymous
005dedba-edb4-5462-b3d1-083eb191b62c,Whitley Bay Womens,09:30,1hr 30mins,NE26 2LY,55.041465,-1.440614,The Big Local,158 Whitley Rd,,Sunday,False,True,False,False,,,,,,England,Alcoholics Anonymous
f22149c4-f892-53c9-a7b1-b444dd7997e2,Wimborne,19:00,1hr 15mins,BH21 1LT,50.80135,-1.988709,Committee Rm,"Wimborne Minster Town Hall, 37 Westborough",,Saturday,False,True,True,True,Open,,Chit system available.,,,England,Alcoholics Anonymous
63beb132-0039-5dc6-ad63-dcabb0aa0125,Worthing Step One Newcomers,12:00,1hr 30mins,BN11 3DN,50.8109,-0.369156,St Clare's Community Hub,6-8 Marine Place,,Saturday,False,True,False,True,Open,,,,,England,Alcoholics Anonymous
fcb4bd19-3bdb-54ee-9b83-83c5af376d4a,Birmingham English/Punjabi,20:00,1hr 30mins,B21 0NA,52.505288,-1.942258,Oaklands Community Centre,"1 Oakland Rd, Handsworth",,Thursday,False,True,False,True,Open,,,Birmingham,Midlands,England,Alcoholics Anonymous
a379a6b0-a333-597f-a8aa-6cf44277ec9f,Birmingham Jednosc Polish Speaking,12:00,"2hr ",B27 6HG,52.451343,-1.818717,Acocks Green Baptist Church,39 Yardley Rd,,Sunday,False,False,True,True,Open,,,Birmingham,Midlands,England,Alcoholics Anonymous
5a16f443-8e7c-5760-8bf3-57cf05a3f67f,Cradley Heath,19:30,1hr 30mins,B64 5JG,52.476676,-2.073601,Cradley Heath Community Centre,Reddal Hill Rd,,Wednesday,False,True,True,True,Open,,Chit system available.,Black Country,Midlands,England,Alcoholics Anonymous
30e97f4a-a230-51ea-ab44-0163466c4006,Kidderminster Early Stages Of Recovery,19:30,1hr 30mins,DY11 5XA,52.41188,-2.252835,St John The Baptist Church,"Church Walk, Wolverley",,Wednesday,False,True,False,True,Open,,Limited to 28 people.,Black Country,Midlands,England,Alcoholics Anonymous
34a21038-d566-5d53-ab61-2702cb83a564,Lye Atlantic House,12:30,1hr 30mins,DY9 8BQ,52.463514,-2.115167,Atlantic House,Dudley Rd,,Monday,False,True,True,True,Open,,Chit system available. No mtgs held on Bank Holidays.,Black Country,Midlands,England,Alcoholics Anonymous
dcb9279a-b42a-52c7-9238-01416dc9e166,Pomocna Dlon (Polish Speaking),14:00,"2hr ",WV10 6DQ,52.608866,-2.131548,,265 Stafford Rd,,Sunday,False,False,False,True,Open,,,Black Country,Midlands,England,Alcoholics Anonymous
42fc8a70-48bb-5e39-ab09-5da089ef0471,Tipton Women,11:00,1hr 30mins,DY4 9BP,52.530275,-2.066948,St Paul's Community Centre,Brick Kiln St,,Thursday,False,True,True,False,,,,Black Country,Midlands,England,Alcoholics Anonymous
4d158b28-4b71-5bf9-b602-6e3f7e970d1e,Blackpool Hope In The Harbour,19:30,1hr 15mins,FY4 4FE,53.800395,-2.989624,The Harbour Nhs Site,Preston New Rd,,Tuesday,False,True,False,False,,,,"Blackpool, Fylde and Wyre",North West,England,Alcoholics Anonymous
e2b87911-40a3-5910-b0ec-6d1a15febf08,Lytham St Annes Living Sober,20:00,"1hr ",FY8 2EA,53.757567,-3.02587,Parish Rooms,2A Oxford Rd,,Thursday,False,True,False,False,,,,"Blackpool, Fylde and Wyre",North West,England,Alcoholics Anonymous
8a85b2fc-7272-5710-b417-e72a4200a62f,Bournemouth 12 Step Study,19:45,1hr 15mins,BH6 3HT,50.727812,-1.796636,New Church,"Tucton Rd, Southbourne",,Tuesday,False,True,False,False,,,,Bournemouth District,South West,England,Alcoholics Anonymous
a2be377b-f926-57d0-8ff8-37171bf10a45,Bournemouth Big Book Study,12:30,1hr 15mins,BH1 4HS,50.728251,-1.8421,Boscombe Baptist Church,26 Palmerstone Rd,,Friday,False,True,False,False,,,,Bournemouth District,South West,England,Alcoholics Anonymous
d1ecafc0-906f-5284-b86c-ca4b7268fe75,Bournemouth Living Sober On Monday,12:30,1hr 15mins,BH1 4HS,50.728251,-1.8421,Boscombe Baptist Church,26 Palmerstone Rd,,Monday,False,True,False,True,Open,,Regrettably No Dogs.,Bournemouth District,South West,England,Alcoholics Anonymous
597f097b-86e6-5ba1-8bc9-3e416f7fa5c1,Southbourne General Share,19:45,1hr 15mins,BH6 3HT,50.727812,-1.796636,New Church,"Tucton Rd, Southbourne",,Thursday,False,True,False,False,,,,Bournemouth District,South West,England,Alcoholics Anonymous
149064f9-c744-58c7-a385-25d6c1693daf,Brighton Big Book Study Step,18:30,"1hr ",BN1 1EA,50.822634,-0.13946,Chapel Royal,164 North St,,Wednesday,False,False,False,False,,,,Brighton Area,South East,England,Alcoholics Anonymous
f7cb2b6a-a0c9-50f3-9ef6-2de38e27b8c5,Brighton Mary Magdalene,18:30,1hr 15mins,BN1 3FH,50.825342,-0.148384,St Mary Magdalen's Church Hall,55 Upper North St,,Saturday,False,True,False,True,Open,,,Brighton Area,South East,England,Alcoholics Anonymous
61bbc90e-20a7-5538-8676-0a47a5eef414,Brighton Women Step & Just For Today,10:00,1hr 30mins,BN2 1ED,50.818723,-0.121586,The Crypt,"St Georges Church, St Georges Rd, Kemptown",,Friday,False,False,True,True,Open,,Chit system available.,Brighton Area,South East,England,Alcoholics Anonymous
8c840615-b959-590c-8923-22d7903044c2,Brighton Women's Steps & Traditions,10:00,"1hr ",BN1 1YD,50.825952,-0.14055,Brighthelm Centre (Roof Room),North Rd,,Monday,False,True,False,True,Open,,,Brighton Area,South East,England,Alcoholics Anonymous
d61c7c37-1320-5d9f-befa-66650a0bddd5,Hove Odaat Always A Newcomer,19:30,1hr 30mins,BN3 2FL,50.82696,-0.165955,Cornerstone Community Centre,"St John's Church, Corner Of, 1St Avenue & Church Rd, (Off Palmeira Sq)",,Friday,False,False,False,False,,,https://us02web.zoom.us/j/898955954444 Meeting ID: 898 9559 5444,Brighton Area,South East,England,Alcoholics Anonymous
c11d34b1-d6bf-5182-8f72-3b630e9fef87,Hove Odaat Newcomers,18:00,"1hr ",BN3 2FL,50.82696,-0.165955,Cornerstone Community Centre,"St John's Church, Corner Of, 1St Avenue & Church Rd, (Off Palmeira Sq)",,Friday,False,True,True,True,Open,,Join Zoom Meeting https://us02web.zoom.us/j/89895595444 Meeting ID: 898 9559 5444,Brighton Area,South East,England,Alcoholics Anonymous
1c11d3a5-e749-5bf0-8990-27e6f786cfcd,Southwick Step & Tradition,08:30,"1hr ",BN42 4TE,50.834498,-0.233927,Southwick Community Association,24 Southwick St,,Sunday,False,False,False,False,,,,Brighton Area,South East,England,Alcoholics Anonymous
7debdab9-77d0-5958-8895-8ce89c6f673e,Bristol Downend,20:00,"1hr ",BS16 5RA,51.486996,-2.503478,Downend Baptist Church,"4 Salisbury Rd, Downend",,Monday,True,True,False,True,Open,,,Bristol and District,South Midlands,England,Alcoholics Anonymous
adc12465-bf6a-526f-afce-d91135b88c7d,Bristol Keystone Steps,19:00,"1hr ",BS1 3NZ,51.458687,-2.593009,St James Priory,1 Whitson St,,Thursday,False,False,False,True,Open,,,Bristol and District,South Midlands,England,Alcoholics Anonymous
eb8d4244-08f5-5f4a-8c50-a505053e3148,Bristol Made A Decision,19:00,"1hr ",BS16 3QG,51.474156,-2.530031,St John's Church Hall,Lodge Causeway,,Friday,False,True,False,True,Open,,,Bristol and District,South Midlands,England,Alcoholics Anonymous
fe8c5a35-961f-52ca-ab9c-330fd974e46e,Bristol Mens - The Dog House,18:00,"1hr ",BS8 1NU,51.458581,-2.608394,Victoria Methodist Church,1A Whiteladies Rd,,Monday,False,True,False,True,Open,,This is a Men`s Meeting but all are welcome as per Tradition 3,Bristol and District,South Midlands,England,Alcoholics Anonymous
a5dd95d2-59fd-53f7-9a7d-b35fcc97e7ca,Bristol The Park,13:00,"1hr ",BS4 1DQ,51.430538,-2.581352,The Park Centre,Daventry Rd,,Thursday,False,True,False,True,Open,,,Bristol and District,South Midlands,England,Alcoholics Anonymous
f0300402-07b2-5247-8a0f-ac071a5bbde9,Bristol Warmley,19:00,"1hr ",BS30 8XN,51.455029,-2.476212,,"130 Tower Road North, Warmley",,Thursday,False,False,False,True,Open,,,Bristol and District,South Midlands,England,Alcoholics Anonymous
551cc1eb-a596-580a-9a14-4fea9be4e999,Lodge Causeway,15:00,"1hr ",BS16 3QG,51.474156,-2.530031,St John's Church Hall,Lodge Causeway,,Sunday,True,True,False,True,Open,,,Bristol and District,South Midlands,England,Alcoholics Anonymous
d45bbcef-f2a3-5a07-aac4-1a49db5b61f5,Newcomers Feelings,19:00,"1hr ",BS8 1LL,51.457371,-2.612568,University Catholic Chaplaincy,"103 Queens Rd, Clifton",,Saturday,False,False,False,False,,,,Bristol and District,South Midlands,England,Alcoholics Anonymous
4cb8d190-27d0-5695-b897-4394e7b7c5e5,Newcomers Speaker,20:00,"1hr ",BS8 1LL,51.457371,-2.612568,University Catholic Chaplaincy,"103 Queens Rd, Clifton",,Monday,False,False,False,True,Open,,Open speaker meeting.,Bristol and District,South Midlands,England,Alcoholics Anonymous
ff929493-f7b6-5618-81f8-d76fee77a520,Newcomers Step And Tradition,19:30,"1hr ",BS8 1LL,51.457371,-2.612568,University Catholic Chaplaincy,"103 Queens Rd, Clifton",,Wednesday,False,False,False,False,,,Email: Newcomers.clifton@gmail.com,Bristol and District,South Midlands,England,Alcoholics Anonymous
d44161e8-ee40-532f-98c2-5f7cf2eda3ee,Alderley Edge The Big Book Comes Alive Workshop,19:00,1hr 30mins,SK9 7NS,53.303252,-2.234033,St Pius Parish Room,Stamford Rd,,Wednesday,False,True,False,True,Open,,,Cheshire East,North West,England,Alcoholics Anonymous
3c54bfc2-0521-5161-b298-0084286f9aa3,Altrincham Come & Stay,11:30,1hr 30mins,WA14 4NX,53.38868,-2.352024,Unitarian Chapel,"Small School Room, Sylvan Grove",,Friday,False,False,False,True,Open,,,Cheshire East,North West,England,Alcoholics Anonymous
aa0126db-f490-5257-9f49-562dddab52be,Altrincham Priory,11:00,1hr 30mins,WA15 0NU,53.36559,-2.331965,Priory Hospital,"Rappax Rd, Hale",,Saturday,False,True,False,False,,,,Cheshire East,North West,England,Alcoholics Anonymous
d58222aa-33a4-517d-8247-af3a249a1225,Furness Vale,19:30,1hr 30mins,SK22 4BR,53.36875,-1.999991,Revive Church,"High St, New Mills",,Monday,False,False,False,False,,,,Cheshire East,North West,England,Alcoholics Anonymous
3ba7352c-e62a-532f-a96e-bcc3f5e8de17,Handforth Step & Share,19:30,"1hr ",SK9 3LF,53.352582,-2.215572,St Mary's Methodist Church,Wilmslow Rd,,Thursday,False,True,True,False,,,,Cheshire East,North West,England,Alcoholics Anonymous
b2fce84c-3fec-5ede-8fad-4f7e5040da5d,Stockport Heaton Chapel Big Book Study,13:00,1hr 30mins,SK4 4QG,53.428964,-2.178723,St Thomas's Church,"Wellington Rd North, Heaton Chapel",,Wednesday,False,True,False,False,,,,Cheshire East,North West,England,Alcoholics Anonymous
2de097fa-7195-589a-8982-07a1b52caec4,Warrington,19:30,1hr 30mins,WA4 6QA,53.380496,-2.589492,St James Church,Wilderspool Causeway,,Friday,False,False,False,True,Open,,,Cheshire East,North West,England,Alcoholics Anonymous
bd7e4a0e-c9ca-56e6-bdce-ac25a8b34a3d,Warrington,19:30,1hr 30mins,WA4 2RP,53.3774842,-2.571,Latchford Baptist Church,Loushers Ln,,Thursday,False,True,False,False,,,,Cheshire East,North West,England,Alcoholics Anonymous
43ddeddc-e11f-52ef-b83a-937f3bd70dd3,Bisham Women's,19:30,1hr 15mins,SL7 1RW,51.560808,-0.777695,All Saints Church,"Church Lane, Bisham",,Wednesday,False,True,False,True,Open,,No dogs please.,Chiltern and Thames,South Midlands,England,Alcoholics Anonymous
2890f3ec-51c9-5433-9cb3-2fc9e061b4e1,Cookham Morning Step,10:00,1hr 15mins,SL6 9SP,51.560604,-0.707445,Holy Trinity Parish Centre,Sutton Rd,,Friday,False,True,True,True,Open,,Chit system available.,Chiltern and Thames,South Midlands,England,Alcoholics Anonymous
c38811aa-e9bb-5ae1-92f0-6bf8def0ef48,Loudwater Discussion,20:00,1hr 15mins,HP10 9QL,51.60543,-0.70106,St Peters Church Hall,Treadaway Hill,,Thursday,False,True,False,True,Open,,,Chiltern and Thames,South Midlands,England,Alcoholics Anonymous
a8eb3686-bf06-5572-8816-0c119e83dd28,Marlow,11:00,1hr 15mins,SL7 2AA,51.568821,-0.773512,All Saints Church Hall,87 The Causeway,,Monday,False,True,False,True,Open,,Public parking nearby.,Chiltern and Thames,South Midlands,England,Alcoholics Anonymous
a069f2f1-7985-595e-b544-d3281a1e150b,Marlow,20:00,"1hr ",SL7 1NQ,51.56893,-0.772171,Pugin Rooms,"St Peter's Church, St Peter's St",,Friday,False,True,False,False,,,,Chiltern and Thames,South Midlands,England,Alcoholics Anonymous
671d1bca-84e1-536f-bf88-71f4d70f3ed1,Slough Cippenham,20:00,1hr 15mins,SL1 5QS,51.518247,-0.644912,Cippenham Baptist Church,Elmshott Lane,,Monday,False,True,False,False,,,,Chiltern and Thames,South Midlands,England,Alcoholics Anonymous
6089d05a-cc42-5da1-8934-04b873e3f64e,Slough Lunchtime,13:00,1hr 15mins,SL1 1PJ,51.506702,-0.594621,St Marys Church,Church St,,Tuesday,False,False,True,True,Open,,Chit system available.,Chiltern and Thames,South Midlands,England,Alcoholics Anonymous
042d5884-6b79-5d94-b78f-573312078cb0,Studley Green & Stokenchurch Hybrid,18:30,1hr 15mins,HP14 3UY,51.651859,-0.866867,Studley Green Community Centre,Wycombe Rd,,Thursday,False,True,True,True,Open,,Zoom meeting ID: 91452943704 Passcode:727730,Chiltern and Thames,South Midlands,England,Alcoholics Anonymous
d73cd78c-2d89-5bcd-94bb-3639d8e824f3,City Breakfast,07:30,"1hr ",EC3V 9EA,51.512516,-0.086472,St Edmund The King Church,Lombard St (Side Entrance In George Yard),,Monday,False,True,True,True,Open,,No mtg Bank Holidays.,City Of London,London (North),England,Alcoholics Anonymous
16efd7c9-5a04-598a-a849-fc149676380d,City Breakfast: 3-7-11 Step Hybrid,07:30,"1hr ",EC3V 9EA,51.512516,-0.086472,St Edmund The King Church,Lombard St (Side Entrance In George Yard),,Tuesday,False,True,False,True,Open,,Join URL: https://us06web.zoom.us/j/614220999?pwd=TGVLL0VZNW5pa1Bhejd0Q0E5Q0dUZz09,City Of London,London (North),England,Alcoholics Anonymous
d9225165-152d-5da7-909d-c208f087c6a1,City Serenity,19:00,"1hr ",EC2V 6AU,51.513806,-0.093351,St Mary-Le-Bow,Cheapside,,Tuesday,False,False,False,True,Open,,,City Of London,London (North),England,Alcoholics Anonymous
1d08fad4-c920-597e-8aeb-cc33642a1ff8,City Starters,07:30,"1hr ",EC3V 9EA,51.512516,-0.086472,St Edmund The King Church,Lombard St (Side Entrance In George Yard),,Thursday,False,True,False,True,Open,,,City Of London,London (North),England,Alcoholics Anonymous
22cd4852-2eb5-5424-a5c6-c33047a1f9de,Liskeard Recovery - A Woman's Perspective,18:30,"1hr ",PL14 6BW,50.455709,-4.466296,The New Room,3-5 West St,,Thursday,False,True,False,True,Open,,Doors open from 18.00.,Cornwall,South West,England,Alcoholics Anonymous
c000819b-cab7-5115-8116-fbc787fdce07,Coventry Speaker,20:00,1hr 15mins,CV1 4AN,52.409868,-1.516732,Friends Meeting House,Hill St,,Saturday,False,False,False,False,,,,Coventry and Warwickshire,Midlands,England,Alcoholics Anonymous
bd841066-84ce-5f4e-a0cd-35a0d87e4db8,Burton-On-Trent St Joseph's,19:30,1hr 30mins,DE15 0JA,52.806098,-1.609897,St Joseph,"Mount St, Winshill",,Monday,False,True,False,True,Open,,,Derbyshire,Midlands,England,Alcoholics Anonymous
a0627af4-07f5-5f45-8d19-3f099851cff5,Chaddesden A Vision For You,19:00,"1hr ",DE21 4JU,52.938634,-1.440089,St Philips Church Hall,"Taddington Rd, Chaddesden",,Friday,False,False,False,False,,,Newcomers welcome.,Derbyshire,Midlands,England,Alcoholics Anonymous
077c33d8-c8de-5fe7-8fac-c7589807bb03,Mickleover Newcomers Welcome,19:30,1hr 30mins,DE3 9HD,52.913791,-1.537129,St John The Evangelist Church Hall,"Devonshire Dr, Mickleover",,Wednesday,False,True,True,False,,,,Derbyshire,Midlands,England,Alcoholics Anonymous
ee8cffb6-6d77-5d99-9087-2dc95099e86e,Wirksworth,19:30,1hr 30mins,DE4 4DS,53.080506,-1.57343,Wellspring Church,49 St Johns St,,Sunday,False,False,False,True,Open,,,Derbyshire,Midlands,England,Alcoholics Anonymous
250eb51c-9409-5619-9c2e-f1dde4e0cb0f,Redcar Living Sober,18:30,"1hr ",TS10 4BQ,54.604905,-1.070893,Westmorland Community Centre,Westmorland Rd,,Tuesday,False,True,False,True,Open,,Daily reflecton - How it apples to me.,Durham and Cleveland,North East,England,Alcoholics Anonymous
99050b14-0b4a-5795-9fea-e50e2427930f,Stockton-On-Tees Sober School 12X12,19:00,"1hr ",TS20 1DU,54.593061,-1.310986,Friends Meeting House,"49 The Green, Norton",,Thursday,False,True,False,False,,,,Durham and Cleveland,North East,England,Alcoholics Anonymous
641aca6b-e04d-5d22-a743-04f80b7fdb56,Waltham Cross,20:00,1hr 15mins,EN8 7DP,51.68916,-0.032821,St Josephs Church Hall,"204 High St, Access Is At Rear Of The Church Via The Car Park",,Sunday,False,False,False,True,Open,,Meeting will be open from 19.30 for 20.00 start.,East Herts or West Essex,Eastern,England,Alcoholics Anonymous
3019bab3-21ef-5f0d-962e-9880a90286e1,Dover Beginners,19:00,1hr 30mins,CT16 2PU,51.133602,1.306359,St Peter & St Paul's Church Hall,St Alphege Rd,,Friday,False,True,False,True,Open,,,East Kent,South East,England,Alcoholics Anonymous
4a09755c-44d9-531e-9894-a366d4101e44,Sittingbourne Road To Recovery,20:00,1hr 15mins,ME10 3DN,51.340423,0.741558,Sittingbourne Methodist Church Centre,"Grafton Rd, (Off St Michaels Rd)",,Friday,False,False,True,True,Open,,,East Kent,South East,England,Alcoholics Anonymous
ffe904ee-71d3-5a35-ba6d-e3d9d6881304,Barnoldswick Recovery,19:00,1hr 30mins,BB18 5UR,53.915884,-2.188595,Loaves & Fishes Café,11 Church St,,Wednesday,False,True,False,True,Open,,,East Lancs,North West,England,Alcoholics Anonymous
563bfbc5-5823-50df-9002-c0524d680428,Darwen,19:30,1hr 30mins,BB3 2PG,53.688417,-2.464437,St Joseph's Parish Hall,Bolton Rd.,,Wednesday,False,True,False,False,,,,East Lancs,North West,England,Alcoholics Anonymous
ae443f70-e756-5940-8c0c-f3fb5506e7b2,First Clapton,19:30,1hr 30mins,E5 8DJ,51.556649,-0.056778,Rear Of St James The Great Church In Powell Rd,Hackney,,Tuesday,False,False,False,False,,,,East London,London (North),England,Alcoholics Anonymous
c3449f73-37f7-5e95-8075-f1850a4818e6,Ilford Seven Kings Candlelit Speaker,20:00,1hr 30mins,IG2 7BB,51.570971,0.093925,St Johns Church,"St Johns Rd, Seven Kings, Access Is Through The Small Porch Located On, Alborough Rd Sth - Where The Parade Of Shops Are.",,Thursday,False,True,True,True,Open,,Chit system available.,East London,London (North),England,Alcoholics Anonymous
79590004-0542-56e4-a084-4a70ef44add1,Romford No Half Measures,20:00,1hr 30mins,RM7 0PH,51.564977,0.184353,Ymca,29 Rush Green Rd,,Friday,False,True,False,True,Open,,,East London,London (North),England,Alcoholics Anonymous
c0aa3a25-dfcf-5c1a-b68b-23e2cc40d836,Walthamstow,20:00,1hr 30mins,E17 9HU,51.582786,-0.007178,Our Lady & St George's Church Hall,132 Shernall St,,Saturday,False,True,False,True,Open,,,East London,London (North),England,Alcoholics Anonymous
fafa754c-ee73-5ecb-af05-fd591723f93f,Walthamstow Big Book,12:00,"1hr ",E17 9HU,51.582786,-0.007178,Our Lady & St George's Church Hall,132 Shernall St,,Thursday,False,True,False,True,Open,,,East London,London (North),England,Alcoholics Anonymous
35bc0fc7-f60c-5cf5-a374-d769d7b93af4,Eastbourne Literature,19:00,"1hr ",BN21 1LQ,50.774289,0.269642,Emmanuel Church,Upperton Rd,,Monday,False,False,False,True,Open,,,East Sussex,South East,England,Alcoholics Anonymous
0eef8651-bf93-5325-8326-6ed1af921dbc,Lewes Early Birds Step & Tradition Hybrid,09:30,1hr 15mins,BN7 2FG,50.872738,0.017391,Linklater Pavilion,Railway Lane,,Monday,False,True,True,True,Open,,Also held on zoom - https://zoom.us/j/97777840202?pwd=dkVVek9razMvMTNLSkt6TnQxK1ROQT09 Meeting ID: 977 7784 0202 Passcode: 937242,East Sussex,South East,England,Alcoholics Anonymous
1593c2a0-126f-5b5c-9a13-116ad1ecda5a,Newhaven,19:15,1hr 15mins,BN9 9LH,50.791432,0.049091,Hillcrest Community Centre,Bay Vue Rd,,Thursday,False,True,False,False,,,Plenty of free parking.,East Sussex,South East,England,Alcoholics Anonymous
8a6dc2e8-9b68-5187-8e81-947951830805,Basildon Vange Share Lunchtime,13:00,1hr 30mins,SS16 4NN,51.565301,0.485728,Trinity Methodist Church,481 Clayhill Rd,,Wednesday,False,True,False,True,Open,,,Essex,Eastern,England,Alcoholics Anonymous
051e320e-5d7a-556a-8256-79e20cb0c63b,Hatfield Peverel,19:30,"1hr ",CM3 2LE,51.76989,0.603902,St Andrews Church,Hatfield Peverel,,Wednesday,False,True,False,True,Open,,,Essex,Eastern,England,Alcoholics Anonymous
53a95cfc-b4c2-5cb6-89f2-1810b2bf006b,Leigh-On-Sea Living Sober,13:00,1hr 30mins,SS9 1ND,51.545141,0.664954,,9 Lord Roberts Ave,,Friday,False,True,False,True,Open,,,Essex,Eastern,England,Alcoholics Anonymous
1d52e274-ce8b-5e19-9012-f229a8d747cc,Southend Sunlight Of The Spirit,19:30,1hr 30mins,SS0 7JZ,51.540088,0.697729,St Alban The Martyr Church,"St Johns Rd, Westcliff-On-Sea",,Thursday,False,True,False,True,Open,,,Essex,Eastern,England,Alcoholics Anonymous
e0880a18-6ec5-5beb-8fc6-f45438e6c2f4,Cambridge Przebudzenie Polish Speaking,18:00,"2hr ",CB4 1AS,52.215784,0.131355,Polonia House,231 Chesterton Rd,,Saturday,False,False,False,False,,,,Fenland,Eastern,England,Alcoholics Anonymous
76b0b23c-68f9-594d-b09a-70cc8eef3fe0,Hull Afternoon,13:00,1hr 30mins,HU6 9BX,53.787555,-0.375759,Community Room,"Orchard Park Centre (Health Centre), 210 Orchard Park Rd",,Thursday,False,True,True,True,Open,,,Hull and East Riding,North East,England,Alcoholics Anonymous
841f1472-0429-5d23-bed4-79045e862882,Hemel Hempstead Just For Today,11:00,"1hr ",HP3 9HD,51.73996,-0.47844,Joe’S Coffee Shop & Creative Space,"7 Chancerygate Business, Centre, Whiteleaf Rd",,Sunday,False,False,False,True,Open,,,Lea Valley,Eastern,England,Alcoholics Anonymous
1c2adabc-d3e9-5fba-8f61-4d1c5867b50a,Grimsby,19:30,1hr 30mins,DN31 2BN,53.568448,-0.109521,Fire Station,Cromwell Rd,,Tuesday,False,True,False,False,,,,Lincolnshire,Midlands,England,Alcoholics Anonymous
3c412ac9-c67f-58ed-a220-9db5d2be2afa,Spalding Lunchtime,12:30,1hr 30mins,PE11 1QD,52.78995,-0.151116,Spalding United Reform Church,Pinchbeck Rd,,Sunday,False,True,False,False,,,,Lincolnshire,Midlands,England,Alcoholics Anonymous
920de041-7094-5f8e-bf51-1685808d5aa0,Bootle St Leonards,19:15,1hr 30mins,L20 4RW,53.457932,-3.00678,St Leonards Church,60 Peel  Rd,,Tuesday,False,False,False,False,,,,Liverpool City,North West,England,Alcoholics Anonymous
2bb1495b-d22f-5925-963f-83bf4970f378,Christ Church Anfield Soldier Bills,19:30,1hr 30mins,L5 1UW,53.429471,-2.96228,Christ Church Hall,Hartnup St,,Wednesday,False,True,False,True,Open,,,Liverpool City,North West,England,Alcoholics Anonymous
23da8641-09a2-5d35-8111-f7b6dd2cbb8c,Delamere,19:15,"1hr ",CW8 2EH,53.237276,-2.60568,Delamere Health Ltd,"7 Forrest Rd, Cuddington",,Wednesday,False,True,False,False,,,,Liverpool City,North West,England,Alcoholics Anonymous
7f7bfdd3-3f93-5149-93e5-094e0dad21e1,Liverpool Archway To Freedom (Big Book Study),13:00,1hr 30mins,L28 5RL,53.433331,-2.860812,The Craig's Community Centre,"Little Moss Hey, Stockbridge Village",,Tuesday,False,True,False,False,,,,Liverpool City,North West,England,Alcoholics Anonymous
94d1f717-4a60-5223-b044-c74ecde13852,Liverpool Elm Hall,19:30,1hr 30mins,L18 1LF,53.387421,-2.914329,Elm Hall Drive Methodist Church,Elm Hall Drive,,Monday,False,True,False,True,Open,,,Liverpool City,North West,England,Alcoholics Anonymous
f5f97cad-67b0-51f4-beeb-7c1b2e879bf6,Liverpool Holy Spirit,13:00,1hr 30mins,L36 7SA,53.415435,-2.840545,St Michael's Church Hall,"Bluebell Ln, Huyton Village",,Monday,False,False,False,False,,,,Liverpool City,North West,England,Alcoholics Anonymous
2164a4fc-1230-5b60-8323-24c62ebf2f3c,Liverpool Knowsley Village 'Bridge To Basics',19:30,1hr 30mins,L34 0JA,53.456835,-2.852236,St Marys Church (Opp Knowlsey Village Hall),"Tithebarn Rd,, Knowsley Village, Prescot",,Wednesday,False,True,False,True,Open,,,Liverpool City,North West,England,Alcoholics Anonymous
a8956db4-6703-599d-be8e-ddb4dc5da8ad,Liverpool Principals Before Personalities,19:30,"1hr ",L17 2AA,53.389749,-2.936559,Unitarian Church,57 Ullet Rd,,Wednesday,False,False,False,False,,,,Liverpool City,North West,England,Alcoholics Anonymous
3037df82-b572-507d-b05c-80ef6e60fb2c,Liverpool St Andrew's,19:30,1hr 30mins,L13 0AL,53.432827,-2.925735,St Andrew's Church Hall Clubmoor,176 Queens Drive,,Friday,False,True,False,False,,,"Last Friday of the month is a step mtg Jan step 1, Feb step 2 etc",Liverpool City,North West,England,Alcoholics Anonymous
2748b154-11af-5508-9030-3d230c778ee6,Liverpool Step 11,19:30,1hr 30mins,L10 1LD,53.470978,-2.923958,Newhall Campus,"Clock Tower Pk, Longmoor Ln, Fazakerley",,Friday,False,False,False,False,,,,Liverpool City,North West,England,Alcoholics Anonymous
0bf6fe9f-a6ef-544b-aa3a-8346c0c247bd,Widnes,20:00,1hr 30mins,WA8 4NT,53.387525,-2.761403,Cronton Methodist Church,Chapel Lane,,Monday,False,True,False,True,Open,,,Liverpool City,North West,England,Alcoholics Anonymous
d31903d0-a0ef-50b7-9edc-d2813ec9985f,Knightsbridge Just For Today,11:30,"1hr ",SW1X 0BD,51.496596,-0.1622,St Columba's Church Of Scotland,Pont St,,Friday,False,False,False,False,,,,London Chelsea,London (North),England,Alcoholics Anonymous
1f4768a1-efcf-5645-9b28-c0a4032f34a8,Knightsbridge Pont Street,18:00,"1hr ",SW1X 0BD,51.496596,-0.1622,St Columba's Church Of Scotland,Pont St,,Monday,False,False,False,True,Open,,No meetings Bank Holidays.,London Chelsea,London (North),England,Alcoholics Anonymous
96ec2c1f-a7b4-5d39-b944-9e4589599f4c,Knightsbridge Pont Street Beginners,18:00,"1hr ",SW1X 0BD,51.496596,-0.1622,St Columba's Church Of Scotland,Pont St,,Monday,False,False,True,True,Open,,No mtgs Bank Holidays.,London Chelsea,London (North),England,Alcoholics Anonymous
f6ee39cf-99ef-5093-bb74-d084b238f0aa,Knightsbridge Pont Street Women's Tea Time Discussion,14:00,"1hr ",SW1X 0BD,51.496596,-0.1622,St Columba's Church Of Scotland,Pont St,,Thursday,False,False,False,False,,,,London Chelsea,London (North),England,Alcoholics Anonymous
a29a8250-86af-5336-a4c3-f8cacaccdf95,Knightsbridge Women's Step,10:00,"1hr ",SW1X 0BD,51.496596,-0.1622,St Columba's Church Of Scotland,Pont St,,Monday,False,False,False,False,,,No mtgs held on Bank Holidays.,London Chelsea,London (North),England,Alcoholics Anonymous
0ab52943-e27f-510d-83ac-118b8e9d1823,Carshalton On The Hill Newcomers,19:00,1hr 15mins,SM5 4NP,51.353184,-0.168716,The Church Of The Good Shepherd,Queen Mary's Ave,,Friday,False,True,False,True,Open,,,London Croydon Epsom and Sutton,London (South),England,Alcoholics Anonymous
3011a0be-4ee2-5a82-812d-c6c4898fe73c,Ewell Step & Tradition,18:00,"1hr ",KT19 9QY,51.355571,-0.265322,Webber Hall (Behind) All Saints Church,"Fulford Rd, West Ewell",,Wednesday,False,True,True,False,,,,London Croydon Epsom and Sutton,London (South),England,Alcoholics Anonymous
20adc4e9-f87c-5f3b-a23d-88c4b2d08520,Sutton Inspire Newcomers,13:00,1hr 30mins,SM2 5JG,51.3415952,-0.2044415,Inspire,"Orion House, 19 Cedar Rd",,Wednesday,False,True,False,False,,,,London Croydon Epsom and Sutton,London (South),England,Alcoholics Anonymous
87440ada-338d-528e-80fb-0170adbc7603,Kensington As Bill Sees It Beginners,19:30,1hr 15mins,W8 6BL,51.498738,-0.1948,Kensington United Reformed Church,Allen St,,Monday,False,True,False,True,Open,,Doors open from 6.30pm for fellowship.,London Kensington and Fulham,London (North),England,Alcoholics Anonymous
fcea52ac-03de-5e17-96e4-ec16b276d81f,Enfield Bush Hill Park Reflections,13:00,"1hr ",EN1 1BE,51.643919,-0.06659,St Mark's Church,"St Mark's Rd, Bush Hill Park",,Tuesday,False,True,False,True,Open,,,London North,London (North),England,Alcoholics Anonymous
4f735f84-15b1-5260-a96a-9a637a6a2c74,Friern Barnet,20:00,1hr 30mins,N11 3EU,51.614781,-0.149341,Church Hall,Christ Church Rd,,Monday,False,True,True,True,Open,,Chit system available.,London North,London (North),England,Alcoholics Anonymous
b3123396-2d6f-5397-8d01-36c5c7e4209c,Islington Lgbtq+ Reflections,19:30,"1hr ",N1 2TX,51.538405,-0.10201,Garden Rm,"St Mary's Church Community Centre, St Mary's Church Gardens, Upper St, (The Garden Rm Is Not In The Main Church, It Is Across The Garden, Behind Dansk Flowers)",,Tuesday,False,True,True,True,Open,,Mtg also held on Zoom - Meeting ID: 271 628 066 P/w: proud email: tueslgbtq@gmail.com Chit system available,London North East,London (North),England,Alcoholics Anonymous
758f9092-da41-5739-aca5-d6a1abab2de5,Islington Lunchtime,13:15,"1hr ",N1 1BQ,51.540034,-0.114416,St Andrews Church,Thornhill Sq,,Tuesday,False,True,False,False,,,,London North East,London (North),England,Alcoholics Anonymous
74e866f4-a4b1-5731-9d19-055f78d1b1d1,Stoke Newington Big Book,19:30,"1hr ",N16 8DD,51.552496,-0.079354,St Matthias Church,"Wordsworth Rd, Access Through Gates On Wordsworth Rd",,Tuesday,False,False,False,True,Open,,,London North East,London (North),England,Alcoholics Anonymous
8913eb4d-8e55-5884-9980-b0926b6d98e5,Camden Town Spiritual Awakening,13:00,"1hr ",NW1 9LQ,51.539824,-0.141809,St Michael's Church,Camden Rd,,Saturday,False,False,False,False,,,,London North West,London (North),England,Alcoholics Anonymous
b565b5ce-65f9-509b-8fb2-6d3ba803a5d3,Hampstead Big Book Study,12:00,"1hr ",NW6 6UU,51.5437594,-0.1970833,Hampstead Community Centre,78 High St (Upstairs),,Tuesday,False,False,False,True,Open,,,London North West,London (North),England,Alcoholics Anonymous
addeb4af-0a36-547b-aa18-a26ad34f17ad,Hampstead Midday,12:00,"1hr ",NW3 1RE,51.555522,-0.176386,Hampstead Community Centre,78 Hampstead High St,,Thursday,False,False,False,True,Open,,"Top Floor, Room 2. Stairs not suited for those with medical difficulties. Masks required unless exempt.",London North West,London (North),England,Alcoholics Anonymous
009dd046-e880-5aa5-b77d-d54c215f4dfb,Hampstead Women,17:00,"1hr ",NW3 1RE,51.555522,-0.176386,Hampstead Community Centre,78 Hampstead High St,,Sunday,False,False,False,True,Open,,,London North West,London (North),England,Alcoholics Anonymous
386de2bc-0d12-5dda-b750-709b99eceb16,Primrose Hill,19:30,1hr 30mins,NW3 3DU,51.541964,-0.162344,St Mary The Virgin Church,Primrose Hill Rd,,Wednesday,False,True,False,True,Open,,Dogs allowed.,London North West,London (North),England,Alcoholics Anonymous
a8e0e289-6387-5f30-af43-03872a841cd8,Camberwell Sunday Lunch - Food For Thought,13:00,1hr 30mins,SE5 0HF,51.475561,-0.0908654,Cambridge House,"Corner Of Walworth Rd, 1 Addington Sq, Temp Closed 20/3/20",,Sunday,False,True,True,True,Open,,Chit system available.,London South,London (South),England,Alcoholics Anonymous
106f41ef-62f6-5d6a-bd78-b99ddca47cb5,Clapham Lunch As Bill Sees It,13:30,"1hr ",SW4 0BN,51.462746,-0.139288,Trinity House Clapham,"31-33 Bromells Rd, Access Via Venn St, 100M From Clapham Common Tube,, 30M From Clapham Picture House Cinema",,Wednesday,False,True,False,False,,,,London South,London (South),England,Alcoholics Anonymous
6cd9d6fd-1cb9-52e1-968d-f20f014e7782,Streatham Common Meditation,19:30,"1hr ",SW16 3PY,51.420654,-0.128757,Immanuel & St Andrews Church,452 Streatham High Rd,,Sunday,False,True,False,True,Open,,,London South,London (South),England,Alcoholics Anonymous
b1175df5-a9a1-5e42-b426-982ba305b86d,The Harbour Women And Trans/Non-Binary People,18:00,"1hr ",SW9 8RR,51.465031,-0.102954,The Harbour,245 Coldharbour Lane,,Sunday,False,True,False,True,Open,,"This meeting is an inclusive and supportive space for women, trans and non-binary people to talk about alcoholism and addiction.",London South,London (South),England,Alcoholics Anonymous
10e4f15e-2768-5a4e-97c7-fc0ca93e2017,Blackheath Newcomers,20:00,"1hr ",SE3 9AD,51.463289,0.02078,Quaker Meeting House,2 Lawn Terrace,,Saturday,False,False,False,False,,,,London South East (East),London (South),England,Alcoholics Anonymous
3422c7e8-216c-5bed-a52f-2a9bf490a11a,Deptford Sobriety,11:15,1hr 15mins,SE8 4EA,51.468927,-0.024135,St Johns Church,St Johns Vale (Crnr Of St Johns Vale & Lewisham Way),,Saturday,False,True,False,True,Open,,"Buses 21,136,321,436. Rail: St Johns, New Cross DLR Lewisham",London South East (East),London (South),England,Alcoholics Anonymous
bea69c53-e81f-590c-bc84-97877b88e809,Ealing Daily Reflections,13:00,"1hr ",W13 9SS,51.501314,-0.319169,Northfields Community Centre,71A Northcroft Rd,,Monday,False,True,False,True,Open,,,London South Middlesex,London (North),England,Alcoholics Anonymous
08da1ec6-6f79-56e2-8381-94970acbde6d,Carry This Message (Bb) One Page At A Time,19:00,"1hr ",SW18 3NZ,51.442082,-0.186434,Earlsfield Baptist Church,271 Magdalen Rd,,Tuesday,False,False,False,True,Open,,,London South West,London (South),England,Alcoholics Anonymous
8c3238fe-3079-59cc-9db9-e22de5cca54a,Roehampton Attitude Of Gratitude,12:00,1hr 30mins,SW15 4HJ,51.450108,-0.239857,St Mary's Convent,Roehamption High St,,Saturday,False,True,False,True,Open,,Park on High St nr Convent,London South West,London (South),England,Alcoholics Anonymous
f9b56f26-a5d6-52d5-ba34-2529d27ec544,Roehampton Step & Tradition,19:00,"1hr ",SW15 4HJ,51.450108,-0.239857,St Mary's Convent,Roehamption High St,,Wednesday,False,True,False,False,,,,London South West,London (South),England,Alcoholics Anonymous
b53af2cd-cc09-5e25-8375-d25ffbd9d741,"Roehampton Step 3,7,11 & Speakers Choice",19:00,"1hr ",SW15 4HJ,51.450108,-0.239857,St Mary's Convent,Roehamption High St,,Tuesday,False,True,False,False,,,,London South West,London (South),England,Alcoholics Anonymous
b539a5ec-0d0b-556b-80d5-c06f6e560bd6,Roehampton Steps 3 & 11,16:00,1hr 15mins,SW15 4HJ,51.450108,-0.239857,St Mary's Convent,Roehamption High St,,Sunday,False,False,False,False,,,,London South West,London (South),England,Alcoholics Anonymous
7e9ac5b0-8be6-52c3-927e-ea956b5defd7,Teddington Thoughs For The Weekend,19:00,"1hr ",TW11 9JQ,51.41884,-0.316933,Sacred Heart Church,262 Kingston Rd,,Friday,False,True,False,True,Open,,,London South West,London (South),England,Alcoholics Anonymous
6e9b5350-33b2-5f5a-bf77-2ce068f8e67c,Euston Tylko Dzisiaj Polish Speaking,15:00,"1hr ",NW1 1DT,51.527909,-0.130894,,2 Gratfon Pl,,Sunday,False,False,True,True,Open,,,London West End,London (North),England,Alcoholics Anonymous
3389cdc5-9984-5f18-8ea8-3ac30fa84fed,Soho Live & Let Live Lgbt,18:00,"1hr ",WC2H 0EW,51.515056,-0.130224,Soho Recovery Centre,123 Charing Cross Rd,,Saturday,False,False,True,True,Open,,,London West End,London (North),England,Alcoholics Anonymous
a3a9b059-8403-5300-a189-f61b1e639cdc,Notting Hill Newcomer A Vision For You,19:30,1hr 30mins,W11 3DB,51.511924,-0.200754,,"59A Portobello Rd, Upstairs Above Farm Girl Café, Tube: Notting Hill Gate.",,Friday,False,False,False,True,Open,,,London Westway,London (North),England,Alcoholics Anonymous
fc58acb1-5aa6-53ae-839b-bc6810fde295,Notting Hill Newcomers,10:30,"1hr ",W11 3DB,51.511924,-0.200754,,"59A Portobello Rd, Upstairs Above Farm Girl Café, Tube: Notting Hill Gate.",,Sunday,False,False,False,True,Open,,This meeting will be held on 26th December 2021.,London Westway,London (North),England,Alcoholics Anonymous
1dd404bb-7e1c-5123-b89b-4ebe9efb8a52,Notting Hill Newcomers Chips,19:30,"1hr ",W11 3DB,51.511924,-0.200754,,"59A Portobello Rd, Upstairs Above Farm Girl Café, Tube: Notting Hill Gate.",,Wednesday,False,False,False,True,Open,,"Up one flight of stairs, no wheelchair access. Tea & coffe served before the meeting.",London Westway,London (North),England,Alcoholics Anonymous
3b3c5e28-22fa-50b9-9fed-3168ecae1d97,Notting Hill Step One Newcomers Chips,19:30,"1hr ",W11 3DB,51.511924,-0.200754,,"59A Portobello Rd, Upstairs Above Farm Girl Café, Tube: Notting Hill Gate.",,Monday,False,False,False,True,Open,,,London Westway,London (North),England,Alcoholics Anonymous
5f6d35fa-e098-511e-9b9a-c67697de9bb9,Portobello Lunchtime,12:30,"1hr ",W11 3DB,51.511924,-0.200754,,"59A Portobello Rd, Upstairs Above Farm Girl Café, Tube: Notting Hill Gate.",,Tuesday,False,False,True,True,Open,,Chits given if required.,London Westway,London (North),England,Alcoholics Anonymous
286c0bb0-6b32-5f07-a7d1-9a36de6da1d9,Shepherds Bush Shoulder To Shoulder Step,19:00,"1hr ",W12 7QT,51.511497,-0.233696,White City Community Centre,"India Way, White City",,Monday,False,True,False,True,Open,,Plenty of parking available.,London Westway,London (North),England,Alcoholics Anonymous
aa7bb689-f154-5d5d-b143-3d3192c9ebea,Ashton-Under-Lyne Store Street Womens,19:30,1hr 30mins,OL7 9QA,53.50141,-2.10353,The Hut,"Waterloo Park Centre, Store St",,Friday,False,True,False,False,,,,Manchester,North West,England,Alcoholics Anonymous
2589fd98-a2ff-5c2b-801e-3e945b95a35f,Manchester The Big Breakfast,07:15,0hr 45mins,M7 3NG,53.515568,-2.270192,Aliya Youth Centre,"469 Bury New Rd, (Corner Of Moor Lane And Bury New Road)",,Wednesday,False,True,False,True,Open,,,Manchester,North West,England,Alcoholics Anonymous
0eb44ffa-1f56-5b4d-81b7-b6d463562cc1,Skelmersdale Principle/Topic,20:00,"1hr ",WN8 8AT,53.547542,-2.798593,Trinity Church,High St,,Thursday,False,False,False,False,,,,Merseyside and South West Lancs,North West,England,Alcoholics Anonymous
cd6838b8-76f9-596c-8551-0d8d5e2300b7,Woking Brookwood & St Johns,19:45,1hr 15mins,GU21 7QN,51.310425,-0.592866,Youth Centre,"St John's Church, Church Rd",,Wednesday,False,True,False,True,Open,,,Mid Surrey,South East,England,Alcoholics Anonymous
e627b03b-6a2c-521d-9b56-218c0d1cc67f,Woking Priory,19:45,1hr 30mins,GU24 8NG,51.350589,-0.602273,Chobham Community Centre,"Macmahon Close, Chobham",,Monday,False,True,False,False,,,,Mid Surrey,South East,England,Alcoholics Anonymous
e23767da-7446-5ae0-a373-52062ada644d,Milton Keynes Big Book Study - There Is A Soluton,18:30,"1hr ",MK6 5EB,52.026368,-0.747742,,"40 Lloyds, Coffee Hall",,Tuesday,False,True,False,False,,,,Milton Keynes,Eastern,England,Alcoholics Anonymous
f622b9a9-2d83-5b4f-a6bf-51b700ceea3d,Lowestoft Big Book Stories,19:00,"1hr ",NR32 1NL,52.47762,1.751997,Stella Maris Hall,"Our Lady Star Of The Sea Rc Church, Gordon Rd",,Friday,False,False,False,True,Open,,,North East Anglian,Eastern,England,Alcoholics Anonymous
cab76f14-faf8-5b97-bd9c-1f01eae835b2,Lowestoft Primary Purpose,18:00,"1hr ",NR32 1NL,52.47762,1.751997,Stella Maris Hall,"Our Lady Star Of The Sea Rc Church, Gordon Rd",,Sunday,False,True,False,True,Open,,Free car parking close by.,North East Anglian,Eastern,England,Alcoholics Anonymous
561929ea-2e2f-5c1a-906f-91b4fcd66a5b,Norwich Big Book Step,16:00,1hr 15mins,NR2 1EW,52.629447,1.291252,Quaker Meeting House,Upper Goat Ln,,Saturday,False,True,False,False,,,,North East Anglian,Eastern,England,Alcoholics Anonymous
814e3912-d96a-5caa-a594-0d623a7e81a8,Norwich Primary Purpose,16:00,1hr 30mins,NR2 1EW,52.629447,1.291252,Quaker Meeting House,Upper Goat Ln,,Sunday,False,True,False,True,Open,,,North East Anglian,Eastern,England,Alcoholics Anonymous
dfc0b3fa-46fb-5c84-b69d-eb641daaaea4,Norwich Recovery,13:00,"1hr ",NR2 1EW,52.629447,1.291252,Quaker Meeting House,Upper Goat Ln,,Monday,False,True,False,True,Open,,,North East Anglian,Eastern,England,Alcoholics Anonymous
28b476ce-f803-5071-bb07-b86603bd7877,Norwich There Is A Solution,09:45,1hr 15mins,NR2 1EW,52.629447,1.291252,Quaker Meeting House,Upper Goat Ln,,Friday,False,True,True,True,Open,,,North East Anglian,Eastern,England,Alcoholics Anonymous
e03905a2-dad9-5147-83af-20c8c6029a86,Oxted,19:45,1hr 30mins,RH8 9HT,51.256164,-0.006101,The Woodhouse Centre,"Hoskins Rd, (Nr Tandridge Leisure, Centre)",,Monday,False,True,False,True,Open,,,North East Surrey,South East,England,Alcoholics Anonymous
0406e29a-767a-58c8-8051-898eeb28bc60,Oxted 12 X 12,19:00,1hr 30mins,RH8 9HT,51.256164,-0.006101,The Woodhouse Centre,"Hoskins Rd, (Nr Tandridge Leisure, Centre)",,Wednesday,False,True,False,True,Open,,,North East Surrey,South East,England,Alcoholics Anonymous
cafcd4c1-6e56-5b70-af87-b2e023b9b3e7,Rhyl 164 Freedom,18:00,"1hr ",LL18 1BW,53.318787,-3.491415,Salvation Army,Windsor St,,Sunday,False,True,False,True,Open,,,North East Wales,North West,England,Alcoholics Anonymous
4c905c81-6d2f-5393-a8c2-805408f79797,Baldock Newcomer,19:30,1hr 15mins,SG7 6LQ,51.98404,-0.183537,Holy Trinity & St Augustine Rc Church,London Rd,,Sunday,False,False,False,True,Open,,,North Herts and North Beds,Eastern,England,Alcoholics Anonymous
9cf2700d-ecbe-58fb-bf09-936a89878922,Bedford A Bridge To Freedom,19:30,"1hr ",MK42 8DA,52.119506,-0.493865,Kempston East Methodist Church,"227 Bedford Rd, Kempston, Entrance And Car Park At Rear Of Building, Accessed On, Foster Rd",,Tuesday,False,True,False,False,,,"Strictly no smoking on church grounds. Entrance and car park at rear of building, accessed on Foster Rd.",North Herts and North Beds,Eastern,England,Alcoholics Anonymous
ead06528-ab36-51f9-a8a0-5f77d2945394,Bedford Wixams Beginners,10:00,"1hr ",MK42 6AE,52.0908847,-0.4604905,,"155-160 Brooklands Ave, Bedford, Bedford",,Sunday,False,True,True,True,Open,,Chit system available.,North Herts and North Beds,Eastern,England,Alcoholics Anonymous
d801d92f-afe6-5153-a08b-53c7d5d624e8,Bedford Wixams Friday Night Vibes,19:30,"1hr ",MK42 6AB,52.093452,-0.460641,Lakeview Village Hall,"155-160 Brooklands Ave, Wixams",,Friday,False,True,False,True,Open,,Follow this link for directions https://w3w.co/quit.piano.spit,North Herts and North Beds,Eastern,England,Alcoholics Anonymous
d8056c80-8195-5553-8c4c-c19bcc96d42b,Stevenage Steps,19:00,1hr 30mins,SG1 4DA,51.920909,-0.198185,St Nicholas Church,Rectory Lane,,Monday,False,True,False,False,,,,North Herts and North Beds,Eastern,England,Alcoholics Anonymous
ee533b1b-f1c5-54ef-b018-5818149bc8d4,Stotfold Topic (Formerly Baldock),19:30,"1hr ",SG5 4NE,52.015158,-0.22464,St Mary's Church Hall,"Church Rd, Stotfold",,Thursday,False,False,False,True,Open,,,North Herts and North Beds,Eastern,England,Alcoholics Anonymous
b1fda52d-c07f-5329-a37a-f878bbb55fe3,Romford Clear Cut Directions Of How We Recovered,19:30,"1hr ",RM2 5EL,51.586935,0.200518,Hedley Rm,"St Michaels Church, Gidea Park",,Friday,False,True,False,False,,,,North Thames,Eastern,England,Alcoholics Anonymous
71ba7390-1a9c-55be-8d0a-3e94ff713f4c,Blackpool 12 Step Principles For A Personal Recovery,12:00,"1hr ",FY1 3TW,53.82593,-3.043161,Spencer Court Community Centre,Spencer Ct,,Tuesday,False,True,False,False,,,,North West,North West,England,Alcoholics Anonymous
c3488feb-ebed-552c-aae7-5ed315e3402f,Clitheroe,20:00,1hr 15mins,BB7 1HH,53.866126,-2.393066,St James Church,St James St,,Thursday,False,True,False,True,Open,,,North West,North West,England,Alcoholics Anonymous
7996b903-9269-5c9b-b9bf-471a6febd347,Fleetwood Freedom,20:00,1hr 30mins,FY7 8AU,53.906636,-3.033907,St David's Church Hall,Larkholme Lane,,Tuesday,False,True,False,False,,,,North West,North West,England,Alcoholics Anonymous
8b9bd40c-7eaa-51ed-86a9-354aa8add33d,Leyland Multi-Mtg,19:00,1hr 30mins,PR26 7SH,53.690077,-2.730145,St James Church,Slater Ln,,Saturday,False,True,False,True,Open,,1st Sat of the month Step Mtg 2nd Sat of the month Tradition Mtg.,North West,North West,England,Alcoholics Anonymous
1590aea1-e9dc-5a2f-805f-a997c0791883,Preston St Wilfrids Afternoon,14:00,1hr 30mins,PR1 8BU,53.756904,-2.702999,St Wilfrids Church Parish Rooms,Chapel St,,Thursday,False,True,True,True,Open,,Chit system available.,North West,North West,England,Alcoholics Anonymous
ecdc25f6-535a-56b7-83db-59814ee59333,Southport Back To Basics 12 Step,20:00,"1hr ",PR9 9ER,53.652084,-2.996742,Quakers Friends Meeting Hall,Court Rd,,Tuesday,False,False,False,True,Open,,,North West,North West,England,Alcoholics Anonymous
95c6527d-922b-54cb-936f-0d0b04498c04,Zaczynam Zyc (Polish Speaking),18:30,1hr 30mins,FY2 0NB,53.858832,-3.024883,Kincraig Community Centre,"Kingcraig Place, Bispham",,Monday,False,False,False,True,Open,,,North West,North West,England,Alcoholics Anonymous
55614b95-c660-5ca3-8138-ef893c9e4b03,"Ripon Morning Experience, Strength & Hope",08:00,"1hr ",HG4 1LE,54.138165,-1.521745,Ripon Community Centre,"Sharow View, 75 Allhallowgate",,Saturday,False,True,False,False,,,,North Yorkshire,North East,England,Alcoholics Anonymous
3755a284-4bcf-5a03-bf8f-2bb0af3df34c,York Acomb Big Book Study,19:15,1hr 30mins,YO24 3BN,53.955258,-1.124512,The Gateway Christian Centre,"Shopping Precinct, Acomb, (Opp William Hill - Free Parking At Morrisons Nearby) (Intercom Entry)",,Wednesday,False,True,True,True,Open,,,North Yorkshire,North East,England,Alcoholics Anonymous
c1937da1-d41a-5ca4-84fe-67fb6c3a36be,York Staying Sober,09:30,"1hr ",YO31 7ND,53.967783,-1.079503,St Thomas' Church,Lowther St,,Saturday,False,False,False,False,,,,North Yorkshire,North East,England,Alcoholics Anonymous
c996ed4d-308b-565c-8da1-416ea544826e,Corby Step,13:00,1hr 15mins,NN17 1LG,52.496929,-0.704402,St Columba's Church,Studfall Ave,,Saturday,False,True,False,False,,,,Northamptonshire,Midlands,England,Alcoholics Anonymous
72b57d30-0189-5007-8150-0e5f07e48d8b,Northampton Uwolnienie Polish Speaking,19:30,"1hr ",NN1 1RA,52.236654,-0.899294,The Bridge,63C Gold St,,Tuesday,False,False,False,False,,,,Northamptonshire,Midlands,England,Alcoholics Anonymous
f13cd952-d284-5992-91e4-cd8dfbb0c36e,Northampton Weston Favell,19:30,1hr 15mins,NN3 8JR,52.257065,-0.833606,Emmanuel Church,"Ground Floor,  Weston Favell Centre",,Tuesday,False,False,False,True,Open,,Doors open at 19.00. For zoom details or any questions please email: AAwestonfavell@outlook.com,Northamptonshire,Midlands,England,Alcoholics Anonymous
0679f28d-4d30-52b7-a2da-50f32c1218d4,Wellingborough Share,19:30,"1hr ",NN8 4HP,52.302329,-0.696799,Daylight Centre Fellowship,10 High St Place,,Wednesday,False,True,False,False,,,,Northamptonshire,Midlands,England,Alcoholics Anonymous
a03654cb-e5c9-5b87-b809-1b3d4456757e,Bingham Lving Sober,19:15,1hr 15mins,NG13 8AD,52.951664,-0.953476,Bingham Methodist Centre,Needham St,,Tuesday,False,True,False,True,Open,,,Nottinghamshire or Leicestershire,Midlands,England,Alcoholics Anonymous
633718c3-6a0c-5b04-ba17-79abec30c65c,Loughborough Reflections,19:30,1hr 30mins,LE11 3BA,52.771293,-1.214702,Salvation Army Church & Community Centre,Burleigh Rd,,Friday,False,False,False,True,Open,,,Nottinghamshire or Leicestershire,Midlands,England,Alcoholics Anonymous
67e9ca1d-f174-56b8-bf8e-d572f0b56583,Mansfield Steps To Life The Big Book Way,19:15,1hr 45mins,NG18 1RB,53.147251,-1.205274,Friends Meeting House,124 Rosemary St,,Saturday,False,True,False,False,,,,Nottinghamshire or Leicestershire,Midlands,England,Alcoholics Anonymous
a282ab84-3c46-550e-8adc-eb6347b15050,Nottingham Beginners,19:00,1hr 30mins,NG4 2NN,52.963416,-1.076591,St Georges Centre,"91 Victoria Rd, Netherfield",,Thursday,False,True,False,True,Open,,,Nottinghamshire or Leicestershire,Midlands,England,Alcoholics Anonymous
41b9bb8d-4608-5201-bc13-dcc1f9a9ce7a,Nottingham Carlton,15:00,1hr 30mins,NG4 1FP,52.966284,-1.096345,Sacred Heart Church Hall,99 Carlton Hill,,Saturday,False,True,False,True,Open,,,Nottinghamshire or Leicestershire,Midlands,England,Alcoholics Anonymous
f346641d-0583-50d4-9828-57ad36af2491,Newcastle-Under-Lyme Joys Of Recovery,19:30,1hr 30mins,ST5 2UA,53.01201,-2.230427,Unitarian Meeting House,Lower St,,Sunday,False,False,False,True,Open,,Operating under strict Covid-19 guidelines.,Potteries and District,Midlands,England,Alcoholics Anonymous
64552905-75ac-51ff-b272-af4b35069a7d,Stoke-On-Trent Hanley,19:30,"2hr ",ST1 3LL,53.019915,-2.168976,Stoke Recovery Service,"Old Wedgewood Johnson Bldg, Pelham St, Hanley",,Thursday,False,True,False,False,,,,Potteries and District,Midlands,England,Alcoholics Anonymous
c4ddd634-e8d5-5f76-9379-af62e3a71c63,Stoke-On-Trent Hanley,19:30,1hr 30mins,ST1 3LL,53.019915,-2.168976,Stoke Recovery Service,"Old Wedgewood Johnson Bldg, Pelham St, Hanley",,Monday,False,True,False,False,,,,Potteries and District,Midlands,England,Alcoholics Anonymous
c7f84dc5-8b9f-5d0e-9c31-13718808e054,Stone Friends Of Bill W,19:30,1hr 30mins,ST15 8EW,52.904482,-2.149658,St Dominic's Social Club,Station Rd,,Monday,False,True,False,False,,,,Potteries and District,Midlands,England,Alcoholics Anonymous
e8081c3c-9236-5815-9ded-721abb6d0ef2,Cheltenham Lunchtime Discussion,12:00,"1hr ",GL50 1TP,51.896126,-2.075806,Ymca,6 Vittoria Walk,,Wednesday,False,False,False,False,,,,Severn,South Midlands,England,Alcoholics Anonymous
1916c484-377c-53b3-828c-276c6075f3b2,Cheltenham Our Primary Purpose,18:30,"1hr ",GL52 8BA,51.948312,-2.057489,St Michael's Centre,"School Rd, Bishops Cleeve",,Saturday,False,True,False,True,Open,,Car park at back of building accessed via Pecked Ln and Churchfields,Severn,South Midlands,England,Alcoholics Anonymous
7f4020ff-4aa7-5459-9f44-74765fd926b7,Cheltenham Sunday Morning,10:00,"1hr ",GL51 3PR,51.888635,-2.113825,The Sober Parrot,7 St James Sq,,Sunday,False,False,False,False,,,,Severn,South Midlands,England,Alcoholics Anonymous
573c4479-743f-5d6a-a0a8-d455a4d328a8,Nailsworth Discussion,11:15,"1hr ",GL6 0RA,51.694508,-2.221889,Quaker Mtg House,"1 Quaker Close, Chestnut Hill",,Saturday,False,True,False,True,Open,,,Severn,South Midlands,England,Alcoholics Anonymous
14e76f86-b05f-5e49-a85c-a7f68ddfd050,Telford Daily Reflections,19:30,1hr 30mins,TF1 3AP,52.702197,-2.515738,St Patricks Church,"King St, Wellington",,Monday,False,False,False,True,Open,,,Shropshire,Wales and Borders,England,Alcoholics Anonymous
77f9ece3-0531-509d-ac58-78a7933295fb,"Totton Experience, Strength & Hope",19:30,1hr 30mins,SO40 8DA,50.918324,-1.489454,Totton Christian Community Centre,9 Ringwood Rd,,Monday,False,True,False,True,Open,,,Solent,South East,England,Alcoholics Anonymous
f426fdb8-774c-50d8-b103-83fcd6b1e70f,Bridgwater Big Book & Tradition,19:30,1hr 30mins,TA6 5AU,51.130646,-2.997411,St John's Church,Blake Place,,Tuesday,False,False,True,True,Open,,Chit system available.,Somerset,South West,England,Alcoholics Anonymous
dfed9b9c-0852-5deb-bb26-a642de3afcf0,Bruton,11:00,"1hr ",BA10 0EB,51.111798,-2.452903,Bruton Community Hall,Silver St,,Thursday,False,False,False,True,Open,,,Somerset,South West,England,Alcoholics Anonymous
c49c7687-6526-5fab-9cf6-8c3240140fb3,Glastonbury Candlelit,19:30,"1hr ",BA6 9DZ,51.147984,-2.713253,United Reform Church,High St,,Sunday,False,False,True,True,Open,,Chit system available.,Somerset,South West,England,Alcoholics Anonymous
dfecbd3a-f95c-532b-abc9-8cf161a42095,Taunton Share,19:30,1hr 30mins,TA1 1BA,51.021475,-3.104666,Albemarle Centre,Albemarle Rd,,Friday,False,True,False,True,Open,,Friday 25th Dec mtg held online 7-8:30pmZoom code 690 818 1830 Passcode 208650Live mtg on 1st Jan 2021 onwards.,Somerset,South West,England,Alcoholics Anonymous
671b6c30-a10a-5099-92fe-aa40d577ca52,Ipswich Przystan Polish Speaking,19:00,"1hr ",IP4 4BD,52.061244,1.173672,St Mary Church,322 Woodbridge Rd,,Thursday,False,True,True,True,Open,,Polish speaking meeting but everyone is welcome as we speak in English if required,South East Anglian,Eastern,England,Alcoholics Anonymous
f1dbc788-5d09-5afb-82cd-4adb718b005a,Sudbury Keep It Simple,19:30,1hr 30mins,CO10 2SP,52.037456,0.730166,The Salvation Army,1 Station Rd,,Thursday,False,True,False,True,Open,,,South East Anglian,Eastern,England,Alcoholics Anonymous
972595b1-81b5-5d55-a381-05716ff40645,Pontypool Big Book,20:00,"1hr ",NP4 5DU,51.678949,-3.023169,St Oswalds Church,"Wern Rd, Sebastopol",,Tuesday,False,True,True,True,Open,,,South East Wales,Wales and Borders,England,Alcoholics Anonymous
1b450571-8fb5-5031-9fb2-1656f68a192b,Shipston-On-Stour A Woman's Way Trhough The Twelve Steps,19:00,1hr 15mins,CV36 4EW,52.061157,-1.624002,Scout Hut,New St,,Sunday,False,True,False,False,,,,South Midlands,South Midlands,England,Alcoholics Anonymous
cd995802-5a9f-5440-b27e-6aad29ea2ffe,Witney Women's,11:00,"1hr ",OX28 6LU,51.786727,-1.496822,Our Lady And Saint Hugh,3 Dene Rise,,Monday,False,True,False,True,Open,,,South Midlands,South Midlands,England,Alcoholics Anonymous
867397b4-26a8-56b9-bf28-b8269e049071,Chesterfield Step & Tradition,19:30,1hr 30mins,S40 4AG,53.239577,-1.442857,Friends Meeting House,27 Ashgate Rd,,Thursday,False,False,False,True,Open,,Venue at junction of Brockwell Lane & Ashgate Rd. Served by Brockwell 39 bus route.,South Yorkshire and North East Derbyshire,North East,England,Alcoholics Anonymous
a56285de-0063-52f9-9479-a68ce019534e,Doncaster Daytime Beginners,10:15,"1hr ",DN1 1BZ,53.522584,-1.135148,Sober Social,18 Priory Place,,Tuesday,False,True,True,True,Open,,,South Yorkshire and North East Derbyshire,North East,England,Alcoholics Anonymous
6a46db00-fda6-5b61-8d3a-2e2f09491e05,Doncaster Living Sober,18:50,1hr 40mins,DN1 1BZ,53.522584,-1.135148,Sober Social,18 Priory Place,,Monday,False,True,False,True,Open,,,South Yorkshire and North East Derbyshire,North East,England,Alcoholics Anonymous
d4a4471a-9afe-5ce8-a8ae-c853e5045970,Doncaster Trzezwa Spolecznosc Polish Speaking,17:30,1hr 30mins,DN1 1BZ,53.522584,-1.135148,Sober Social,18 Priory Place,,Sunday,False,False,False,True,Open,,,South Yorkshire and North East Derbyshire,North East,England,Alcoholics Anonymous
bfb8a705-bb12-5934-8bd8-777abb6e4db0,Sheffield Big Book Study,19:30,"1hr ",S7 2DL,53.352039,-1.489781,St Oswald's & St Peter's Church,Bannerdale Rd,,Friday,False,False,False,True,Open,,,South Yorkshire and North East Derbyshire,North East,England,Alcoholics Anonymous
ea464686-e6f8-5359-b745-cc2036bc7cb2,Sheffield Polish Speaking,19:30,1hr 30mins,S10 2FB,53.37798,-1.485594,,"93 Broomspring Ln, Broomhall",,Tuesday,False,False,False,False,,,,South Yorkshire and North East Derbyshire,North East,England,Alcoholics Anonymous
31149264-bbbc-55d1-8d3e-95edab96c736,Sheffield Women Living Sober,19:30,1hr 30mins,S7 2DL,53.352039,-1.489781,St Oswald's & St Peter's Church,Bannerdale Rd,,Monday,False,True,False,False,,,,South Yorkshire and North East Derbyshire,North East,England,Alcoholics Anonymous
8cbfd6bd-594f-5eae-b19c-970a4d225c35,Chichester Hybrid,19:30,1hr 15mins,PO19 1NX,50.838072,-0.775324,,"1St Floor, Quaker House, Priory Rd",,Friday,False,False,False,True,Open,,Also on Zoom - https://zoom.us/j/805965268?pwd=Zi9oN2lpMXI2NlU5U3lrNlEyWXVtdz09 Meeting ID: 805 965 268 Password: Recovery,Southdown,South East,England,Alcoholics Anonymous
8edd5c93-24cc-530b-8559-870ca6149983,Haslemere Discussion,20:00,1hr 15mins,GU27 1LE,51.087644,-0.733583,Haslemere Methodist Church,5-7 Junction Pl,,Sunday,False,True,False,True,Open,,,Southdown,South East,England,Alcoholics Anonymous
9ea1cbe2-4d31-5330-ad26-f58dd679b7f2,Haslemere Evening,20:00,"1hr ",GU27 1LD,51.087511,-0.731273,Ground Floor,"Haslemere Methodist Church, Lion Green",,Wednesday,False,True,False,True,Open,,,Southdown,South East,England,Alcoholics Anonymous
217c55bd-6cc0-5ebf-a19f-f6ddbac5a8c6,Havant,19:30,1hr 30mins,PO9 1EH,50.851432,-0.982799,St Faith's Church,West St,,Wednesday,False,True,False,True,Open,,,Southdown,South East,England,Alcoholics Anonymous
22108a4f-113f-578a-8709-01201d764d7a,Hayling Island,18:30,1hr 15mins,PO11 9EY,50.787729,-0.978918,South Hayling United Reformed Church Hall,Hollow Lane,,Sunday,False,True,True,True,Open,,,Southdown,South East,England,Alcoholics Anonymous
ff214944-edcb-5ad7-87ad-d2d8eda643c4,Hayling Island Lunchtime Living Sober,11:45,1hr 15mins,PO11 9QE,50.780855,-0.960188,St Andrews Church Hall,26 Southwood Rd,,Friday,False,True,False,True,Open,,,Southdown,South East,England,Alcoholics Anonymous
4105cf0d-8adb-51f7-9cf8-d786a5c86b12,Liss,20:00,"1hr ",GU33 7DX,51.04321,-0.890051,Triangle Centre,Mill Rd,,Monday,False,True,False,True,Open,,,Southdown,South East,England,Alcoholics Anonymous
b8ea9080-3b79-55f8-aaad-890e91e52144,Newport Morning,11:30,1hr 30mins,PO30 1JW,50.699621,-1.291519,Chantry House,"Pyle St (Back Entrance Opposite Morrisons, Next To Elite Garages)",,Saturday,False,True,True,True,Open,,,Southdown,South East,England,Alcoholics Anonymous
cfaa50b4-819c-5542-8596-79b8e7d270f3,Petersfield,11:30,"1hr ",GU32 3HX,51.003104,-0.936185,St Peters Church Hall,St Peters Rd,,Thursday,False,True,False,True,Open,,,Southdown,South East,England,Alcoholics Anonymous
87db805b-272b-5c11-86cc-076c8b65aa3d,Ryde Men's,17:45,1hr 15mins,PO33 2RJ,50.726351,-1.162938,,134 High St,,Tuesday,False,True,False,False,,,,Southdown,South East,England,Alcoholics Anonymous
d9e8e251-86d4-54d4-92ee-3ab553d727d4,Reading Step N Share,18:00,1hr 15mins,RG30 1DH,51.45817,-0.995145,Valentia Rd Meeting Room,Valentia Rd,,Saturday,False,True,False,True,Open,,,Thames Valley,South Midlands,England,Alcoholics Anonymous
37c96ab7-3cad-5a03-a5ea-58e74d4c80d6,Streatley Lunchtime Daily Reflections,13:00,"1hr ",RG8 9HT,51.52334,-1.144554,The Morrell Room,Church Lane,,Monday,False,True,True,True,Open,,,Thames Valley,South Midlands,England,Alcoholics Anonymous
db18c2f8-d44f-55c4-8d61-b241efe42e8a,Gateshead,13:00,"1hr ",NE8 1EE,54.961556,-1.601943,Cgl,"47 Jackson St, First Floor Door To The Right - Press Bell For Access",,Wednesday,False,True,False,False,,,,Tyne and Northumbria,North East,England,Alcoholics Anonymous
202a3544-6b40-5235-8761-4fa27dff2d36,Newcastle George St Womens,10:30,1hr 30mins,NE4 7JN,54.967194,-1.625848,George Street Social,45-51 George St,,Tuesday,False,False,True,False,,,Chit system available.,Tyne and Northumbria,North East,England,Alcoholics Anonymous
137487c8-3f7b-56fd-9ee4-0e9c7aa26b9d,Newcastle Pogoda Ducha Polish Speaking,18:00,"1hr ",NE4 7SF,54.967155,-1.630862,Polish Centre,2 Maple Terrace,,Saturday,False,False,False,True,Open,,,Tyne and Northumbria,North East,England,Alcoholics Anonymous
a4c9d1f9-8199-5094-a8e1-70a1e94516d1,Hereford Beginners,19:30,1hr 15mins,HR2 6HQ,52.041664,-2.716387,Putson Baptist Church,41 Web Tree Ave,,Monday,False,True,False,True,Open,,,Welsh Borders,Wales and Borders,England,Alcoholics Anonymous
27864032-8f79-5897-9b44-bdffcd8fa49e,Worcester Topic,19:00,"1hr ",WR1 2DA,52.193294,-2.216565,The Granary,"Unit 6, St Martins Quarter",,Wednesday,False,True,False,False,,,Lift for wheelchair access.,Welsh Borders,Wales and Borders,England,Alcoholics Anonymous
c46c189c-783e-53a6-bf5b-8495ebbde4c8,Sturminster Newton,11:00,1hr 30mins,DT10 1DR,50.933045,-2.304247,Stour Connect,Stour View Close,,Sunday,False,True,True,True,Open,,,West Dorset,South West,England,Alcoholics Anonymous
ca574c92-c71e-57f0-b06d-d941549e58dc,Bradford?Leeds Women,20:00,"1hr ",LS28 5DJ,53.810802,-1.671192,St John’S Church Hall,"New Street, Farsley",,Wednesday,False,True,False,True,Open,,,West Riding,North East,England,Alcoholics Anonymous
2426350a-7364-55c9-8302-fa5b5c9f1c94,Featherstone Simply Recovery,19:00,1hr 15mins,WF7 5EZ,53.676007,-1.356477,St Thomas Church Hall,Victoria St,,Friday,False,True,False,True,Open,,,West Riding,North East,England,Alcoholics Anonymous
99de3412-b828-52e9-b632-a161e6653902,Kippax Step Multi-Mtg,19:30,"1hr ",LS25 7AQ,53.767494,-1.367459,Kippax Methodist Church,23 Hopewell Terrace,,Wednesday,False,True,True,True,Open,,,West Riding,North East,England,Alcoholics Anonymous
70d5f390-1612-51a9-a7b9-7f3efc450d15,Kippax Step Multi-Mtg,19:00,"1hr ",LS25 7AQ,53.767494,-1.367459,Kippax Methodist Church,23 Hopewell Terrace,,Sunday,False,True,True,True,Open,,,West Riding,North East,England,Alcoholics Anonymous
15c00fdc-8af2-554f-87cf-14570a455587,Wakefield Young Persons,12:00,"1hr ",WF1 2NE,53.707244,-1.506691,Outwood Memorial Hall,1-2 Victoria St,,Saturday,False,False,False,False,,,,West Riding,North East,England,Alcoholics Anonymous
f92676b9-fc2b-5f49-9393-6b8368cb6f73,Crawleu Step & Tradition,19:00,1hr 30mins,RH10 8ER,51.120692,-0.180254,St Paul's Methodist Church,"Woodfield Rd, Northgate",,Thursday,False,True,True,True,Open,,,West Sussex,South East,England,Alcoholics Anonymous
7af04fcf-c221-5d0c-89e5-e401d8af882c,Haywards Heath Ladies Lunch,13:00,"1hr ",RH16 1BJ,51.001405,-0.107675,The Yews,55 Boltro Rd,,Tuesday,False,True,False,False,,,,West Sussex,South East,England,Alcoholics Anonymous
97f00241-8abd-5ce5-bf7e-bffc5395ead0,"Horsham Experience, Strength & Hope",20:00,1hr 30mins,RH12 1SL,51.062617,-0.333182,Friends Meeting House,Worthing Rd (Opp Sainsbury's),,Friday,True,False,False,False,,,,West Sussex,South East,England,Alcoholics Anonymous
c8c1bc0a-1bf4-5f61-8496-05f5544bbaa9,Horsham Step & Tradition,17:30,1hr 30mins,RH12 1SL,51.062617,-0.333182,Friends Meeting House,Worthing Rd (Opp Sainsbury's),,Sunday,True,False,False,False,,,,West Sussex,South East,England,Alcoholics Anonymous
11b51ff7-0be6-5184-bccb-1181d3067d5c,Shoreham Lunchtime Daily Reflections,12:30,"1hr ",BN43 5WD,50.834201,-0.273532,Shoreham Baptist Church,1A Western Rd,,Wednesday,False,True,True,True,Open,,,West Sussex,South East,England,Alcoholics Anonymous
74c75484-3240-536b-a957-7b115546e869,Southwater Beig Book Study,20:30,"1hr ",RH13 9BT,51.025259,-0.358537,Southwater Village Hall,Church Lane,,Monday,False,True,False,False,,,,West Sussex,South East,England,Alcoholics Anonymous
e3e33df4-56ea-5a0d-a332-2aa0dbda1a20,Holmfirth 12 & 12,19:30,"1hr ",HD9 6AH,53.604455,-1.792727,Parish Rooms,"Church St, Honley",,Friday,False,False,False,False,,,,West Yorkshire,North East,England,Alcoholics Anonymous
e07e9be5-87a7-510a-9b7b-b478e5846001,Huddersfield The Hub,15:00,"1hr ",HD1 2BP,53.645108,-1.783831,Tbrp Huddersfield,"Union Bank, 3A Union Bank Yard, New St",,Wednesday,False,True,False,True,Open,,,West Yorkshire,North East,England,Alcoholics Anonymous
430677e6-b465-59e9-b63d-765ebf3c5b47,Northowram,18:30,"1hr ",HX3 7HH,53.737977,-1.828805,Northowram Community Centre,"Back Clough, Northowram",,Tuesday,False,True,False,True,Open,,Doors open 18:00.,West Yorkshire,North East,England,Alcoholics Anonymous
a3f66c49-fafd-57e7-9f82-3e3baec9b18e,Slaithwaite Step 11 Meditation Monthly Meeting,19:30,1hr 30mins,HD7 5JN,53.622505,-1.87998,Colne Valley Group Practice,"The Globe, Bridge St, Slaithwaite",,Wednesday,False,True,False,False,,,"Meetings are held on the last Wednesday of each month only. There is a car park but all cars MUST register their details, free of charge, via an app (details available upon arrival), failure to do so will result in a fine. Registration of car details is the full responsibility of the car driver. Alternatively there is ample on street parking on Bridge St.",West Yorkshire,North East,England,Alcoholics Anonymous
38fbb38d-c4d0-56ac-8478-b718ba3c23eb,Bath A.M.,07:30,"1hr ",BA1 5LJ,51.384381,-2.360562,St Michaels Without,Broad St,,Friday,False,False,False,False,,,,Wiltshire and Bath,South Midlands,England,Alcoholics Anonymous
34c4f4f1-105e-5e83-85ed-20c543e366ba,Corsham Meditation,19:30,"1hr ",SN13 0BY,51.433913,-2.183997,St Bartholomew's Church Rooms,3 Church St,,Thursday,False,False,False,False,,,A 20 minute Step 11 silent meditation and open sharing.,Wiltshire and Bath,South Midlands,England,Alcoholics Anonymous
f8df509a-8b4a-5c2a-ac96-317a2b8fd0e0,Frome Womens,17:15,"1hr ",BA11 1PL,51.230152,-2.321058,St John's Cottage,Church Steps,,Saturday,False,False,False,False,,,Small Big Book focused meeting for women. Sorry no dogs are permitted in the building. Meeting is up a flight of stairs.,Wiltshire and Bath,South Midlands,England,Alcoholics Anonymous
e191e5ce-64aa-57df-b9ad-05aedb16cb46,Marlborough Women's Monthly Mtg,19:00,"2hr ",SN8 1AP,51.421795,-1.728643,St Mary's Church Hall,Silverless St,,Thursday,False,False,False,False,,,This meeting is held on the first Thursday of each month only.,Wiltshire and Bath,South Midlands,England,Alcoholics Anonymous
bcdeb896-247e-5223-8449-8fd4a6e515d7,Birkenhead Women In Recovery,12:00,1hr 30mins,CH42 3YN,53.379258,-3.015718,Neo Community Centre,"Beaconsfield Close, Rock Ferry",,Thursday,False,False,False,False,,,,Wirral,North West,England,Alcoholics Anonymous
46931b84-9dd9-50a0-acf7-d5bc0538ffb1,Wallasey Village,19:30,1hr 30mins,CH45 3LP,53.427075,-3.066732,United Reformed Church,Wallasey Village,,Wednesday,False,True,False,False,,,,Wirral,North West,England,Alcoholics Anonymous
7bd067d1-147d-5f43-bc07-4231e9b2bba9,Craigavon Maghaberry,20:00,,BT67 0JG,54.512739,-6.170899,Maghaberry Community Centre,"Maghaberry Road,Craigavon,Moira,Co. Armagh",,Wednesday,False,False,False,False,,,,,,Northern Ireland,Alcoholics Anonymous
4d8098e2-b603-5710-b8c4-6349c1b8c2da,Derry Creggan Group AA,20:30,,BT48 9QE,54.996329,-7.34452,St. Mary's Church,"1 Fanad Drive,Creggan,Derry",,Thursday,False,False,False,False,,Steps,,,,Northern Ireland,Alcoholics Anonymous
3d27302a-d668-50c2-82bd-b66f9b789d32,Derry Creggan Group AA,20:30,,BT48 9QE,54.996329,-7.34452,St. Mary's Church,"1 Fanad Drive,Creggan,Derry",,Sunday,False,False,False,False,,,,,,Northern Ireland,Alcoholics Anonymous
ace7dfdc-127d-58e8-986d-6922b623d74d,Dungannon Blackwatertown Sunday Meeting Group,19:00,,BT71 7JZ,54.411342,-6.743651,Benburb Priory,"10 Main Street,Benburb,Dungannon",,Sunday,False,False,False,False,,,Sunday Closed Meeting time is 19.00 - 20.30,,,Northern Ireland,Alcoholics Anonymous
2d8f0650-86b1-5e4b-a296-ad8143a3d386,Newry Old Dublin Road,20:30,,BT35 8RL,54.121457,-6.353573,Cuan Mhuire,"200 Old Dublin Road,Newry,Co. Armagh",,Monday,False,False,False,False,,,,,,Northern Ireland,Alcoholics Anonymous
bf1ee9ae-d105-592d-899a-dde98e002410,Newry Old Dublin Road,20:30,,BT35 8RL,54.121457,-6.353573,Cuan Mhuire,"200 Old Dublin Road,Newry,Co. Armagh",,Wednesday,False,False,False,False,,Steps,,,,Northern Ireland,Alcoholics Anonymous
f5e08b2f-42e8-5b70-bf45-28a404747388,Newry Old Dublin Road,20:30,,BT35 8RL,54.121457,-6.353573,Cuan Mhuire,"200 Old Dublin Road,Newry,Co. Armagh",,Friday,False,False,False,False,,,,,,Northern Ireland,Alcoholics Anonymous
d3ed56d8-7c8f-54fa-9f51-5f93bd6434b0,Newry Waterstreet,10:30,,BT34 1AT,54.174585,-6.338506,Newry Cathedral,"38-40 Hill Street,Newry,Co. Armagh",,Monday,False,False,False,False,,,,,,Northern Ireland,Alcoholics Anonymous
48531e30-3b28-5b5b-aea6-b5c3bd7b3604,Newry Waterstreet,10:30,,BT34 1AT,54.174585,-6.338506,Newry Cathedral,"38-40 Hill Street,Newry,Co. Armagh",,Tuesday,False,False,False,False,,Steps,,,,Northern Ireland,Alcoholics Anonymous
9c163788-58a3-5817-aaf8-e9ba04c5d5bc,Newry Waterstreet,10:30,,BT34 1AT,54.174585,-6.338506,Newry Cathedral,"38-40 Hill Street,Newry,Co. Armagh",,Wednesday,False,False,False,False,,,,,,Northern Ireland,Alcoholics Anonymous
7e8e919c-6e7d-5ff8-9647-fef55aa5f866,Newry Waterstreet,10:30,,BT34 1AT,54.174585,-6.338506,Newry Cathedral,"38-40 Hill Street,Newry,Co. Armagh",,Thursday,False,False,False,False,,Tradition,,,,Northern Ireland,Alcoholics Anonymous
affcd67b-487c-54d1-be8e-7eee826aa712,Newry Waterstreet,10:30,,BT34 1AT,54.174585,-6.338506,Newry Cathedral,"38-40 Hill Street,Newry,Co. Armagh",,Friday,False,False,False,False,,,,,,Northern Ireland,Alcoholics Anonymous
5ccc8a41-e0e1-5c5a-8329-3ff6687e9da1,Newtownards North Down,20:30,,BT23 4AS,54.59374,-5.706072,Lough House,"Ards Hospital,Church Street,Newtownards,Co. Down",,Monday,False,False,False,False,,,,,,Northern Ireland,Alcoholics Anonymous
174b1941-151f-5506-9c36-f69c8d085a0c,Newtownards North Down,20:30,,BT23 4AS,54.59374,-5.706072,Lough House,"Ards Hospital,Church Street,Newtownards,Co. Down",,Tuesday,False,False,False,False,,,,,,Northern Ireland,Alcoholics Anonymous
e9d0628c-8d48-53ae-9d5b-19e533557ebf,Newtownards North Down,20:30,,BT23 4AS,54.59374,-5.706072,Lough House,"Ards Hospital,Church Street,Newtownards,Co. Down",,Friday,False,False,False,False,,,,,,Northern Ireland,Alcoholics Anonymous
fd453238-1f9b-54e5-b5b0-cf771c34e7cc,Newtownards North Down,20:30,,BT23 4AS,54.59374,-5.706072,Lough House,"Ards Hospital,Church Street,Newtownards,Co. Down",,Saturday,False,False,False,False,,,,,,Northern Ireland,Alcoholics Anonymous
4807fbb7-45f3-57d7-95a0-45e37eccb039,Newtownards North Down,11:30,,BT23 4AS,54.59374,-5.706072,Lough House,"Ards Hospital,Church Street,Newtownards,Co. Down",,Sunday,False,False,False,False,,,,,,Northern Ireland,Alcoholics Anonymous
218d6a96-70a1-55c1-a96a-30a6022878fe,Newtownards North Down,19:00,,BT23 4AS,54.59374,-5.706072,Lough House,"Ards Hospital,Church Street,Newtownards,Co. Down",,Sunday,False,False,False,False,,,,,,Northern Ireland,Alcoholics Anonymous
88f0b282-92a8-5f41-b7d9-1c9508f690d3,Ballymoney,20:00,,BT53 6JZ,55.0675054,-6.5165834,,"75 Castle Street,Ballymoney,Antrim,BT53 6J4",,Tuesday,False,False,False,False,,,,Antrim,Northern Ireland,Northern Ireland,Alcoholics Anonymous
9cff1455-092b-593c-a9c0-b5ef6c155ca5,Belfast Antrim Road Group,20:30,,BT15 2BP,54.609663,-5.935127,Ashton Centre,"5 Churchill Street,Belfast,Co. Antrim",,Tuesday,False,False,False,True,,,,Antrim,Northern Ireland,Northern Ireland,Alcoholics Anonymous
1af343e7-0032-5263-b904-edd08cd7b9da,Belfast Antrim Road Group,20:30,,BT15 2BP,54.609663,-5.935127,Ashton Centre,"5 Churchill Street,Belfast,Co. Antrim",,Friday,False,False,False,False,,Steps,,Antrim,Northern Ireland,Northern Ireland,Alcoholics Anonymous
8838d7dc-fd4c-5efd-a6a6-558e5253cd18,Belfast Antrim Road Group,20:30,,BT15 2BP,54.609663,-5.935127,Ashton Centre,"5 Churchill Street,Belfast,Co. Antrim",,Saturday,False,False,False,False,,,,Antrim,Northern Ireland,Northern Ireland,Alcoholics Anonymous
44907c29-3cf6-5461-a5fe-248e8312f4b8,Belfast Antrim Road Group,20:30,,BT15 2BP,54.609663,-5.935127,Ashton Centre,"5 Churchill Street,Belfast,Co. Antrim",,Sunday,False,False,False,False,,,,Antrim,Northern Ireland,Northern Ireland,Alcoholics Anonymous
ea700ee4-5caa-5728-a3ed-4e49232e59ea,Belfast Donegal Pass,12:00,,BT7 1BL,54.590867,-5.928838,Community Centre,"25 Apsley Street,Belfast,Co. Antrim",,Thursday,False,False,False,False,,,,Antrim,Northern Ireland,Northern Ireland,Alcoholics Anonymous
c80a2590-8908-5365-aff5-72856d7f99d9,Lisburn 23 Railway Street,14:30,,BT28 1XG,54.51214,-6.043159,,"23 Railway Street,Lisburn,Co. Antrim",,Saturday,False,False,False,False,,,,Antrim,Northern Ireland,Northern Ireland,Alcoholics Anonymous
9ce438f4-962b-5d3b-8d11-1e83da42ad9b,Loughgiel Group Of AA,20:00,,BT44 9JN,55.059707,-6.314022,Loughgiel Millennium Centre,"38 Lough Road,Loughgiel,Ballymena",,Friday,False,False,False,False,,,"Step Meeting 1st Friday of Month
Loughgiel Group of AA (Formerly Cloughmills Group AA)",Antrim,Northern Ireland,Northern Ireland,Alcoholics Anonymous
04d2f9b0-2577-5408-bba3-baada54f2ca7,Ballygawley,20:30,,BT70 2HD,54.462037,-7.027868,Fairfield House,"Main Street,Ballygawley Playing Fields,Ballygawley,Co. Tyrone",,Saturday,False,False,False,False,,,,Tyrone,Northern Ireland,Northern Ireland,Alcoholics Anonymous
8e1d3cc4-231f-5306-a702-b9006fa0c656,Abbeyfeale,15:00,,V94 F7D9,52.3870384,-9.2912652,Parish Office,"Convent Street,Abbeyfeale,Co. Limerick",,Wednesday,False,False,False,False,,,,,,Republic of Ireland,Alcoholics Anonymous
8202b637-46f4-54b5-b4d9-16704a99d39a,Abbeyfeale,20:30,,V94 F7D9,52.3870384,-9.2912652,Parish Office,"Convent Street,Abbeyfeale,Co. Limerick",,Friday,False,False,False,False,,,,,,Republic of Ireland,Alcoholics Anonymous
a0c6737f-939d-514a-a8fa-baadd2bdc406,Abbeyfeale,10:30,,V94 F7D9,52.3870384,-9.2912652,Parish Office,"Convent Street,Abbeyfeale,Co. Limerick",,Sunday,False,False,False,False,,Steps,,,,Republic of Ireland,Alcoholics Anonymous
7554e05b-dd50-582a-b226-e6bd35934000,Abbeyfeale Mountcollins,20:30,,V94 K036,52.3218899,-9.2079353,Mountcollins National School,"Caherlevoy Mountcollins,Abbeyfeale Co. Limerick",,Tuesday,False,False,False,False,,,,,,Republic of Ireland,Alcoholics Anonymous
43902264-7a51-5ec3-b17e-afdbbcaed140,Adare,20:30,,V94 V0Y0,52.5634729,-8.7930445,The Village Hall,"Adare,Co. Limerick",,Sunday,False,False,False,False,,,,,,Republic of Ireland,Alcoholics Anonymous
0abb4af9-20a9-5779-8f2d-d45b4bedccc3,Ardee Recovery Group,20:30,,A92 DRN0,53.8568698,-6.5492463,Saint Brigid's Hospital,"Kells Road,Ardee,Co. Louth",,Tuesday,False,False,False,False,,,"Zoom Meeting: : 
Meeting ID - 676193944
Password - 326067",,,Republic of Ireland,Alcoholics Anonymous
e57c92d7-27d6-542d-9745-f93ca8fc8e8e,Ardee Recovery Group,20:30,,A92 DRN0,53.8568698,-6.5492463,Saint Brigid's Hospital,"Kells Road,Ardee,Co. Louth",,Saturday,False,False,False,False,,,"Zoom Meeting: : 
Meeting ID - 676193944
Password - 326067",,,Republic of Ireland,Alcoholics Anonymous
f4d2fd47-f164-5e17-a377-5a5e4ce104da,Arklow,20:00,,Y14 RV04,52.7975257,-6.1663672,CBS School,"Coolgreaney Road,,Arklow,Co. Wicklow",,Tuesday,False,False,False,False,,,,,,Republic of Ireland,Alcoholics Anonymous
9460edcd-111d-5d2b-b226-16d13b831727,Arklow,20:00,,Y14 RV04,52.7975257,-6.1663672,CBS School,"Coolgreaney Road,,Arklow,Co. Wicklow",,Thursday,False,False,False,False,,,,,,Republic of Ireland,Alcoholics Anonymous
a4aba363-1c64-501f-bffb-e69d06a39ead,Arklow,11:30,,Y14 RV04,52.7975257,-6.1663672,CBS School,"Coolgreaney Road,,Arklow,Co. Wicklow",,Sunday,False,False,False,False,,,,,,Republic of Ireland,Alcoholics Anonymous
2e0427b0-7488-538b-bd0b-862de0051184,Askeaton Limerick,20:30,,V94 EH9Y,52.6026898,-8.9732385,Askeaton Community Centre,"The Quay,Askeaton,Co. Limerick",,Thursday,False,False,False,False,,,,,,Republic of Ireland,Alcoholics Anonymous
55983d6a-0c5d-5ca1-ad1a-4d4fde49b4ab,Askeaton Limerick,10:00,,V94 EH9Y,52.6026898,-8.9732385,Askeaton Community Centre,"The Quay,Askeaton,Co. Limerick",,Sunday,False,False,False,False,,,,,,Republic of Ireland,Alcoholics Anonymous
42a266fd-e8f9-5f45-8703-49697ac355d9,Athboy Group,20:00,,C15 P280,53.6202232,-6.9213359,Athboy Convent Community Centre,"Beechgrove,Athboy,Co. Meath",,Sunday,False,False,False,False,,,Meeting finishes at 9:15PM,,,Republic of Ireland,Alcoholics Anonymous
27f8dcdc-b289-542d-a1a4-f43b033014ed,Athboy Road Group,20:00,,C15 Y9VA,53.5529484,-6.8018407,The Mens Shed,"Eamon Duggan Industrial Estate,Trim,Co. Meath",,Tuesday,False,False,False,False,,,,,,Republic of Ireland,Alcoholics Anonymous
95e62dfd-e704-5589-b79a-c9f71c30ce21,Athboy Road Group,18:30,,C15 Y9VA,53.5529484,-6.8018407,The Mens Shed,"Eamon Duggan Industrial Estate,Trim,Co. Meath",,Thursday,False,False,False,False,,,,,,Republic of Ireland,Alcoholics Anonymous
4a05fa13-da48-5b68-9f68-b047992a2626,Athboy Road Group,11:00,,C15 Y9VA,53.5529484,-6.8018407,The Mens Shed,"Eamon Duggan Industrial Estate,Trim,Co. Meath",,Sunday,False,False,False,False,,,,,,Republic of Ireland,Alcoholics Anonymous
13a29271-5c59-5084-a14d-3348305227e5,Athlone Bower,20:00,,N37 TR58,53.4224561,-7.9221457,Our Lady's Bower Secondary School,"Retreat Road,Athlone,Co. Westmeath",,Saturday,False,False,False,False,,,,,,Republic of Ireland,Alcoholics Anonymous
aa74a20e-60f0-52c4-b5f5-f03f81bcd448,Athlone Dr. Dobbs,20:15,,N37 V9K6,53.4217151,-7.9459879,Resource Centre,"Patrick Street,Off Connaught Street.,Athlone,Co. Westmeath",,Tuesday,False,False,False,False,,,,,,Republic of Ireland,Alcoholics Anonymous
87b1eda9-b29a-550e-89d4-e748f25eae42,Athlone Dr. Dobbs,20:15,,N37 V9K6,53.4217151,-7.9459879,Resource Centre,"Patrick Street,Off Connaught Street.,Athlone,Co. Westmeath",,Thursday,False,False,False,False,,,,,,Republic of Ireland,Alcoholics Anonymous
aae4f7fa-f8ab-509b-9c27-bae095877441,Athlone St. Kieran’S Group,12:30,,N37 W7P3,53.4315566,-7.9429328,St. Kieran's Community Centre,"Tormey Villas,Athlone,Co. Westmeath",,Sunday,False,False,False,False,,,,,,Republic of Ireland,Alcoholics Anonymous
bd92b830-06ce-5acd-8fad-bdd8b6a5ab37,Athlone St. Mary’S,13:00,,N37 H270,53.4235429,-7.9337143,St. Ciarans House,"Knights Hall,St. Mary's Square,Athlone,Co. Westmeath",,Monday,False,False,False,False,,,Trad. meeting last Saturday of month,,,Republic of Ireland,Alcoholics Anonymous
bb4221b9-bfc9-55be-b053-e238f2c4b8e2,Athlone St. Mary’S,13:00,,N37 H270,53.4235429,-7.9337143,St. Ciarans House,"Knights Hall,St. Mary's Square,Athlone,Co. Westmeath",,Tuesday,False,False,False,False,,,Trad. meeting last Saturday of month,,,Republic of Ireland,Alcoholics Anonymous
eefa157d-0e81-5899-89d8-9dad87bc926b,Athlone St. Mary’S,13:00,,N37 H270,53.4235429,-7.9337143,St. Ciarans House,"Knights Hall,St. Mary's Square,Athlone,Co. Westmeath",,Wednesday,False,False,False,False,,,Trad. meeting last Saturday of month,,,Republic of Ireland,Alcoholics Anonymous
193497e7-20da-521a-ae14-3f92332ced5f,Athlone St. Mary’S,13:00,,N37 H270,53.4235429,-7.9337143,St. Ciarans House,"Knights Hall,St. Mary's Square,Athlone,Co. Westmeath",,Thursday,False,False,False,False,,Steps,Trad. meeting last Saturday of month,,,Republic of Ireland,Alcoholics Anonymous
cfb27ce0-02d2-5f3b-878d-a64d02c601f0,Athlone St. Mary’S,13:00,,N37 H270,53.4235429,-7.9337143,St. Ciarans House,"Knights Hall,St. Mary's Square,Athlone,Co. Westmeath",,Friday,False,False,False,False,,,Trad. meeting last Saturday of month,,,Republic of Ireland,Alcoholics Anonymous
2b6b1582-4caa-5e7f-93d9-5f174a439062,Athlone St. Mary’S,13:00,,N37 H270,53.4235429,-7.9337143,St. Ciarans House,"Knights Hall,St. Mary's Square,Athlone,Co. Westmeath",,Saturday,False,False,False,False,,,Trad. meeting last Saturday of month,,,Republic of Ireland,Alcoholics Anonymous
e44e19c7-5b98-55b5-85c8-f5b99c0659b5,Athlone Young At Heart AA Group,20:00,,N37 WK25,53.4235426,-7.981653,Monksland Community Centre,"Athlone,Co. Westmeath",,Wednesday,False,False,False,False,,Big Book,,,,Republic of Ireland,Alcoholics Anonymous
8e9afe9d-ae97-58cb-81c2-933b569c2814,Athlone Young At Heart AA Group,09:00,,N37 WK25,53.4235426,-7.981653,Monksland Community Centre,"Athlone,Co. Westmeath",,Saturday,False,False,False,False,,,,,,Republic of Ireland,Alcoholics Anonymous
a39d490c-3043-58a9-951e-e17d439a5c17,Athy Live & Let Live 2,20:30,,,53.007048,-7.0061313,Cuan Mhuire Treatment Centre,"Vicarstown Road,Athy,Co. Kildare",,Tuesday,False,False,False,False,,,,,,Republic of Ireland,Alcoholics Anonymous
03dac39c-2042-583a-a105-3c5769269452,Athy Live & Let Live 2,20:30,,,53.007048,-7.0061313,Cuan Mhuire Treatment Centre,"Vicarstown Road,Athy,Co. Kildare",,Saturday,False,False,False,False,,,,,,Republic of Ireland,Alcoholics Anonymous
9e0af506-91c1-5a26-8a34-97ca84dfb529,Balbriggan Cairde,20:00,,K32 PK40,53.6073748,-6.1789662,Cairde Building,"Old St. Georges School,Hampton Street,Balbriggan,Co. Dublin",,Tuesday,False,False,False,False,,,"Tea, Coffee, Snacks always available.",,,Republic of Ireland,Alcoholics Anonymous
c60d0971-f761-5b9e-84ac-c66f16e37d5a,Balbriggan Cairde,19:30,,K32 PK40,53.6073748,-6.1789662,Cairde Building,"Old St. Georges School,Hampton Street,Balbriggan,Co. Dublin",,Sunday,False,False,False,False,,,"Tea, Coffee, Snacks always available.",,,Republic of Ireland,Alcoholics Anonymous
7003339c-73a7-5118-8429-cfa4078f2143,Ballina Big Book Group,13:00,,F26 X310,54.1141382,-9.1588591,Community Centre,"Teeling Street,Ballina,Co. Mayo",,Tuesday,False,False,False,False,,,,,,Republic of Ireland,Alcoholics Anonymous
24c018cf-1c0e-5f5e-ba43-2df0a1d1020f,Ballina Big Book Group,20:30,,F26 X310,54.1141382,-9.1588591,Community Centre,"Teeling Street,Ballina,Co. Mayo",,Tuesday,False,False,False,False,,,,,,Republic of Ireland,Alcoholics Anonymous
b432622a-5d08-5b55-a2ee-a76fcf3c7dbb,Ballina Big Book Group,13:00,,F26 X310,54.1141382,-9.1588591,Community Centre,"Teeling Street,Ballina,Co. Mayo",,Thursday,False,False,False,False,,,,,,Republic of Ireland,Alcoholics Anonymous
c8138677-973a-5659-a4ed-fdeef611d4de,Ballina Big Book Group,18:00,,F26 X310,54.1141382,-9.1588591,Community Centre,"Teeling Street,Ballina,Co. Mayo",,Thursday,False,False,False,False,,,,,,Republic of Ireland,Alcoholics Anonymous
2e30725c-4632-5558-b9e3-6b13f7ddc782,Ballina Big Book Group,13:00,,F26 X310,54.1141382,-9.1588591,Community Centre,"Teeling Street,Ballina,Co. Mayo",,Saturday,False,False,False,False,,,,,,Republic of Ireland,Alcoholics Anonymous
0003f91f-349a-5975-bf6d-37ac7b2286d9,Ballina Big Book Group,18:00,,F26 X310,54.1141382,-9.1588591,Community Centre,"Teeling Street,Ballina,Co. Mayo",,Sunday,False,False,False,False,,,,,,Republic of Ireland,Alcoholics Anonymous
299b9b16-8b34-5c2e-ab5d-5d0cfcc64c89,Ballina Matt Talbot,20:30,,F26 X8W8,54.1125843,-9.1554941,Casement Street,"Ballina,Co. Mayo",,Wednesday,False,False,False,False,,,"Blue fronted building, down from Post Office
Meeting room on 1st Floor",,,Republic of Ireland,Alcoholics Anonymous
ad2e69d3-eb95-5719-bdbb-26891c1c9b3c,Ballina Matt Talbot,20:30,,F26 X8W8,54.1125843,-9.1554941,Casement Street,"Ballina,Co. Mayo",,Thursday,False,False,False,False,,,"Blue fronted building, down from Post Office
Meeting room on 1st Floor",,,Republic of Ireland,Alcoholics Anonymous
46fc4ed9-16c8-501c-a52d-1a6985c3a433,Ballina Matt Talbot,20:30,,F26 X8W8,54.1125843,-9.1554941,Casement Street,"Ballina,Co. Mayo",,Saturday,False,False,False,False,,,"Blue fronted building, down from Post Office
Meeting room on 1st Floor",,,Republic of Ireland,Alcoholics Anonymous
2fb99bf3-a036-51f6-a1af-08168aa3a48c,Ballinacarrow,20:30,,F56 CY96,54.133655,-8.5617614,Ballinacarrow Community Centre,"St Josephs Hall,Ballinacarrow,Co. Sligo",,Wednesday,False,False,False,False,,Steps & Tradition,,,,Republic of Ireland,Alcoholics Anonymous
7a2389f8-c985-5267-a192-d1f4d306819f,Ballinrobe,20:30,,F31 KT57,53.6231604,-9.2230011,Credit Untion House,"Main Street,Ballinrobe,Co. Mayo",,Tuesday,False,False,False,False,,,"First Door on left. 2nd Floor, Credit Union Building, Tacu, Main Street, (through Archway Gate)
Summer 9.00pm Winter 8.30pm",,,Republic of Ireland,Alcoholics Anonymous
d3caf364-a842-546d-addc-eda80687f76f,Ballinrobe,20:30,,F31 KT57,53.6231604,-9.2230011,Credit Untion House,"Main Street,Ballinrobe,Co. Mayo",,Friday,False,False,False,False,,,"First Door on left. 2nd Floor, Credit Union Building, Tacu, Main Street, (through Archway Gate)
Summer 9.00pm Winter 8.30pm",,,Republic of Ireland,Alcoholics Anonymous
d801b823-9adc-5427-aa04-5506b0265664,Ballintubber,12:00,,F12 A8N9,53.7471184,-9.2989858,Celtic Furrow,"Ballintubber,Co. Mayo",,Sunday,False,False,False,False,,,,,,Republic of Ireland,Alcoholics Anonymous
ea9e392f-6b7c-52c3-87b5-b853b029bdec,Ballybay Corfad,20:30,,A75 RX68,54.1362047,-6.9102821,Cuan Mhuire,"Corfad,Monaghan Road,Ballybay,Co. Monaghan",,Monday,False,False,False,False,,,,,,Republic of Ireland,Alcoholics Anonymous
4f6f227b-766b-579b-a1fc-b7910559ebf0,Ballybay Corfad,13:00,,A75 RX68,54.1362047,-6.9102821,Cuan Mhuire,"Corfad,Monaghan Road,Ballybay,Co. Monaghan",,Thursday,False,False,False,False,,,,,,Republic of Ireland,Alcoholics Anonymous
4b502123-3a71-50b0-b4fe-8c5664f451ae,Ballybay Corfad,20:30,,A75 RX68,54.1362047,-6.9102821,Cuan Mhuire,"Corfad,Monaghan Road,Ballybay,Co. Monaghan",,Friday,False,False,False,False,,,,,,Republic of Ireland,Alcoholics Anonymous
e47a4624-d8a9-5cfe-b6a9-8e7587dc6ae9,Ballybay Corfad,11:30,,A75 RX68,54.1362047,-6.9102821,Cuan Mhuire,"Corfad,Monaghan Road,Ballybay,Co. Monaghan",,Saturday,False,False,False,False,,,,,,Republic of Ireland,Alcoholics Anonymous
80024cb4-6e53-5ed8-813a-6612958625c6,Ballybay Friday Night Group,20:30,,A75 RX68,54.1362047,-6.9102821,Cuan Mhuire,"Corfad,Monaghan Road,Ballybay,Co. Monaghan",,Friday,False,False,False,False,,,Step Mtg.1st Fri of month,,,Republic of Ireland,Alcoholics Anonymous
28099f5e-5f5f-5b1f-a7b7-64bbbaac047c,Ballybunion,20:00,,V31 RT61,52.5172099,-9.6753927,St Josephs Secondary School,"Doon Road,Ballybunion,Co. Kerry",,Monday,False,False,False,False,,Steps,Via the upper car park.,,,Republic of Ireland,Alcoholics Anonymous
fbdbe7e6-d378-5560-8995-1c1f55763168,Ballybunion,20:00,,V31 RT61,52.5172099,-9.6753927,St Josephs Secondary School,"Doon Road,Ballybunion,Co. Kerry",,Saturday,False,False,False,False,,,Via the upper car park.,,,Republic of Ireland,Alcoholics Anonymous
7fbfdf11-b337-51fd-9437-4e4901fd6c43,Ballydesmond,20:30,,P51 PR92,52.2106045,-9.1879469,The Old School,"Foilogohig Heritage Centre,Ballydesmond,Co. Cork",,Monday,False,False,False,False,,Steps,,,,Republic of Ireland,Alcoholics Anonymous
ca7d1947-938a-5928-8806-7e0363bcf969,Ballygarrett,20:30,,,52.5731365,-6.2296863,Church Of Our Lady Star Of The Sea,"Ballygarrett,Co. Wexford",,Tuesday,False,False,False,False,,,,,,Republic of Ireland,Alcoholics Anonymous
41bdcc0a-7b13-5c4f-b4ca-1959bfe56179,Ballygarrett,20:30,,,52.5731365,-6.2296863,Church Of Our Lady Star Of The Sea,"Ballygarrett,Co. Wexford",,Saturday,False,False,False,False,,Steps,,,,Republic of Ireland,Alcoholics Anonymous
86467a7d-4b41-5e21-8009-bd0e1d35e064,Belmullet,21:00,,F26 VY42,54.2156865,-9.9798541,Irish Wheelchair Association Centre,"1 College Park,Belmullet,Ballina,Co. Mayo",,Tuesday,False,False,False,False,,,,,,Republic of Ireland,Alcoholics Anonymous
3619b5f4-6634-508f-add1-12262bad353a,Belmullet,19:00,,F26 VY42,54.2156865,-9.9798541,Irish Wheelchair Association Centre,"1 College Park,Belmullet,Ballina,Co. Mayo",,Sunday,False,False,False,False,,,,,,Republic of Ireland,Alcoholics Anonymous
f7748062-5582-5b65-9244-10f74b48084e,Birr,20:30,,R42 AX23,53.1249311,-7.7892762,St. Brendan's Hall,"(Red Door,Upstairs),Beside St.Brendan's Church Of Ireland,Emmet Street,Birr,Co. Offaly",,Tuesday,False,False,False,False,,,,,,Republic of Ireland,Alcoholics Anonymous
ccb4fb32-9c94-5bf5-b4a1-f28b9d917987,Birr,20:30,,R42 AX23,53.1249311,-7.7892762,St. Brendan's Hall,"(Red Door,Upstairs),Beside St.Brendan's Church Of Ireland,Emmet Street,Birr,Co. Offaly",,Friday,False,False,False,False,,,,,,Republic of Ireland,Alcoholics Anonymous
e4db3fcd-702e-50fd-9148-ef4aadc719f3,Birr,20:30,,R42 AX23,53.1249311,-7.7892762,St. Brendan's Hall,"(Red Door,Upstairs),Beside St.Brendan's Church Of Ireland,Emmet Street,Birr,Co. Offaly",,Sunday,False,False,False,False,,Steps,,,,Republic of Ireland,Alcoholics Anonymous
cc9005c5-2230-5d36-bf91-9522089068ea,Birr St Francis Group,20:30,,R42 T284,53.095931,-7.9077607,Parochial House,"John's Mall,Birr,Co. Offaly",,Thursday,False,False,False,False,,,,,,Republic of Ireland,Alcoholics Anonymous
77a5231b-ba08-51b5-af40-b60b646efdfe,Borrisoleigh,19:00,,E41 PH33,52.7500375,-7.9570186,Parochial House,"Pallas Street,Borrisoleigh,Co. Tipperary",,Sunday,False,False,False,False,,,,,,Republic of Ireland,Alcoholics Anonymous
cc7b6494-ed79-50b3-8c37-ae5a48854842,Bray,13:00,,A98 K590,53.2090239,-6.1166463,St. Peter's Parish Hall,"Chapel Lane,Little Bray,Co. Wicklow",,Monday,False,False,False,False,,,,,,Republic of Ireland,Alcoholics Anonymous
3f6c71e9-7750-5129-9a95-bf5eafef714e,Bray,20:30,,A98 K590,53.2090239,-6.1166463,St. Peter's Parish Hall,"Chapel Lane,Little Bray,Co. Wicklow",,Monday,False,False,False,False,,,,,,Republic of Ireland,Alcoholics Anonymous
7f933c64-fe53-567a-ac27-b263625a13f9,Bray,13:00,,A98 K590,53.2090239,-6.1166463,St. Peter's Parish Hall,"Chapel Lane,Little Bray,Co. Wicklow",,Tuesday,False,False,False,False,,,,,,Republic of Ireland,Alcoholics Anonymous
1d143d7f-236a-5246-9632-c0d8331ca457,Bray,13:00,,A98 K590,53.2090239,-6.1166463,St. Peter's Parish Hall,"Chapel Lane,Little Bray,Co. Wicklow",,Wednesday,False,False,False,False,,,,,,Republic of Ireland,Alcoholics Anonymous
e5ee20e8-9ff7-5f2b-bbb4-e85f9ead9806,Bray,13:00,,A98 K590,53.2090239,-6.1166463,St. Peter's Parish Hall,"Chapel Lane,Little Bray,Co. Wicklow",,Thursday,False,False,False,False,,,,,,Republic of Ireland,Alcoholics Anonymous
73257969-d16b-51e5-a288-725721c643fe,Bray,13:00,,A98 K590,53.2090239,-6.1166463,St. Peter's Parish Hall,"Chapel Lane,Little Bray,Co. Wicklow",,Friday,False,False,False,False,,,,,,Republic of Ireland,Alcoholics Anonymous
0b9dc8e8-d926-5723-94b8-814de3612eb6,Bray,13:00,,A98 K590,53.2090239,-6.1166463,St. Peter's Parish Hall,"Chapel Lane,Little Bray,Co. Wicklow",,Saturday,False,False,False,False,,,,,,Republic of Ireland,Alcoholics Anonymous
4a97195c-abbd-5212-90a2-52a96f6a0ac9,Bray Town Centre Living Sober,10:30,,A98 CV61,53.2033717,-6.1068136,Epworth Hall,"Florence Road,Bray,Co. Wicklow",,Saturday,False,False,False,False,,,,,,Republic of Ireland,Alcoholics Anonymous
5d44a822-ed6a-577e-97b1-44754f1f1a17,Bridgetown,20:30,,Y35 A718,52.232363,-6.5529508,Kilmore Scope,"AOH Hall,Bridgetown,Co. Wexford",,Tuesday,False,False,False,False,,,,,,Republic of Ireland,Alcoholics Anonymous
fd66a0bb-bcab-58bc-8c53-b4b0c71f531d,Cahir Towns Park,20:00,,E21 KV00,52.3736303,-7.9237042,St Marys Parish Rooms,"10-14 St Marys Road,,Cahir,Co. Tipperary",,Wednesday,False,False,False,False,,,,,,Republic of Ireland,Alcoholics Anonymous
399480c1-8ce9-5955-a7fd-14d0c7281dc9,Cahir Towns Park,11:00,,E21 KV00,52.3736303,-7.9237042,St Marys Parish Rooms,"10-14 St Marys Road,,Cahir,Co. Tipperary",,Sunday,False,False,False,False,,,,,,Republic of Ireland,Alcoholics Anonymous
ce77879f-77cf-5247-a8ae-9f33c65f842b,Cahir Townspark 12 Step,19:00,,,52.3745296,-7.9252469,Parish Rooms,"St. Mary's Road,Cahir,Co. Tipperary",,Saturday,False,False,False,False,,Steps,Tradition Meeting last Thursday of every month,,,Republic of Ireland,Alcoholics Anonymous
ed1d5743-5913-5666-a4e2-3487aa15c613,Cappamore Group,20:30,,V94 H702,52.6163056,-8.3356196,St. Michael's Daycare Centre,"Cappamore,Co. Limerick",,Friday,False,False,False,False,,,,,,Republic of Ireland,Alcoholics Anonymous
157869e4-2dea-5e82-b58a-42b6f35e54b9,Carlow St Catherine’S Carlow Group,20:30,,R93 T4C6,52.8400665,-6.9230888,St. Catherine's Community Services,"St. Josephs Road,Carlow,Carlow",,Monday,False,False,False,False,,Steps,Zoom Meeting: To request link to online meeting email L2@alcoholicsanonymous.ie,,,Republic of Ireland,Alcoholics Anonymous
fc5cd58c-0827-5f5b-971f-711a2ffc6494,Carlow St Catherine’S Carlow Group,20:30,,R93 T4C6,52.8400665,-6.9230888,St. Catherine's Community Services,"St. Josephs Road,Carlow,Carlow",,Tuesday,False,False,False,False,,,Zoom Meeting: To request link to online meeting email L2@alcoholicsanonymous.ie,,,Republic of Ireland,Alcoholics Anonymous
d74fd6a8-73b8-5420-92a4-0415afb09b69,Carlow St Catherine’S Carlow Group,13:00,,R93 T4C6,52.8400665,-6.9230888,St. Catherine's Community Services,"St. Josephs Road,Carlow,Carlow",,Wednesday,False,False,False,False,,,Zoom Meeting: To request link to online meeting email L2@alcoholicsanonymous.ie,,,Republic of Ireland,Alcoholics Anonymous
f3dca607-7040-5d0a-bff4-b4d1424ee56d,Carlow St Catherine’S Carlow Group,20:30,,R93 T4C6,52.8400665,-6.9230888,St. Catherine's Community Services,"St. Josephs Road,Carlow,Carlow",,Thursday,False,False,False,False,,,Zoom Meeting: To request link to online meeting email L2@alcoholicsanonymous.ie,,,Republic of Ireland,Alcoholics Anonymous
63ccd242-42ab-5c08-90a8-0bb1811c4cfd,Carlow St Catherine’S Carlow Group,13:00,,R93 T4C6,52.8400665,-6.9230888,St. Catherine's Community Services,"St. Josephs Road,Carlow,Carlow",,Friday,False,False,False,False,,,Zoom Meeting: To request link to online meeting email L2@alcoholicsanonymous.ie,,,Republic of Ireland,Alcoholics Anonymous
0699be4b-ef63-509e-9d54-4c41df490e82,Carlow St Catherine’S Carlow Group,20:30,,R93 T4C6,52.8400665,-6.9230888,St. Catherine's Community Services,"St. Josephs Road,Carlow,Carlow",,Saturday,False,False,False,False,,,Zoom Meeting: To request link to online meeting email L2@alcoholicsanonymous.ie,,,Republic of Ireland,Alcoholics Anonymous
c3976ab3-6c69-5558-9ffb-fc41441b3128,Carlow St Catherine’S Carlow Group,20:30,,R93 T4C6,52.8400665,-6.9230888,St. Catherine's Community Services,"St. Josephs Road,Carlow,Carlow",,Sunday,False,False,False,False,,,Zoom Meeting: To request link to online meeting email L2@alcoholicsanonymous.ie,,,Republic of Ireland,Alcoholics Anonymous
9efd8313-9c0c-54c9-93d2-48093ab087c9,Carna,20:30,,H91 Y295,53.3212325,-9.8112662,Ionad Óige,"Iorras Aithmeach,G Teic,Carna,Co. Galway",,Thursday,False,False,False,False,,,,,,Republic of Ireland,Alcoholics Anonymous
36e7b65c-c8f8-50ca-ba1b-b18d419a1765,Carrick-On-Shannon,20:00,,N41 X9D6,53.9534107,-8.094937,Brefnie Resource Centre,"Lisnagot,St. Patrick Park,Carrick-On-Shannon,Co. Leitrim",,Tuesday,False,False,False,False,,Steps,,,,Republic of Ireland,Alcoholics Anonymous
b9d9b653-a54b-54f8-a288-aa3cfb7e5b8d,Carrick-On-Shannon,20:00,,N41 X9D6,53.9534107,-8.094937,Brefnie Resource Centre,"Lisnagot,St. Patrick Park,Carrick-On-Shannon,Co. Leitrim",,Thursday,False,False,False,False,,Big Book,,,,Republic of Ireland,Alcoholics Anonymous
1fbff5b7-10c7-59d2-8566-ca2fe4730e92,Carrick-On-Shannon,12:30,,N41 X9D6,53.9534107,-8.094937,Brefnie Resource Centre,"Lisnagot,St. Patrick Park,Carrick-On-Shannon,Co. Leitrim",,Sunday,False,False,False,False,,,,,,Republic of Ireland,Alcoholics Anonymous
85226b87-0852-5879-baf4-b3bc54eb64b3,Carrickmacross,20:00,,A81 K156,53.9765799,-6.7164257,Teach Ui Bhrian,"St. Joseph's Church,O'neill Street,Carrickmacross,Co. Monaghan",,Thursday,False,False,False,False,,,1st Thursday of every month is a STEP Meeting.,,,Republic of Ireland,Alcoholics Anonymous
51515dae-17d0-5a79-83e6-2807c414c029,Carrickmacross,13:00,,A81 K156,53.9765799,-6.7164257,Teach Ui Bhrian,"St. Joseph's Church,O'neill Street,Carrickmacross,Co. Monaghan",,Friday,False,False,False,False,,,1st Thursday of every month is a STEP Meeting.,,,Republic of Ireland,Alcoholics Anonymous
9e88754b-9779-58c1-834b-cb329db4d3b0,Carrickmacross,20:00,,A81 K156,53.9765799,-6.7164257,Teach Ui Bhrian,"St. Joseph's Church,O'neill Street,Carrickmacross,Co. Monaghan",,Sunday,False,False,False,False,,,1st Thursday of every month is a STEP Meeting.,,,Republic of Ireland,Alcoholics Anonymous
12cc7f75-cd74-5b8c-a3f3-422561fc1a73,Cashel,20:00,,E25 R250,52.5165608,-7.8853739,The Parish Office,"Friar Street,Cashel,Co. Tipperary",,Tuesday,False,False,False,False,,,,,,Republic of Ireland,Alcoholics Anonymous
6a122072-7bb8-5bf5-9e6a-1bc4a0182da3,Cashel,20:00,,E25 R250,52.5165608,-7.8853739,The Parish Office,"Friar Street,Cashel,Co. Tipperary",,Friday,False,False,False,False,,,,,,Republic of Ireland,Alcoholics Anonymous
48779177-3ea1-5e5b-8cef-8404380639df,Cashel Rockwell Group Of AA,20:00,,E25 ED60,52.458026,-7.8920437,Rockwell College,"New Inn,Cashel,Co. Tipperary",,Wednesday,False,False,False,False,,,,,,Republic of Ireland,Alcoholics Anonymous
ae87ff5a-758d-552f-a811-74cb67d5da5c,Castlebar Group 1,20:00,,F23 XK68,53.858661,-9.3008024,Room 1,"The Parish Centre,Upper Chapel Street,Castlebar,Co. Mayo",,Thursday,False,False,False,False,,,,,,Republic of Ireland,Alcoholics Anonymous
d687c7ed-24c9-5189-ace4-325b4d9b7cce,Castlebar Group 1,20:30,,F23 XK68,53.858661,-9.3008024,Room 1,"The Parish Centre,Upper Chapel Street,Castlebar,Co. Mayo",,Sunday,False,False,False,False,,Steps,,,,Republic of Ireland,Alcoholics Anonymous
94cac469-ffe2-596b-a6ae-d098578ded4f,Castlebar Living Sober,18:00,,F23 XK68,53.858661,-9.3008024,Room 1,"The Parish Centre,Upper Chapel Street,Castlebar,Co. Mayo",,Monday,False,False,False,False,,Steps,,,,Republic of Ireland,Alcoholics Anonymous
c565ed13-af8d-5ce3-95b3-fd6706738e11,Castlebar Living Sober,20:00,,F23 XK68,53.858661,-9.3008024,Room 1,"The Parish Centre,Upper Chapel Street,Castlebar,Co. Mayo",,Tuesday,False,False,False,False,,,,,,Republic of Ireland,Alcoholics Anonymous
e83018e9-d740-5799-9731-1aab621e6a22,Castlebar Newcomers,20:00,,F23 YY98,53.858661,-9.3008024,Parish Centre,"Chapel Street,Castlebar,Co. Mayo",,Friday,False,False,False,False,,Beginner,,,,Republic of Ireland,Alcoholics Anonymous
513ea869-9e26-570a-8530-33ed58d1fe33,Castlebar Newcomers,13:00,,F23 YY98,53.858661,-9.3008024,Parish Centre,"Chapel Street,Castlebar,Co. Mayo",,Saturday,False,False,False,False,,,,,,Republic of Ireland,Alcoholics Anonymous
857b8790-faa8-5b02-bd4d-1fa9f436089d,Castlebar Newcomers,13:00,,F23 YY98,53.858661,-9.3008024,Parish Centre,"Chapel Street,Castlebar,Co. Mayo",,Sunday,False,False,False,False,,,,,,Republic of Ireland,Alcoholics Anonymous
8021ddb4-4496-5a0d-a3ac-c5c3af1a5a79,Castlebar Parish Centre Group,13:00,,,53.858661,-9.3007996,Parish Centre,"Chapel Street,Castlebar,Co. Mayo",,Monday,False,False,False,False,,Steps,,,,Republic of Ireland,Alcoholics Anonymous
3b86cb50-c426-5d58-8162-376ba7d5a50f,Castlebar Parish Centre Group,13:00,,,53.858661,-9.3007996,Parish Centre,"Chapel Street,Castlebar,Co. Mayo",,Wednesday,False,False,False,False,,,,,,Republic of Ireland,Alcoholics Anonymous
daab881d-cc60-54d1-93db-9ba0fde997fe,Castlebar Parish Centre Group,13:00,,,53.858661,-9.3007996,Parish Centre,"Chapel Street,Castlebar,Co. Mayo",,Friday,False,False,False,False,,,,,,Republic of Ireland,Alcoholics Anonymous
f7e3420b-15a9-5b65-bd26-0a92ecf64273,Castleblaney,20:00,,A75 TY89,54.1168751,-6.7327571,Parish Centre,"St.Mary's Church,Upper York St,Onomy,Castleblaney,Co. Monaghan",,Saturday,False,False,False,False,,,This meeting lasts 1 hr 30 minutes,,,Republic of Ireland,Alcoholics Anonymous
6054553c-aca7-5bb0-a890-aa9761d2c9e4,Castlepollard,20:30,,N91 XY47,53.6801813,-7.2964785,Parish Community Centre,"St Michaels Church,Castlepollard,Co. Westmeath",,Tuesday,False,False,False,False,,,Park in Church. Meeting is located in Parish Community Centre behind the Parochial House. The entrance door faces the back of the Parochial House.,,,Republic of Ireland,Alcoholics Anonymous
d030b1fa-5016-5843-a6fc-142f17f5eb7e,Celbridge,20:30,,W23 HD51,53.3408495,-6.5369131,Parochial House,"Eustace Centre,Celbridge,Co. Kildare",,Thursday,False,False,False,False,,,,,,Republic of Ireland,Alcoholics Anonymous
412000a8-2569-5231-9898-3d3a1bc11462,Celbridge,12:00,,W23 HD51,53.3408495,-6.5369131,Parochial House,"Eustace Centre,Celbridge,Co. Kildare",,Saturday,False,False,False,False,,,,,,Republic of Ireland,Alcoholics Anonymous
f7e27b72-cd9c-5a24-8abe-b17ff4293b1e,Clane Group,18:30,,W91 F259,53.293509,-6.684617,Kare Centre,"Dublin Road,Clane,Co. Kildare",,Wednesday,False,False,False,False,,,Step or Tradition meeting every 2nd week,,,Republic of Ireland,Alcoholics Anonymous
438c5aee-1171-5ba5-9fb4-8025019ffdf3,Clane Group,12:00,,W91 F259,53.293509,-6.684617,Kare Centre,"Dublin Road,Clane,Co. Kildare",,Sunday,False,False,False,False,,,Step or Tradition meeting every 2nd week,,,Republic of Ireland,Alcoholics Anonymous
02c85d25-5eee-5c00-93ef-53769e673287,Clara,20:30,,R35 V6E4,53.3441938,-7.6133647,Day Care Centre,"The Green,Clara,Co. Offaly",,Friday,False,False,False,False,,,,,,Republic of Ireland,Alcoholics Anonymous
f30c1579-76ce-5087-9e12-ce7aabeca1b5,Clerihan Jims Group,10:00,,E91 NV63,52.4128072,-7.7576892,Clerihan Community Hall,"Clerihan,Clonmel,Tipperary",,Friday,False,False,False,False,,,Hall is beside the graveyard and church.,,,Republic of Ireland,Alcoholics Anonymous
4df4c3ae-f1de-51ff-aa94-6339b09b0279,Clogheen,20:30,,E21 NH50,52.2760027,-7.9968354,Reading Room,"Main Street,Clogheen,Co. Tipperary",,Thursday,False,False,False,False,,Steps,Next to St. Paul's Community Centre,,,Republic of Ireland,Alcoholics Anonymous
9417b4aa-a2b7-509e-a168-1535f354b41b,Clogheen,20:30,,E21 NH50,52.2760027,-7.9968354,Reading Room,"Main Street,Clogheen,Co. Tipperary",,Sunday,False,False,False,False,,,Next to St. Paul's Community Centre,,,Republic of Ireland,Alcoholics Anonymous
c744ff11-cdf1-5aed-b3d4-f12b35ebad24,Clonard,20:30,,,52.334865,-6.4681379,Community Mental Health Centre,"Summerhill,Co. Wexford,Y35 KL58",,Tuesday,False,False,False,False,,,,,,Republic of Ireland,Alcoholics Anonymous
2f4e7792-3a26-57b3-b5c2-f0ff8e39b330,Clonard,20:30,,,52.334865,-6.4681379,Community Mental Health Centre,"Summerhill,Co. Wexford,Y35 KL58",,Thursday,False,False,False,False,,,,,,Republic of Ireland,Alcoholics Anonymous
5bf9d5f6-aafa-5abe-bb93-cf4044cc45d8,Clonard,20:30,,,52.334865,-6.4681379,Community Mental Health Centre,"Summerhill,Co. Wexford,Y35 KL58",,Sunday,False,False,False,False,,,,,,Republic of Ireland,Alcoholics Anonymous
13d42fbe-4433-5c3d-8b69-f64b9a9a2823,Clones,20:30,,H23 TK65,54.1878427,-7.2279558,Clonkeencole Community Centre,"Roslea Road,,Clones,Co. Monaghan",,Tuesday,False,False,False,False,,,,,,Republic of Ireland,Alcoholics Anonymous
7aaf566d-8666-558f-b569-a009b4798444,Clonmel Fethard Road,20:30,,E91 EW21,52.3640718,-7.6985085,Community Hall,"Back Of The Church Of The Resurrection,Fethard Road,Clonmel,Co. Tipperary",,Friday,False,False,False,False,,Steps,Step first Friday of every month.,,,Republic of Ireland,Alcoholics Anonymous
7a438011-5c32-5552-9fad-28b5b3526e1e,Clonmel Irishtown,20:30,,E91 R8C1,52.3521502,-7.7097716,St. Mary's Parish Hall,"Irishtown,Clonmel,Co. Tipperary",,Monday,False,False,False,False,,,,,,Republic of Ireland,Alcoholics Anonymous
7e45f315-7c81-5dcc-a71b-65f8f735813c,Clonmel Irishtown,20:30,,E91 R8C1,52.3521502,-7.7097716,St. Mary's Parish Hall,"Irishtown,Clonmel,Co. Tipperary",,Thursday,False,False,False,False,,Steps & Tradition,,,,Republic of Ireland,Alcoholics Anonymous
b8e611f8-c3d8-555f-be47-6252b7803ad5,Clonmel Irishtown,10:30,,E91 R8C1,52.3521502,-7.7097716,St. Mary's Parish Hall,"Irishtown,Clonmel,Co. Tipperary",,Saturday,False,False,False,False,,,,,,Republic of Ireland,Alcoholics Anonymous
95d29252-4f4f-5e8d-b5cb-43791b906f2c,Clonmel Morton St. Group,20:30,,E91 HN29,52.3545877,-7.7042065,Day Care Centre,"Upper Irish Town,Clonmel,Co. Tipperary",,Wednesday,False,False,False,False,,,,,,Republic of Ireland,Alcoholics Anonymous
cf83f0fb-5fb7-5030-a803-dbbfc4c7a979,Clonmel Morton St. Group,20:30,,E91 HN29,52.3545877,-7.7042065,Day Care Centre,"Upper Irish Town,Clonmel,Co. Tipperary",,Saturday,False,False,False,False,,,,,,Republic of Ireland,Alcoholics Anonymous
9937119f-7467-5c10-ab33-9bcab6a398c1,Clonmel Morton St. Group,20:30,,E91 HN29,52.3545877,-7.7042065,Day Care Centre,"Upper Irish Town,Clonmel,Co. Tipperary",,Sunday,False,False,False,False,,,,,,Republic of Ireland,Alcoholics Anonymous
e4a4705f-0c0b-5c01-b98f-62892b38677f,Collooney Big Book,21:00,,F91 CRX3,54.1856057,-8.4894152,Health Centre,"Main Street,Collooney,Co. Sligo",,Thursday,False,False,False,False,,Big Book,,,,Republic of Ireland,Alcoholics Anonymous
d902c746-5f7f-51f6-89dc-e2dcf008ad70,Coolgreany,20:45,,Y25 X592,52.763762,-6.2379277,May Byrne Trust Centre,"Main Street,Coolgreany,Gorey,Wexford",,Wednesday,False,False,False,False,,,,,,Republic of Ireland,Alcoholics Anonymous
13239aff-f131-5026-9bd6-42f53a949d4e,Corbally Group,19:30,,V94 X2TW,52.6709224,-8.6142802,Ard Scoil Mhuire,"(St. Mary's Secondary School),Lower Park,Corbally,Limerick City",,Tuesday,False,False,False,False,,,Meetings will not be held on 24th December 2024 and 31st December 2024,,,Republic of Ireland,Alcoholics Anonymous
5e6f27ae-5474-50f0-ad5b-7efbe0b005ad,Crusheen,19:00,,V95 YT32,52.9362671,-8.8928145,New Parish Centre,"Rear Of Crusheen Church,Crusheen,Co. Clare",,Tuesday,False,False,False,False,,,,,,Republic of Ireland,Alcoholics Anonymous
ab1a82f7-63c9-58aa-a152-86a91297fdd8,Curragh AA Group,20:30,,R56 DR64,53.1447776,-6.8374495,Girls National School,"Curragh Camp,Co. Kildare",,Tuesday,False,False,False,False,,,Step meeting 1st Tuesday of month,,,Republic of Ireland,Alcoholics Anonymous
48821ab4-04ff-515b-872d-8a589f6bf15b,Curragh Suncroft,19:30,,R56 VP63,53.1066567,-6.8589979,Suncroft Community Centre,"Curragh,Co. Kildare",,Sunday,False,False,False,False,,,,,,Republic of Ireland,Alcoholics Anonymous
41832bb1-f29d-5463-b1ad-3cc0dce5da6c,Dingle,20:30,,V92 TX90,52.1447166,-10.2749786,Old Health Centre,"Farranflaherty,Dingle,Co. Kerry",,Monday,False,False,False,False,,,,,,Republic of Ireland,Alcoholics Anonymous
0f0f5802-ce8b-5664-94b5-9574a65c0dde,Dingle,20:30,,V92 TX90,52.1447166,-10.2749786,Old Health Centre,"Farranflaherty,Dingle,Co. Kerry",,Thursday,False,False,False,False,,Steps,,,,Republic of Ireland,Alcoholics Anonymous
ba94417b-3ece-5ec2-a287-42916138e134,Dingle,20:30,,V92 TX90,52.1447166,-10.2749786,Old Health Centre,"Farranflaherty,Dingle,Co. Kerry",,Sunday,False,False,False,False,,,,,,Republic of Ireland,Alcoholics Anonymous
2df8291d-0dc5-51f4-bc84-23a370d446db,Doolin AA,20:30,,V95 TC66,53.0131242,-9.371841,Doolin National School,"Doolin,Co. Clare",,Tuesday,False,False,False,False,,,,,,Republic of Ireland,Alcoholics Anonymous
53d79862-7ad4-50aa-a0fe-dcd4bca442be,Drogheda After Dark The Stables Group,20:30,,A92 RF2P,53.7148545,-6.3492071,The Stables,"Batchelors Lane,Drogheda,Co. Louth",,Wednesday,False,False,False,False,,,,,,Republic of Ireland,Alcoholics Anonymous
b14d236b-7252-5b13-899b-7746191f7dd6,Drogheda After Dark The Stables Group,12:00,,A92 RF2P,53.7148545,-6.3492071,The Stables,"Batchelors Lane,Drogheda,Co. Louth",,Sunday,False,False,False,False,,,,,,Republic of Ireland,Alcoholics Anonymous
68d53e7b-0b54-5938-8cfb-034a7d6984c0,Drogheda After Dark The Stables Group,20:30,,A92 RF2P,53.7148545,-6.3492071,The Stables,"Batchelors Lane,Drogheda,Co. Louth",,Sunday,False,False,False,False,,,,,,Republic of Ireland,Alcoholics Anonymous
628dc370-8968-53ac-b1b9-ef988db2ef8e,Drogheda Akron Group,12:00,,,53.7148554,-6.3492047,The Stables,"Bachelors Lane,Drogheda,Co. Louth",,Sunday,False,False,False,False,,,,,,Republic of Ireland,Alcoholics Anonymous
eb26418f-6ec5-5128-a598-3b40f1454023,Drogheda Dublin Road,20:30,,,53.7129829,-6.3420115,Teach Mhuire,"Dublin Road,Drogheda,Co. Louth",,Monday,False,False,False,False,,Steps,,,,Republic of Ireland,Alcoholics Anonymous
2a7c4d01-3bb8-5a1e-af8d-b21672001a7e,Drogheda Dublin Road,20:30,,,53.7129829,-6.3420115,Teach Mhuire,"Dublin Road,Drogheda,Co. Louth",,Tuesday,False,False,False,True,,,,,,Republic of Ireland,Alcoholics Anonymous
1b50ccfe-c737-5e43-a89b-c2f0d42a4fe5,Drogheda Dublin Road,20:30,,,53.7129829,-6.3420115,Teach Mhuire,"Dublin Road,Drogheda,Co. Louth",,Thursday,False,False,False,False,,Tradition,,,,Republic of Ireland,Alcoholics Anonymous
b95a245b-03a7-5bd7-8267-1a07f00d7694,Drogheda Dublin Road,20:30,,,53.7129829,-6.3420115,Teach Mhuire,"Dublin Road,Drogheda,Co. Louth",,Friday,False,False,False,False,,Big Book,,,,Republic of Ireland,Alcoholics Anonymous
aeb8977a-1047-5128-8725-8e93f09ea8bd,Drogheda Dublin Road,13:00,,,53.7129829,-6.3420115,Teach Mhuire,"Dublin Road,Drogheda,Co. Louth",,Saturday,False,False,False,False,,Big Book,,,,Republic of Ireland,Alcoholics Anonymous
580168bc-66b6-557c-9af2-d4119773e8c6,Drogheda Dublin Road,20:30,,,53.7129829,-6.3420115,Teach Mhuire,"Dublin Road,Drogheda,Co. Louth",,Saturday,False,False,False,False,,,,,,Republic of Ireland,Alcoholics Anonymous
0fd64fec-f144-5e58-a725-fbeda3f9949a,Drogheda Grange Rath Recovery Group,20:30,,A92 PN84,53.7032408,-6.3015215,Drogheda Presbyterian Church,"Clope East,Drogheda,Louth",,Monday,False,False,False,False,,Steps,,,,Republic of Ireland,Alcoholics Anonymous
7f96d45f-63a9-54c9-9812-ec7f8704a947,Drumore West Easkey Group,20:30,,F26 YK85,54.2859983,-8.9548369,Easkey Health Centre,"Sligo Road,Dromore West,Co. Sligo",,Wednesday,False,False,False,False,,Steps & Tradition,,,,Republic of Ireland,Alcoholics Anonymous
9a28d51c-06d6-5128-a93e-7e57f9f6c3db,Dunboyne Group,20:30,,A86 EC84,53.419623,-6.475284,The Old School,"Main Street,Dunboyne Village,Co. Meath",,Sunday,False,False,False,False,,,,,,Republic of Ireland,Alcoholics Anonymous
91da0bd8-c05b-5cec-8676-feb94a4b9689,Dundalk Group,08:00,,A91 T623,54.0038118,-6.3991615,St. Patrick's Church,"(Rampart Lane Entrance Only),Dundalk,Co. Louth",,Monday,False,False,False,False,,,,,,Republic of Ireland,Alcoholics Anonymous
1f359ae2-c6e4-5ffe-ae02-440cdb019a69,Dundalk Group,20:00,,A91 T623,54.0038118,-6.3991615,St. Patrick's Church,"(Rampart Lane Entrance Only),Dundalk,Co. Louth",,Tuesday,False,False,False,False,,,,,,Republic of Ireland,Alcoholics Anonymous
cbc06d29-60ee-5494-a761-e75580a5ca2b,Dundalk Group,20:00,,A91 T623,54.0038118,-6.3991615,St. Patrick's Church,"(Rampart Lane Entrance Only),Dundalk,Co. Louth",,Wednesday,False,False,False,False,,,,,,Republic of Ireland,Alcoholics Anonymous
436b3a1c-691f-54fc-9977-e5830a6b2058,Dundalk Group,20:00,,A91 T623,54.0038118,-6.3991615,St. Patrick's Church,"(Rampart Lane Entrance Only),Dundalk,Co. Louth",,Friday,False,False,False,False,,,,,,Republic of Ireland,Alcoholics Anonymous
b92b86c9-fae6-55af-880f-797e468985c9,Dundalk Group,11:00,,A91 T623,54.0038118,-6.3991615,St. Patrick's Church,"(Rampart Lane Entrance Only),Dundalk,Co. Louth",,Saturday,False,False,False,False,,,,,,Republic of Ireland,Alcoholics Anonymous
073f4f9e-0134-5f0b-87bb-1da1b1cd20ea,Dundalk Group,12:00,,A91 T623,54.0038118,-6.3991615,St. Patrick's Church,"(Rampart Lane Entrance Only),Dundalk,Co. Louth",,Sunday,False,False,False,False,,Steps,,,,Republic of Ireland,Alcoholics Anonymous
e2f09eac-7928-5678-a585-8b547f52edbf,Dundalk Mount Oliver,20:30,,A91 TC21,54.036393,-6.3698398,Mt Oliver Convent,"Ballymascanlon,Dundalk,Co. Louth",,Thursday,False,False,False,False,,,,,,Republic of Ireland,Alcoholics Anonymous
b5fbf9b3-0572-5dc0-bdeb-1e330087f2ba,Dungarvan Monday/Thursday Lunchtime,13:00,,X35 HN50,52.0879248,-7.6211119,St Vincent De Paul Rooms,"Emmet Street,Dungarvan,Co. Waterford",,Monday,False,False,False,False,,,Step meeting 1st Monday of month. Tradition meeting 1st Thursday of month.,,,Republic of Ireland,Alcoholics Anonymous
6cd67fde-15a5-56ee-89ec-937aaa5a9806,Dungarvan Monday/Thursday Lunchtime,13:00,,X35 HN50,52.0879248,-7.6211119,St Vincent De Paul Rooms,"Emmet Street,Dungarvan,Co. Waterford",,Thursday,False,False,False,False,,,Step meeting 1st Monday of month. Tradition meeting 1st Thursday of month.,,,Republic of Ireland,Alcoholics Anonymous
d2519ca7-3b3b-5685-b46f-e1e28531b76a,Dungarvan St. Vincent De Paul Friday Night,20:30,,X35 HN50,52.0879248,-7.6211119,St Vincent De Paul Rooms,"Emmet Street,Dungarvan,Co. Waterford",,Friday,False,False,False,False,,,,,,Republic of Ireland,Alcoholics Anonymous
567f5aba-5870-5fc5-a24f-b7755749ec8f,Dungarvan St. Vincent De Paul Tuesday Night,20:30,,X35 HN50,52.0879248,-7.6211119,St Vincent De Paul Rooms,"Emmet Street,Dungarvan,Co. Waterford",,Tuesday,False,False,False,False,,,,,,Republic of Ireland,Alcoholics Anonymous
ed2e7c10-5670-5f51-9be0-406fd4889d95,Dungarvan Sunday Morning,11:30,,X35 CK72,52.0877193,-7.6195139,St Vincent De Paul Office,"Emmet Street,,Dungarvan,Waterford",,Sunday,False,False,False,False,,,,,,Republic of Ireland,Alcoholics Anonymous
4edb1826-2ccb-5423-a402-060245fc30be,Dunleer,20:00,,A92 W29X,53.8294457,-6.3952621,Old Chapel Lane,"Dunleer,Co. Louth",,Friday,False,False,False,False,,,Entrance to meeting is up the lane towards church take left to car park through gate into the portacabin.,,,Republic of Ireland,Alcoholics Anonymous
fb2a6533-2505-5644-b7d4-bb13b5f2288d,Ennis Cathedral Group,19:00,,V95 HT99,52.8412144,-8.9818277,Maria Assumpta Hall,"Station Road,Ennis,Co. Clare",,Thursday,False,False,False,False,,,,,,Republic of Ireland,Alcoholics Anonymous
30c234a7-be5d-5e86-8e46-e9888ba95bdf,Ennis Cathedral Group,20:00,,V95 HT99,52.8412144,-8.9818277,Maria Assumpta Hall,"Station Road,Ennis,Co. Clare",,Sunday,False,False,False,False,,,,,,Republic of Ireland,Alcoholics Anonymous
12f65cf5-0ac4-5cdb-a4f5-054cb5dedab6,Ennis Chapel Lane,20:00,,V95 FX38,52.8435334,-8.9842329,Sonas Centre,"Chapel Lane,Ennis,Co. Clare",,Monday,False,False,False,False,,,Use Intercom,,,Republic of Ireland,Alcoholics Anonymous
72a460bc-d885-5caf-9dfb-060e3b0161b4,Ennis Chapel Lane,18:00,,V95 FX38,52.8435334,-8.9842329,Sonas Centre,"Chapel Lane,Ennis,Co. Clare",,Saturday,False,False,False,False,,Steps,Use Intercom,,,Republic of Ireland,Alcoholics Anonymous
88fb6cd7-53db-53fe-b7f1-23bd7c659ac8,Ennis Chapel Lane,11:00,,V95 FX38,52.8435334,-8.9842329,Sonas Centre,"Chapel Lane,Ennis,Co. Clare",,Sunday,False,False,False,False,,,Use Intercom,,,Republic of Ireland,Alcoholics Anonymous
30087b97-0913-5f7e-814f-4a13782931d1,Ennis Friday Night Cathedral Group,20:00,,V95 D951,52.8417999,-8.9832718,Chapter Room,"Ennes Cathedral,Station Road,Ennis,Clare",,Friday,False,False,False,False,,,This group is part of M283 Group,,,Republic of Ireland,Alcoholics Anonymous
2d524da3-6745-5ab9-b476-1e14ec78c9de,Ennis The Friary Group,13:00,,V95 AP6D,52.8452274,-8.9862466,Rear Of St Columba's Church,"Bindon Street,,Ennis",,Tuesday,False,False,False,False,,,"Zoom ID 815 0288 3272
No Password",,,Republic of Ireland,Alcoholics Anonymous
9a7af9e4-22c6-5d48-9556-05e69c038eb1,Ennis The Friary Group,20:30,,V95 AP6D,52.8452274,-8.9862466,Rear Of St Columba's Church,"Bindon Street,,Ennis",,Tuesday,False,False,False,False,,Steps,"Zoom ID 815 0288 3272
No Password",,,Republic of Ireland,Alcoholics Anonymous
9bd07d46-d8a5-50f0-86f2-a599e8b5220c,Ennis The Friary Group,11:30,,V95 AP6D,52.8452274,-8.9862466,Rear Of St Columba's Church,"Bindon Street,,Ennis",,Thursday,False,False,False,False,,,"Zoom ID 815 0288 3272
No Password",,,Republic of Ireland,Alcoholics Anonymous
4337c0ce-b572-5a4c-a1e3-bf4aba282446,Ennis The Friary Group,17:00,,V95 AP6D,52.8452274,-8.9862466,Rear Of St Columba's Church,"Bindon Street,,Ennis",,Friday,False,False,False,False,,,"Zoom ID 815 0288 3272
No Password",,,Republic of Ireland,Alcoholics Anonymous
67083ba0-eab4-5157-b837-9f75199dc08d,Enniscorthy Friends,20:30,,Y21 DH90,52.5006532,-6.5634954,Friends Meeting House,"Spring Valley,Enniscorthy,Co. Wexford",,Monday,False,False,False,False,,,,,,Republic of Ireland,Alcoholics Anonymous
81fe3e5c-e7fe-5300-8af1-7317a7534b1c,Enniscorthy Friends,20:30,,Y21 DH90,52.5006532,-6.5634954,Friends Meeting House,"Spring Valley,Enniscorthy,Co. Wexford",,Wednesday,False,False,False,False,,,,,,Republic of Ireland,Alcoholics Anonymous
dbeeadfa-4fd2-5d45-bc75-18fdc4820f21,Enniscorthy Hope Group,13:00,,Y21 DH90,52.5006532,-6.5634954,Friends Meeting House,"Spring Valley,Enniscorthy,Co. Wexford",,Tuesday,False,False,False,False,,,No meeting on the last Saturday of June every year.,,,Republic of Ireland,Alcoholics Anonymous
dcd11b1c-8002-5dec-8775-3fe070ab1540,Enniscorthy Hope Group,13:00,,Y21 DH90,52.5006532,-6.5634954,Friends Meeting House,"Spring Valley,Enniscorthy,Co. Wexford",,Thursday,False,False,False,False,,,No meeting on the last Saturday of June every year.,,,Republic of Ireland,Alcoholics Anonymous
86628546-7387-5f82-a4ce-3ac90b301db0,Enniscorthy Hope Group,20:30,,Y21 DH90,52.5006532,-6.5634954,Friends Meeting House,"Spring Valley,Enniscorthy,Co. Wexford",,Thursday,False,False,False,False,,,No meeting on the last Saturday of June every year.,,,Republic of Ireland,Alcoholics Anonymous
53f9f550-5b51-5114-b938-6b955e1bb0b8,Enniscorthy Hope Group,13:00,,Y21 DH90,52.5006532,-6.5634954,Friends Meeting House,"Spring Valley,Enniscorthy,Co. Wexford",,Saturday,False,False,False,False,,Steps,No meeting on the last Saturday of June every year.,,,Republic of Ireland,Alcoholics Anonymous
7ccaef53-52e0-528a-9bfc-e053bf0384cc,Enniscrone 4 U,21:00,,F26 R8X3,54.2155046,-9.0823341,Enniscrone Primary Care & Community Resource Centre (HEALTH CENTRE),",Nephin Drive,Enniscrone,Sligo",,Tuesday,False,False,False,False,,,,,,Republic of Ireland,Alcoholics Anonymous
c2fff80a-3b32-50e5-9743-3b06bf3df965,Enniscrone Big Book,19:00,,F26 R8X3,54.2155046,-9.0823341,Enniscrone Primary Care & Community Resource Centre (HEALTH CENTRE),",Nephin Drive,Enniscrone,Sligo",,Saturday,False,False,False,False,,,,,,Republic of Ireland,Alcoholics Anonymous
bb9fb250-cb0f-57f5-9d14-98a00f75267e,Ferbane BB,20:30,,R42 E642,53.2713347,-7.8297159,Wheery Room,"Ferbane Church,Chapel Lane,Ferbane,Co. Offaly",,Wednesday,False,False,False,False,,Big Book,,,,Republic of Ireland,Alcoholics Anonymous
86b38655-7862-5160-a0f0-dc8634affaac,Fethard,20:30,,E91 X2W9,52.4675518,-7.6925855,Fr. Tirry Centre,"Barrack Street,Fethard,Co. Tipperary",,Thursday,False,False,False,False,,Steps & Tradition,,,,Republic of Ireland,Alcoholics Anonymous
884f03f2-9b8a-5d55-a313-61b738fa9c7f,Fethard,11:30,,E91 X2W9,52.4675518,-7.6925855,Fr. Tirry Centre,"Barrack Street,Fethard,Co. Tipperary",,Sunday,False,False,False,False,,,,,,Republic of Ireland,Alcoholics Anonymous
d5abbfcc-4253-5c3c-8cbd-e69605d884a3,Foxford Hope House Sunday,11:00,,F26 V967,53.9816117,-9.114084,Hope House,"Lower Main Street,Foxford,Co. Mayo",,Sunday,False,False,False,True,,,Open Meeting every Sunday morning,,,Republic of Ireland,Alcoholics Anonymous
48a94c8e-6bcc-5407-9070-ebc193f9ff26,Foxford No. 2,20:30,,F26 V967,53.9816117,-9.114084,Hope House,"Lower Main Street,Foxford,Co. Mayo",,Friday,False,False,False,False,,,,,,Republic of Ireland,Alcoholics Anonymous
766cde79-d150-5594-b61b-ecf611a9aa84,Garristown AA,20:00,,A42 K267,53.565334,-6.3838382,Garristown Community Centre,"Main Street,Garristown,Co. Dublin",,Friday,False,False,False,False,,,,,,Republic of Ireland,Alcoholics Anonymous
3a397e71-5103-5229-9c31-03caa493c451,Glaslough Emyvale,20:30,,H18 DA24,54.3164844,-6.8971289,Oakland Recreation Centre,"Main Street,Glaslough,Co. Monaghan",,Monday,False,False,False,False,,,,,,Republic of Ireland,Alcoholics Anonymous
fa1b865e-7760-582d-9a4c-854a20b99ddd,Glenamoy No. 2,21:00,,F26 P8K8,54.2410693,-9.688129,Health Centre,"Glenamoy,Ballina,Co. Mayo",,Thursday,False,False,False,True,,,,,,Republic of Ireland,Alcoholics Anonymous
abc2db91-c120-5474-97bc-221acf2dac51,Graignamanagh,20:30,,R95 W6Y7,52.6436218,-7.2231589,Abbey Hall,"Convent Lane,Graignamanagh,Co. Kilkenny",,Monday,False,False,False,False,,,,,,Republic of Ireland,Alcoholics Anonymous
2cc7c75c-2a8e-5d20-92e0-16568e8c3338,Granard AA Group,20:30,,N39 RY67,53.7801683,-7.490911,Sacred Heart Primary School,"Granard,Co. Longford",,Friday,False,False,False,False,,,,,,Republic of Ireland,Alcoholics Anonymous
35501b04-52ab-5247-b825-0c4acb1d6bad,Greystones Big Book Meeting,20:00,,A63 CK06,53.1464318,-6.0623654,St. Killian Family Centre,"Rear Of Holy Rosary Church,Trafalgar Road Entrance,Greystones,Co. Wicklow",,Monday,False,False,False,False,,Big Book,Entrance to rear of church,,,Republic of Ireland,Alcoholics Anonymous
1582779b-11aa-576a-939f-9df57b213508,Greystones Big Book Meeting,19:00,,A63 CK06,53.1464318,-6.0623654,St. Killian Family Centre,"Rear Of Holy Rosary Church,Trafalgar Road Entrance,Greystones,Co. Wicklow",,Friday,False,False,False,False,,Steps,Entrance to rear of church,,,Republic of Ireland,Alcoholics Anonymous
ffb6646c-d3f7-56dc-9ad4-d164405e5272,Greystones Saturday,20:00,,A63 CK06,53.1464318,-6.0623654,St. Killian Family Centre,"Rear Of Holy Rosary Church,Trafalgar Road Entrance,Greystones,Co. Wicklow",,Saturday,False,False,False,False,,,,,,Republic of Ireland,Alcoholics Anonymous
f1b838ef-1a1d-51f0-9362-9540726db63a,Hospital Town AA Group,20:30,,V35 RP26,52.4742146,-8.4338461,Family Resource,"Centre Knockainey Road,Hospital,Co. Limerick",,Wednesday,False,False,False,False,,,"Entry by back door
Hospital",,,Republic of Ireland,Alcoholics Anonymous
61523b9d-5d03-5d7a-8e3f-e668461caf9f,Inis Oirr,20:00,,H91 NH3N,53.0645101,-9.5294352,Baile An Lurgan,"Inis Oirr,Aran Islands",,Thursday,False,False,False,True,,,,,,Republic of Ireland,Alcoholics Anonymous
338909d4-b9c0-5ec1-94b5-9f92fefa1b83,Kells Handball Alley,20:30,,A82 H702,53.7281438,-6.8814683,Handball Alley,"Church Lane,Kells,Co. Meath",,Tuesday,False,False,False,False,,,,,,Republic of Ireland,Alcoholics Anonymous
0f9bf98d-f3fd-5cf9-b635-6d495bd16878,Kells Handball Alley,20:30,,A82 H702,53.7281438,-6.8814683,Handball Alley,"Church Lane,Kells,Co. Meath",,Thursday,False,False,False,False,,,,,,Republic of Ireland,Alcoholics Anonymous
793b08b9-eacf-5012-aba1-a8233e279b82,Kells Handball Alley,20:30,,A82 H702,53.7281438,-6.8814683,Handball Alley,"Church Lane,Kells,Co. Meath",,Friday,False,False,False,False,,,,,,Republic of Ireland,Alcoholics Anonymous
45807ef6-e9a8-59d4-a556-9b8ab7fa5c57,Kells Handball Alley,20:30,,A82 H702,53.7281438,-6.8814683,Handball Alley,"Church Lane,Kells,Co. Meath",,Saturday,False,False,False,False,,,,,,Republic of Ireland,Alcoholics Anonymous
bc108cb8-d1cc-51ff-b133-6e717502cb33,Kells Handball Alley,11:30,,A82 H702,53.7281438,-6.8814683,Handball Alley,"Church Lane,Kells,Co. Meath",,Sunday,False,False,False,False,,,,,,Republic of Ireland,Alcoholics Anonymous
5c907f4a-ef94-5bf2-a650-f8047c9b2a9f,Kells Resource Centre,13:00,,A82 XN75,53.7299037,-6.8808638,Kells Family Resource Centre,"Lord Edward Street,Kells,Meath",,Tuesday,False,False,False,False,,,,,,Republic of Ireland,Alcoholics Anonymous
b656ae01-deee-5d87-a3bf-7c9e64bca25e,Kerlogue,20:30,,Y35 AH70,52.3214815,-6.449516,Aiséiri,"Rosslare Road,Roxborough,Wexford",,Wednesday,False,False,False,True,,,,,,Republic of Ireland,Alcoholics Anonymous
de19dadf-26e1-5a26-950a-ec00d2f0ee6e,Kerlogue,11:00,,Y35 AH70,52.3214815,-6.449516,Aiséiri,"Rosslare Road,Roxborough,Wexford",,Sunday,False,False,False,True,,,,,,Republic of Ireland,Alcoholics Anonymous
6a13d82a-c7c4-5ae3-865a-25dd790e02df,Kilcock Group,20:30,,W23 XT02,53.3997637,-6.6691664,Wellness Centre,"Kilcock,Co. Kildare",,Friday,False,False,False,False,,,,,,Republic of Ireland,Alcoholics Anonymous
f26823e5-d520-5a8b-b5fe-da6932cffbf9,Kildorrery Group,20:30,,P67 CP29,52.2537984,-8.3645483,Glenahulla National School,"Cloughleafin,Mitchelstown,Co. Cork",,Monday,False,False,False,False,,,,,,Republic of Ireland,Alcoholics Anonymous
283a71c1-38c7-59e2-8b72-4b2f2dc0dae1,Kildysart,20:30,,V95 E1H2,52.6721624,-9.1069571,Rear Of Community Centre,"Main Street,Kildysart,Co. Clare",,Sunday,False,False,False,False,,,,,,Republic of Ireland,Alcoholics Anonymous
300209e5-070a-5959-b4f7-ccc2cc541ad0,Kilkee,12:00,,,52.6780447,-9.6446003,Community Centre,"Circular Road,Kilkee,Co. Clare",,Sunday,False,False,False,False,,,100M from RC Church,,,Republic of Ireland,Alcoholics Anonymous
352d04aa-cc71-5f7f-a82a-2bf20e738a71,Kilkenny Friends Of Bill & Bob,20:30,,R95 Y4DF,52.6460223,-7.2531842,Irish Wheelchair Association,"Claddagh Court,College Road,Kilkenny,Kilkenny",,Wednesday,False,False,False,False,,Steps,,,,Republic of Ireland,Alcoholics Anonymous
f87ede2d-946e-56c5-87a4-8abf855dc546,Kilkenny Friends Of Bill & Bob,20:30,,R95 Y4DF,52.6460223,-7.2531842,Irish Wheelchair Association,"Claddagh Court,College Road,Kilkenny,Kilkenny",,Friday,False,False,False,False,,,,,,Republic of Ireland,Alcoholics Anonymous
7299686f-6814-518a-92fa-bc4e876d4bf6,Kilkenny Friends Of Bill & Bob,18:00,,R95 Y4DF,52.6460223,-7.2531842,Irish Wheelchair Association,"Claddagh Court,College Road,Kilkenny,Kilkenny",,Saturday,False,False,False,False,,,,,,Republic of Ireland,Alcoholics Anonymous
de9409d5-8e68-59db-9142-62d17cdf5d2b,Kilkenny Friends Of Bill & Bob,11:00,,R95 Y4DF,52.6460223,-7.2531842,Irish Wheelchair Association,"Claddagh Court,College Road,Kilkenny,Kilkenny",,Sunday,False,False,False,False,,,,,,Republic of Ireland,Alcoholics Anonymous
f9102f8b-a9a7-587e-8ad0-4f560d189e82,Kilkenny Let Go Let God,17:30,,,52.6617881,-7.2607584,Villa Maria,"Talbot's Inch,Freshford Road,Kilkenny",,Monday,False,False,False,False,,Big Book,,,,Republic of Ireland,Alcoholics Anonymous
8fdc5702-656b-56e5-b99a-372e9c3389d4,Kilkenny Social Service Centre,20:30,,R95 Y96D,52.6448633,-7.2480102,Social Service Centre,"Waterford Road,Kilkenny,Kilkenny",,Tuesday,False,False,False,False,,,Meeting is in Prefab Building at the end of the Convent Building. (this prefab can be seen from the gates leading into the convent from the road),,,Republic of Ireland,Alcoholics Anonymous
4c90cf4c-62c2-5c8d-b9a4-cfc6c960244a,Kilkenny Social Service Centre,20:30,,R95 Y96D,52.6448633,-7.2480102,Social Service Centre,"Waterford Road,Kilkenny,Kilkenny",,Thursday,False,False,False,False,,Steps,Meeting is in Prefab Building at the end of the Convent Building. (this prefab can be seen from the gates leading into the convent from the road),,,Republic of Ireland,Alcoholics Anonymous
a92f8861-f33c-593c-8c87-42267d3ff41e,Kilkenny Social Service Centre,20:30,,R95 Y96D,52.6448633,-7.2480102,Social Service Centre,"Waterford Road,Kilkenny,Kilkenny",,Saturday,False,False,False,False,,,Meeting is in Prefab Building at the end of the Convent Building. (this prefab can be seen from the gates leading into the convent from the road),,,Republic of Ireland,Alcoholics Anonymous
7d7ad791-ae65-5077-98eb-638e553741d5,Kilkenny Social Service Centre,20:30,,R95 Y96D,52.6448633,-7.2480102,Social Service Centre,"Waterford Road,Kilkenny,Kilkenny",,Sunday,False,False,False,False,,,Meeting is in Prefab Building at the end of the Convent Building. (this prefab can be seen from the gates leading into the convent from the road),,,Republic of Ireland,Alcoholics Anonymous
43100126-8481-5bb8-9b04-dd623e88ce1a,Killala Group,21:00,,F26 VX26,54.2148401,-9.2211266,Old School House,"(Beside Priest's House),Killala,Co. Mayo",,Friday,False,False,False,False,,,"Opposite Church, up beside the Priest's House",,,Republic of Ireland,Alcoholics Anonymous
67838a80-b76f-56e9-8042-75c379a8ce0e,Killarney Into Action Group,19:30,,V93 WN32,52.0596375,-9.4880047,The Church Of The Resurrection,"Park Road,Killarney,Co. Kerry",,Sunday,False,False,False,False,,Steps,(Meeting Room behind Church),,,Republic of Ireland,Alcoholics Anonymous
d92311c7-45d4-5708-963c-3749fb56e864,Killarney Primary Purpose,19:00,,V93 WN32,52.0596375,-9.4880047,The Church Of The Resurrection,"Park Road,Killarney,Co. Kerry",,Thursday,False,False,False,False,,,,,,Republic of Ireland,Alcoholics Anonymous
8fb301e6-d234-5b55-9600-304b3425be8a,Killucan,20:30,,N91 VF51,53.5062158,-7.1507775,St. Camillus Nursing Home,",Priests House,Riverstown,Kilucan,Co. Westmeath",,Friday,False,False,False,False,,,Priest's House is on the LHS as you enter. Meeting entry door is located at the back and can be accessed via the RHS of the building.,,,Republic of Ireland,Alcoholics Anonymous
a79a2fbd-082c-58fb-a2ae-f576266d5690,Kilmuckeridge,20:30,,Y25 W1W9,52.5083424,-6.2889476,Kilmuckridge Community Family Centre,"Ballygarron,Kilmuckeridge,Co Wexford",,Friday,False,False,False,False,,,To request link to online meeting email L302@alcoholicsanonymous.ie,,,Republic of Ireland,Alcoholics Anonymous
74f2c6da-8eb9-5c33-aa9a-194646f2e509,Kilrane,20:30,,,52.2419402,-6.3549143,Kilrane Community Centre,"Kilrane,Co. Wexford",,Thursday,False,False,False,False,,,,,,Republic of Ireland,Alcoholics Anonymous
4e9aa46e-72c4-53fb-aa65-8e3bca50aaec,Kilrush,20:30,,V15 FN53,52.6364326,-9.4900686,Meeting Room,"1St Floor,Merchants Quay Bus. Quarter,Frances St.,Kilrush,Co.Clare",,Tuesday,False,False,False,False,,,,,,Republic of Ireland,Alcoholics Anonymous
29bfb6e6-a295-5625-b3d2-881ea7542270,Kilrush,20:30,,V15 FN53,52.6364326,-9.4900686,Meeting Room,"1St Floor,Merchants Quay Bus. Quarter,Frances St.,Kilrush,Co.Clare",,Friday,False,False,False,False,,Steps,,,,Republic of Ireland,Alcoholics Anonymous
af15b853-37d2-5617-a31d-20d8a2951d15,Kiltyclogher,20:30,,F91 H2HY,54.3694724,-8.1228995,New Ballagh Centre,"Rossinver,Co. Leitrim",,Saturday,False,False,False,False,,,,,,Republic of Ireland,Alcoholics Anonymous
4891f6cf-526a-5ad2-9d6e-af2778a7d166,Kinsale Red Cross,19:00,,,51.7062302,-8.5272426,Kinsale Red Cross Centre,"Butchers Row,Kinsale,Co. Cork",,Tuesday,False,False,False,False,,Steps,,,,Republic of Ireland,Alcoholics Anonymous
2d0a98d6-c452-5172-ba74-f6aee92beddc,Kinsale Red Cross,20:30,,,51.7062302,-8.5272426,Kinsale Red Cross Centre,"Butchers Row,Kinsale,Co. Cork",,Friday,False,False,False,False,,,,,,Republic of Ireland,Alcoholics Anonymous
7f7fc856-7d50-5bd5-8864-1973545e914d,Kinsale Red Cross,20:30,,,51.7062302,-8.5272426,Kinsale Red Cross Centre,"Butchers Row,Kinsale,Co. Cork",,Sunday,False,False,False,True,,,,,,Republic of Ireland,Alcoholics Anonymous
28a222ac-b0ab-5f2e-adff-839f859fc04d,Knockainy AA Group,20:30,,V35 RK31,52.4727016,-8.4703464,Knockaniey Community Centre,"Hospital,Knockainey,Limerick",,Friday,False,False,False,False,,,,,,Republic of Ireland,Alcoholics Anonymous
1d5a96f8-861c-5117-a5e2-93708c198de7,Lahinch,20:30,,V95 FD70,52.9291353,-9.3448329,Scoil Mhuire,"School Road,Lahinch,Co. Clare",,Saturday,False,False,False,False,,,,,,Republic of Ireland,Alcoholics Anonymous
65c8a760-4ea8-5b3b-b443-2d2469f6930e,Leixlip Group,20:30,,W23 Y2R3,53.365193,-6.4937421,The Parish Centre,"Our Lady's Nativity Church,Leixlip,Co. Kildare",,Wednesday,False,False,False,False,,,To the rear of the church.,,,Republic of Ireland,Alcoholics Anonymous
aed3d7e4-506e-5711-b466-ce465f9c97d6,Letterfrack,20:30,,H91 CD45,53.5529085,-9.9473815,Connemara West Centre,"Letterfrack,Co. Galway",,Friday,False,False,False,False,,,,,,Republic of Ireland,Alcoholics Anonymous
5f4d0c16-5f85-5d35-a36b-0e1c0ec12fc7,Limerick City New Rosbrien Group,11:00,,,52.6612577,-8.6274881,Christ Church,"Hanratty's Lane,Catherine Street,Limerick City",,Wednesday,False,False,False,False,,,,,,Republic of Ireland,Alcoholics Anonymous
0cacf665-64d6-503b-80cb-f0239aa2d1d8,Limerick City New Rosbrien Group,13:00,,,52.6612577,-8.6274881,Christ Church,"Hanratty's Lane,Catherine Street,Limerick City",,Saturday,False,False,False,False,,,,,,Republic of Ireland,Alcoholics Anonymous
e4c9e2f6-086d-5ac4-9c4c-43a972e93524,Limerick City One Day At A Time,13:00,,V94 XV26,52.6583153,-8.6249198,,"291 Hyde Road,Limerick City",,Monday,False,False,False,False,,,,,,Republic of Ireland,Alcoholics Anonymous
e82b2b31-a139-5031-9c33-3ac502cb823e,Limerick City One Day At A Time,13:00,,V94 XV26,52.6583153,-8.6249198,,"291 Hyde Road,Limerick City",,Tuesday,False,False,False,False,,,,,,Republic of Ireland,Alcoholics Anonymous
d19d7a9f-a2a9-51a4-9f36-3f53f7f6c109,Limerick City One Day At A Time,13:00,,V94 XV26,52.6583153,-8.6249198,,"291 Hyde Road,Limerick City",,Wednesday,False,False,False,False,,,,,,Republic of Ireland,Alcoholics Anonymous
aee04a58-c971-5fce-afe7-111911b42685,Limerick City One Day At A Time,13:00,,V94 XV26,52.6583153,-8.6249198,,"291 Hyde Road,Limerick City",,Thursday,False,False,False,False,,,,,,Republic of Ireland,Alcoholics Anonymous
0ffb4feb-1bf2-56f4-8589-024c6998695c,Limerick City One Day At A Time,13:00,,V94 XV26,52.6583153,-8.6249198,,"291 Hyde Road,Limerick City",,Friday,False,False,False,False,,,,,,Republic of Ireland,Alcoholics Anonymous
db0e5664-5c19-5fe1-92ba-f38a5bff4e7b,Limerick City Salesians,20:30,,V94 P9E8,52.6666564,-8.6446194,John F Kennedy Memorial School,"Ennis Road,Limerick City,Limerick",,Thursday,False,False,False,False,,,Beside the school,,,Republic of Ireland,Alcoholics Anonymous
7e2acc67-7fc3-5918-8283-ecf9c56c6eaa,Limerick City Salesians,19:00,,V94 P9E8,52.6666564,-8.6446194,John F Kennedy Memorial School,"Ennis Road,Limerick City,Limerick",,Sunday,False,False,False,False,,Steps,Beside the school,,,Republic of Ireland,Alcoholics Anonymous
7949187d-f668-50d1-93ee-c857e683780b,Limerick City Sarsfield Group,13:00,,V94 EDP4,52.6473557,-8.6185786,Lough Gur Room,"(3Rd Floor),Maldron Hotel,Roxboro Road,Limerick City",,Monday,False,False,False,False,,Beginner,,,,Republic of Ireland,Alcoholics Anonymous
dc1a7a7a-1dc9-5666-b980-5a87a1bec356,Limerick City Sarsfield Group,18:00,,V94 EDP4,52.6473557,-8.6185786,Lough Gur Room,"(3Rd Floor),Maldron Hotel,Roxboro Road,Limerick City",,Monday,False,False,False,False,,,,,,Republic of Ireland,Alcoholics Anonymous
698bdcff-453c-5795-81da-7b58284536dd,Limerick City Sarsfield Group,13:00,,V94 EDP4,52.6473557,-8.6185786,Lough Gur Room,"(3Rd Floor),Maldron Hotel,Roxboro Road,Limerick City",,Tuesday,False,False,False,False,,,,,,Republic of Ireland,Alcoholics Anonymous
0bb28e6e-bb6e-56ac-98e6-7e0eae5aea59,Limerick City Sarsfield Group,18:00,,V94 EDP4,52.6473557,-8.6185786,Lough Gur Room,"(3Rd Floor),Maldron Hotel,Roxboro Road,Limerick City",,Tuesday,False,False,False,False,,,,,,Republic of Ireland,Alcoholics Anonymous
9e6a79cf-c37e-5dac-97be-6a5cbd613e6d,Limerick City Sarsfield Group,11:00,,V94 EDP4,52.6473557,-8.6185786,Lough Gur Room,"(3Rd Floor),Maldron Hotel,Roxboro Road,Limerick City",,Wednesday,False,False,False,False,,Steps,,,,Republic of Ireland,Alcoholics Anonymous
ffee419d-a4d0-5de8-9ebb-c640e30ecec5,Limerick City Sarsfield Group,18:00,,V94 EDP4,52.6473557,-8.6185786,Lough Gur Room,"(3Rd Floor),Maldron Hotel,Roxboro Road,Limerick City",,Wednesday,False,False,False,False,,,,,,Republic of Ireland,Alcoholics Anonymous
557e6486-d698-56ce-a40f-29a398cdecf2,Limerick City Sarsfield Group,13:00,,V94 EDP4,52.6473557,-8.6185786,Lough Gur Room,"(3Rd Floor),Maldron Hotel,Roxboro Road,Limerick City",,Thursday,False,False,False,False,,,,,,Republic of Ireland,Alcoholics Anonymous
2d75b49f-40a3-5ba4-b3a1-241a9be7503e,Limerick City Sarsfield Group,18:00,,V94 EDP4,52.6473557,-8.6185786,Lough Gur Room,"(3Rd Floor),Maldron Hotel,Roxboro Road,Limerick City",,Thursday,False,False,False,False,,Steps,,,,Republic of Ireland,Alcoholics Anonymous
bf07d8ee-e863-5eb4-83b9-de1985a05dc1,Limerick City Sarsfield Group,13:00,,V94 EDP4,52.6473557,-8.6185786,Lough Gur Room,"(3Rd Floor),Maldron Hotel,Roxboro Road,Limerick City",,Friday,False,False,False,False,,,,,,Republic of Ireland,Alcoholics Anonymous
7bd4dba7-39d7-55f7-9611-d470ac08b502,Limerick City Sarsfield Group,11:00,,V94 EDP4,52.6473557,-8.6185786,Lough Gur Room,"(3Rd Floor),Maldron Hotel,Roxboro Road,Limerick City",,Saturday,False,False,False,False,,Steps,,,,Republic of Ireland,Alcoholics Anonymous
83113a28-2121-5f5f-8dea-2108bbc53bd8,Limerick City Sarsfield Group,11:00,,V94 EDP4,52.6473557,-8.6185786,Lough Gur Room,"(3Rd Floor),Maldron Hotel,Roxboro Road,Limerick City",,Sunday,False,False,False,False,,,,,,Republic of Ireland,Alcoholics Anonymous
42a1fb88-939b-5eeb-98c6-d4ed6a3286c7,Limerick City Sarsfield Group,16:00,,V94 EDP4,52.6473557,-8.6185786,Lough Gur Room,"(3Rd Floor),Maldron Hotel,Roxboro Road,Limerick City",,Sunday,False,False,False,False,,,,,,Republic of Ireland,Alcoholics Anonymous
e03ea4a4-4d5a-5efe-931e-4df8f641ccf5,Lisduggan Presentation Group,20:00,,X91 YX80,52.2498588,-7.1337712,St. Paul's Parish Meeting Rooms,"St. Paul's School,Lisduggan,Waterford City",,Wednesday,False,False,False,False,,,,,,Republic of Ireland,Alcoholics Anonymous
7d87e164-d25b-5aab-a572-a45f1867c142,Lisduggan Presentation Group,11:00,,X91 YX80,52.2498588,-7.1337712,St. Paul's Parish Meeting Rooms,"St. Paul's School,Lisduggan,Waterford City",,Sunday,False,False,False,False,,,,,,Republic of Ireland,Alcoholics Anonymous
2027a1a2-7042-5e93-b75b-4452d6a44346,Lisduggan Presentation Group,12:00,,X91 YX80,52.2498588,-7.1337712,St. Paul's Parish Meeting Rooms,"St. Paul's School,Lisduggan,Waterford City",,Sunday,False,False,False,False,,,,,,Republic of Ireland,Alcoholics Anonymous
5e666b06-cb61-5f87-9aaa-111fd7179330,Lismore,20:30,,P51 T9K0,52.1383499,-7.9286161,The Red Hall,"East Main Street,Lismore,Co. Waterford",,Tuesday,False,False,False,False,,,,,,Republic of Ireland,Alcoholics Anonymous
b9d1b800-40c6-53b7-87bd-5ef53c22d750,Lismore,20:30,,P51 T9K0,52.1383499,-7.9286161,The Red Hall,"East Main Street,Lismore,Co. Waterford",,Friday,False,False,False,False,,,,,,Republic of Ireland,Alcoholics Anonymous
8f32b228-c0fa-5bcc-bc64-40c311939223,Louisburgh,20:30,,F28 XR50,53.7648588,-9.8053809,The Convent Building,"Louisburgh Health Centre,Westport Road,,Louisburgh,Mayo",,Friday,False,False,False,False,,,,,,Republic of Ireland,Alcoholics Anonymous
f0ec34d6-ff49-5f0d-a6c4-e86a5416636d,Manorhamilton Friday Night Group,19:30,,F91 KC90,54.3061774,-8.1736998,Bee Park Community Centre,",Manorhamilton,Leitrim",,Friday,False,False,False,False,,,,,,Republic of Ireland,Alcoholics Anonymous
b1c935bb-42f0-56f9-b9f6-0dd56ddac51a,Maynooth,20:30,,W23 H302,53.3335334,-6.5278747,Coffee Mill,"Mill Street,Maynooth,Co. Kildare",,Monday,False,False,False,False,,,,,,Republic of Ireland,Alcoholics Anonymous
36c1f189-93a2-5429-9741-0559ece725dc,Miltown Malbay,20:30,,V95 N9F7,52.8559832,-9.395211,Clare Care Building,"Ballard Road,Miltown Malbay,Co. Clare",,Monday,False,False,False,False,,,,,,Republic of Ireland,Alcoholics Anonymous
b5bedef1-1470-518e-8b39-4e06118ba5b8,Miltown Malbay,20:30,,V95 N9F7,52.8559832,-9.395211,Clare Care Building,"Ballard Road,Miltown Malbay,Co. Clare",,Wednesday,False,False,False,False,,,,,,Republic of Ireland,Alcoholics Anonymous
36bac6c9-667a-5d3e-9565-79cf57252127,Mitchelstown,20:00,,P67 HX85,52.268671,-8.2716692,Ozanam Centre,"Thomas Street,SVP,Mitchelstown,Co. Cork",,Tuesday,False,False,False,False,,,,,,Republic of Ireland,Alcoholics Anonymous
53bfb52b-f038-55df-a0bc-37c545fbef9f,Mitchelstown,11:30,,P67 HX85,52.268671,-8.2716692,Ozanam Centre,"Thomas Street,SVP,Mitchelstown,Co. Cork",,Sunday,False,False,False,False,,,,,,Republic of Ireland,Alcoholics Anonymous
31560ddb-7618-5a8a-bf62-47a45bef0128,Moate Group,20:30,,N37 AW24,53.3972871,-7.7127271,Carmelite Pastoral Centre,"Newtown,Cartronkeel,Moate,Co. Westmeath",,Thursday,False,False,False,False,,,Meeting Room opens at 8.15pm,,,Republic of Ireland,Alcoholics Anonymous
ae3c66f7-0cda-5c9b-b81f-31b8d1e1e535,Monaghan 1St,20:30,,H18 D218,54.2435299,-6.9854245,Teach Na Daoine,"Oriel Way,Monaghan",,Thursday,False,False,False,False,,,Step meeting 1st Thursday of month.,,,Republic of Ireland,Alcoholics Anonymous
2cff6929-02f0-56e2-8314-83f7eb2165ce,Monaghan 1St,20:30,,H18 D218,54.2435299,-6.9854245,Teach Na Daoine,"Oriel Way,Monaghan",,Saturday,False,False,False,False,,,Step meeting 1st Thursday of month.,,,Republic of Ireland,Alcoholics Anonymous
d59949a8-934f-5b36-a0a7-0f0daa6ccc63,Moville Group,20:30,,F93 NF29,55.1888041,-7.045218,Primary Care Centre,"Glencrow,Moville,Co. Donegal",,Thursday,False,False,False,False,,,,,,Republic of Ireland,Alcoholics Anonymous
05b775c5-bf71-5d71-afec-c292e801b016,Moville Group,20:30,,F93 NF29,55.1888041,-7.045218,Primary Care Centre,"Glencrow,Moville,Co. Donegal",,Saturday,False,False,False,False,,,,,,Republic of Ireland,Alcoholics Anonymous
1d8bcc39-6b8b-501b-948c-45c2770cd9cf,Moyvane New Hope,20:30,,V31 K778,52.4629023,-9.3697475,Knockanure Community Centre,"Knockanure,Moyvane,Co. Kerry",,Tuesday,False,False,False,False,,,Christmas Day Meeting - 12.00 (noon),,,Republic of Ireland,Alcoholics Anonymous
379d1fae-3ea9-5adb-8a49-4979bc3e03e4,Mullingar Central,13:00,,N91 XK06,53.5263964,-7.352828,Block B,"Columb  Barracks,Ash Road,Mullingar,Co. Westmeath",,Monday,False,False,False,False,,,,,,Republic of Ireland,Alcoholics Anonymous
420220a8-2f1a-520b-915a-355bc654a8fb,Mullingar Central,18:00,,N91 XK06,53.5263964,-7.352828,Block B,"Columb  Barracks,Ash Road,Mullingar,Co. Westmeath",,Monday,False,False,False,True,,,,,,Republic of Ireland,Alcoholics Anonymous
100a9bea-4672-55a0-9d56-a1e0dda822bf,Mullingar Central,13:00,,N91 XK06,53.5263964,-7.352828,Block B,"Columb  Barracks,Ash Road,Mullingar,Co. Westmeath",,Wednesday,False,False,False,False,,Steps,,,,Republic of Ireland,Alcoholics Anonymous
4872d1db-a762-5bba-819d-51f852247bab,Mullingar Central,13:00,,N91 XK06,53.5263964,-7.352828,Block B,"Columb  Barracks,Ash Road,Mullingar,Co. Westmeath",,Friday,False,False,False,False,,,,,,Republic of Ireland,Alcoholics Anonymous
f8668366-5d9d-5086-9f35-b022b8390a0d,Mullingar Central,13:00,,N91 XK06,53.5263964,-7.352828,Block B,"Columb  Barracks,Ash Road,Mullingar,Co. Westmeath",,Saturday,False,False,False,False,,,,,,Republic of Ireland,Alcoholics Anonymous
88e127fa-22c2-5fad-a920-6b7d871d4ccc,Mullingar Central,18:00,,N91 XK06,53.5263964,-7.352828,Block B,"Columb  Barracks,Ash Road,Mullingar,Co. Westmeath",,Saturday,False,False,False,False,,,,,,Republic of Ireland,Alcoholics Anonymous
92322a58-bac3-5094-b225-ddcd24f53817,Mullingar Central,11:30,,N91 XK06,53.5263964,-7.352828,Block B,"Columb  Barracks,Ash Road,Mullingar,Co. Westmeath",,Sunday,False,False,False,False,,,,,,Republic of Ireland,Alcoholics Anonymous
2f691876-8968-5928-9dcd-933465e9d458,Mullingar Town,20:30,,N91 A40T,53.5349269,-7.3514088,Day Care Centre,"St. Mary's Hospital,Castlepollard Road,Mullingar,Co. Westmeath",,Monday,False,False,False,False,,Big Book,,,,Republic of Ireland,Alcoholics Anonymous
fb7464bb-e58c-594b-a276-e5898d2089e4,Mullingar Town,20:30,,N91 A40T,53.5349269,-7.3514088,Day Care Centre,"St. Mary's Hospital,Castlepollard Road,Mullingar,Co. Westmeath",,Tuesday,False,False,False,False,,,,,,Republic of Ireland,Alcoholics Anonymous
54a20c46-8050-5094-b172-52f0f53df007,Mullingar Town,20:30,,N91 A40T,53.5349269,-7.3514088,Day Care Centre,"St. Mary's Hospital,Castlepollard Road,Mullingar,Co. Westmeath",,Thursday,False,False,False,False,,,,,,Republic of Ireland,Alcoholics Anonymous
e71f40eb-06d8-56b7-be43-05991b25d7d6,Mullingar Town,20:30,,N91 A40T,53.5349269,-7.3514088,Day Care Centre,"St. Mary's Hospital,Castlepollard Road,Mullingar,Co. Westmeath",,Sunday,False,False,False,False,,,,,,Republic of Ireland,Alcoholics Anonymous
3823c200-4cd4-5510-8b7f-aff6951da7af,Murntown,20:30,,,52.2872863,-6.5215083,Murntown Community Centre,"Murntown,Wexford",,Saturday,False,False,False,False,,Big Book,,,,Republic of Ireland,Alcoholics Anonymous
0402520c-c4e4-5198-907e-5b722201e78c,Naas Group,13:00,,W91 D62E,53.2205519,-6.6628624,Parish Centre,",Mccauley Place,Naas,Kildare",,Thursday,False,False,False,False,,,,,,Republic of Ireland,Alcoholics Anonymous
09a554e3-5fcf-5fbe-b93f-a87ca1fbd8b9,Naas Group,20:00,,W91 D62E,53.2205519,-6.6628624,Parish Centre,",Mccauley Place,Naas,Kildare",,Friday,False,False,False,False,,,,,,Republic of Ireland,Alcoholics Anonymous
535c97d5-d849-5e3c-b189-0c7454b7a48e,Naas Group,20:00,,W91 D62E,53.2205519,-6.6628624,Parish Centre,",Mccauley Place,Naas,Kildare",,Saturday,False,False,False,False,,,,,,Republic of Ireland,Alcoholics Anonymous
ebdda290-9445-5a83-977e-543764255098,Navan Gibbstown Group,20:30,,C15 VK49,53.7100563,-6.7582919,Gibbstown Community Centre,"Gibbstown Cross,Navan,Co. Meath",,Wednesday,False,False,False,False,,,,,,Republic of Ireland,Alcoholics Anonymous
dc4f432e-b020-5b1c-993c-8c4b7ad41025,Navan Gibbstown Group,19:00,,C15 VK49,53.7100563,-6.7582919,Gibbstown Community Centre,"Gibbstown Cross,Navan,Co. Meath",,Sunday,False,False,False,False,,,,,,Republic of Ireland,Alcoholics Anonymous
0e349587-4c94-51ec-abf7-cf2d526d804f,Nenagh Portroe AA Group,20:30,,E45 D522,52.8833378,-8.3503217,The Old School,"Portroe,Nenagh,Co. Tipperary",,Tuesday,False,False,False,False,,,,,,Republic of Ireland,Alcoholics Anonymous
da959679-b198-54c4-8263-55a83a306f6c,Nenagh Tyone AA,11:00,,E45 FC94,52.8569732,-8.1892845,Tyone Community Centre,"Ormond Drive,Tyone,Nenagh,Co. Tipperary",,Saturday,False,False,False,False,,,,,,Republic of Ireland,Alcoholics Anonymous
84596d7d-5c09-574d-9d75-48bf422fd784,Nenagh Tyone AA,20:30,,E45 FC94,52.8569732,-8.1892845,Tyone Community Centre,"Ormond Drive,Tyone,Nenagh,Co. Tipperary",,Saturday,False,False,False,False,,Big Book,,,,Republic of Ireland,Alcoholics Anonymous
c8c5b0ad-693c-580d-a3ab-6a48893b38ba,New Ross Hook Group,20:30,,Y34 DP26,52.2459931,-6.9181102,South West Wexford,"Family Resource Centre,Ramsgrange,New Ross,Co. Wexford",,Saturday,False,False,False,False,,,,,,Republic of Ireland,Alcoholics Anonymous
8859f14f-b68c-53f3-a764-47fadc4b3b10,New Ross Recovery Group,20:30,,Y34 XP04,52.3974536,-6.9435805,YMCA,"Johns Street,New Ross",,Monday,False,False,False,False,,,,,,Republic of Ireland,Alcoholics Anonymous
d1c2abb6-dede-5863-885d-dae19f8eec44,New Ross Recovery Group,20:30,,Y34 XP04,52.3974536,-6.9435805,YMCA,"Johns Street,New Ross",,Wednesday,False,False,False,False,,,,,,Republic of Ireland,Alcoholics Anonymous
7ca9fe56-e30f-586d-9b7c-d34a8b2bfe22,New Ross Recovery Group,20:30,,Y34 XP04,52.3974536,-6.9435805,YMCA,"Johns Street,New Ross",,Friday,False,False,False,False,,,,,,Republic of Ireland,Alcoholics Anonymous
be9555cf-3125-549d-9618-427fbdaf8c54,New Ross Recovery Group,20:30,,Y34 XP04,52.3974536,-6.9435805,YMCA,"Johns Street,New Ross",,Sunday,False,False,False,False,,,,,,Republic of Ireland,Alcoholics Anonymous
2a64ccb1-3758-50e0-9921-3921c7355e43,Newbridge Back To Basics,20:00,,W12 C241,53.1885541,-6.7934015,Newbridge College,"Newbridge,Co. Kildare",,Thursday,False,False,False,False,,,,,,Republic of Ireland,Alcoholics Anonymous
cc3bc1a8-f78f-55a7-9476-0ef08f11379a,Newbridge Gratitude Group,20:30,,W12 PX65,53.180172,-6.8104844,Resource Centre,"Dara Park Community Centre,Newbridge,Co. Kildare",,Tuesday,False,False,False,False,,,,,,Republic of Ireland,Alcoholics Anonymous
9647fa21-ffdf-5ff3-9e2b-74687fee283c,Newbridge Let Go Let God,20:30,,W12 HT38,53.1721144,-6.7962629,Unit 13,"Newbridge Industrial Estate,Athgarvan Road,Newbridge,Co. Kildare",,Saturday,False,False,False,False,,,,,,Republic of Ireland,Alcoholics Anonymous
8bf19551-c612-53d0-9147-dd216fdcd0a0,Newbridge Monday Night,20:30,,W12 Y497,53.1765867,-6.7961484,Kare Centre,"Newbridge Industrial Estate,Newbridge,Co. Kildare",,Monday,False,False,False,False,,,To request a link to an online meeting please send an email to L349@alcoholicsanonymous.ie,,,Republic of Ireland,Alcoholics Anonymous
72a710eb-bd9c-5d23-bd43-680fee369a92,Newcastle Group,20:30,,D22 A2C8,53.2994661,-6.5014007,St Finians Church,"Main Street Upper,Newcastle,Dublin",,Tuesday,False,False,False,True,,,Meeting in old school house on church grounds,,,Republic of Ireland,Alcoholics Anonymous
1016882f-3919-5bbf-a343-9d7a27aae3f5,Newcastle Group,20:30,,D22 A2C8,53.2994661,-6.5014007,St Finians Church,"Main Street Upper,Newcastle,Dublin",,Thursday,False,False,False,False,,Steps,Meeting in old school house on church grounds,,,Republic of Ireland,Alcoholics Anonymous
e033e065-49c0-5241-beb3-b5d89e067c84,Newport Group,21:00,,F28 ED89,53.887071,-9.5432552,Holy Family National School,"Glenhest Road,Newport,Co. Mayo",,Tuesday,False,False,False,False,,Steps,,,,Republic of Ireland,Alcoholics Anonymous
1ac82129-4cbf-50bd-9401-97f837dcb07d,Newport Group,21:00,,F28 ED89,53.887071,-9.5432552,Holy Family National School,"Glenhest Road,Newport,Co. Mayo",,Thursday,False,False,False,False,,,,,,Republic of Ireland,Alcoholics Anonymous
1a984007-7109-5ec1-bd05-4fa5310eb9d2,Oldcastle AA,20:30,,A82 R9C4,53.768558,-7.1589906,St. Vincent De Paul Hall,"Church Street,Oldcastle,Co. Meath",,Monday,False,False,False,False,,,,,,Republic of Ireland,Alcoholics Anonymous
854d4ff4-6d02-5fe6-837b-33601b343818,Omeath,20:30,,A91 AE08,54.0838444,-6.2533197,The Dolmen Centre,"Knocknagoran,Omeath,Co. Louth",,Wednesday,False,False,False,False,,,,,,Republic of Ireland,Alcoholics Anonymous
37de5a13-cc69-588e-85bb-5aa931aeac0f,Omeath,20:30,,A91 AE08,54.0838444,-6.2533197,The Dolmen Centre,"Knocknagoran,Omeath,Co. Louth",,Sunday,False,False,False,False,,,,,,Republic of Ireland,Alcoholics Anonymous
8b7b2447-3c0e-5e6c-a8c7-fc6298e6e9a2,Roscrea Legion Hall,13:00,,E53 F599,52.9523725,-7.7995673,Legion Hall,"Abbey Street,Roscrea,Co. Tipperary",,Monday,False,False,False,False,,,,,,Republic of Ireland,Alcoholics Anonymous
ac4c5547-7109-5929-a478-6fb6acf63ab8,Roscrea Legion Hall,20:30,,E53 F599,52.9523725,-7.7995673,Legion Hall,"Abbey Street,Roscrea,Co. Tipperary",,Saturday,False,False,False,False,,,,,,Republic of Ireland,Alcoholics Anonymous
57926935-09f7-5ad4-a38d-b818a0720df6,Roscrea Wednesday Group,20:30,,E53 F599,52.9523725,-7.7995673,Legion Hall,"Abbey Street,Roscrea,Co. Tipperary",,Wednesday,False,False,False,False,,,,,,Republic of Ireland,Alcoholics Anonymous
4e99aa1a-9ba1-5a85-9727-72c4ffdb0c84,Rosscarbery Group,20:30,,P85 TP80,51.5769523,-9.0326761,Rosscarbery Social Centre,"Barrack Lane,Rosscarbery,Co. Cork",,Wednesday,False,False,False,False,,,,,,Republic of Ireland,Alcoholics Anonymous
9d2f082a-59fa-54fd-aac3-7de6e75d96d8,Rosscarbery Group,20:30,,P85 TP80,51.5769523,-9.0326761,Rosscarbery Social Centre,"Barrack Lane,Rosscarbery,Co. Cork",,Saturday,False,False,False,False,,,,,,Republic of Ireland,Alcoholics Anonymous
949068f0-718d-56bd-8bf1-fa3bdd0df835,Rosscarbery Group,11:00,,P85 TP80,51.5769523,-9.0326761,Rosscarbery Social Centre,"Barrack Lane,Rosscarbery,Co. Cork",,Sunday,False,False,False,False,,,,,,Republic of Ireland,Alcoholics Anonymous
3e54afad-99c8-53cc-97b6-63bece085b8d,Roxsborough How It Works Big Book Group,20:00,,Y35 AH70,52.3214815,-6.449516,Aiséiri,"Rosslare Road,Roxborough,Wexford",,Sunday,False,False,False,False,,Big Book,,,,Republic of Ireland,Alcoholics Anonymous
10fa6c9d-b99f-5e82-b417-90db22c2d77d,Schull,20:30,,P81 Y284,51.5250752,-9.546399,Holy Trinity Church Hall,"South Terrace,Inglenook,Schull,Co. Cork",,Wednesday,False,False,False,True,,,,,,Republic of Ireland,Alcoholics Anonymous
64037285-334e-5ff2-a0be-12c8fc067a6a,Schull,19:00,,P81 Y284,51.5250752,-9.546399,Holy Trinity Church Hall,"South Terrace,Inglenook,Schull,Co. Cork",,Friday,False,False,False,True,,,,,,Republic of Ireland,Alcoholics Anonymous
4b022166-c184-59ce-aa9d-0bba50d45db6,Schull,20:30,,P81 Y284,51.5250752,-9.546399,Holy Trinity Church Hall,"South Terrace,Inglenook,Schull,Co. Cork",,Sunday,False,False,False,True,,,,,,Republic of Ireland,Alcoholics Anonymous
9a761f2a-a7f9-5a7d-b8a5-57855b6b8d05,Shanagolden,20:30,,,52.5713529,-9.0975154,Health & Wellness Centre,"Main Street,Shanagolden,Co. Limerick",,Tuesday,False,False,False,False,,,,,,Republic of Ireland,Alcoholics Anonymous
28769c0c-0b76-5c2d-ab06-7269983416be,Shankill Crinken,20:30,,A98 VX58,53.2195906,-6.1195863,The Church Hall,"St. Jame's Church,Crinken,Dublin Road,Shankill,Dublin 18",,Monday,False,False,False,False,,,,,,Republic of Ireland,Alcoholics Anonymous
2f5b9bb8-2d1b-5eb4-889b-80db8f209b6e,Shannon Rineanna View Group,20:30,,V14 XV97,52.7092349,-8.864178,Respond Community Building,"Rineanna View,Shannon,Co. Clare",,Monday,False,False,False,False,,,,,,Republic of Ireland,Alcoholics Anonymous
44b70821-da43-5e1a-a0d5-bb130dc69382,Shannon Rineanna View Group,11:00,,V14 XV97,52.7092349,-8.864178,Respond Community Building,"Rineanna View,Shannon,Co. Clare",,Sunday,False,False,False,False,,,,,,Republic of Ireland,Alcoholics Anonymous
8e5827e1-8bb4-59aa-a9a9-f52d2275269b,Shannonbridge,20:30,,,53.279632,-8.0447213,The Old Church,"Main Street,Shannonbridge,Co. Offaly",,Friday,False,False,False,False,,,,,,Republic of Ireland,Alcoholics Anonymous
d87e8d1c-235d-5bc4-98e1-7ae5c1076056,Sixmilebridge AA Group,20:30,,V95 PD91,52.7430142,-8.7756826,Courthouse Mens Shed,"Lodge Road,Sixmilebridge,Co. Clare",,Wednesday,False,False,False,False,,,,,,Republic of Ireland,Alcoholics Anonymous
2400763a-a264-522d-855d-06d8684a7daf,Skerries,19:30,,K34 Y319,53.5798933,-6.1064587,Cornerstone Church,"27-30 Strand Street,Skerries,Co. Dublin",,Monday,False,False,False,False,,,To request a link to an online meeting please send an email to L54@alcoholicsanonymous.ie,,,Republic of Ireland,Alcoholics Anonymous
232289f1-22ca-57c0-9e76-e70ee5e46203,Skerries,20:30,,K34 Y319,53.5798933,-6.1064587,Cornerstone Church,"27-30 Strand Street,Skerries,Co. Dublin",,Friday,False,False,False,False,,,To request a link to an online meeting please send an email to L54@alcoholicsanonymous.ie,,,Republic of Ireland,Alcoholics Anonymous
2fbdfdb7-163c-5cd8-89ab-66c5be671c29,Slane AA,13:00,,C15 KV22,53.7105796,-6.5412646,Slane Youth Cafe,"Chapel Streel,Hill Of Slane,Co. Meath",,Thursday,False,False,False,False,,,To request a link to an online meeting please send an email to L215@alcoholicsanonymous.ie,,,Republic of Ireland,Alcoholics Anonymous
2fb9b049-d58e-5655-b6aa-31c295228f09,Slane AA,19:30,,C15 KV22,53.7105796,-6.5412646,Slane Youth Cafe,"Chapel Streel,Hill Of Slane,Co. Meath",,Sunday,False,False,False,False,,,To request a link to an online meeting please send an email to L215@alcoholicsanonymous.ie,,,Republic of Ireland,Alcoholics Anonymous
f9bf4585-2c88-5bfc-8423-ee3623457476,Sligo AA Step Meeting,19:15,,F91 RF78,54.2694404,-8.4701018,Avalon Centre,"2ND Floor,Chapel Street,Sligo,Sligo",,Wednesday,False,False,False,False,,,,,,Republic of Ireland,Alcoholics Anonymous
d00399e9-4125-5708-b66a-9a43282f318d,Sligo Town Back To Basics,13:00,,F91 RF78,54.2694404,-8.4701018,Avalon Centre,"2ND Floor,Chapel Street,Sligo,Sligo",,Monday,False,False,False,False,,,,,,Republic of Ireland,Alcoholics Anonymous
e50a19dc-05c6-530c-87c0-130f504b7524,Sligo Town Back To Basics,13:00,,F91 RF78,54.2694404,-8.4701018,Avalon Centre,"2ND Floor,Chapel Street,Sligo,Sligo",,Wednesday,False,False,False,False,,Steps,,,,Republic of Ireland,Alcoholics Anonymous
e5988fd6-9ae3-5d28-93ba-9a0aa1a856dc,Sligo Town Back To Basics,13:00,,F91 RF78,54.2694404,-8.4701018,Avalon Centre,"2ND Floor,Chapel Street,Sligo,Sligo",,Friday,False,False,False,False,,,,,,Republic of Ireland,Alcoholics Anonymous
7d3a659f-8f14-5981-94da-a51be80f6175,Sligo Town Church Street,19:30,,F91 EYK8,54.2695701,-8.4755665,Sligo Presbyterian Church,"Church Street,Sligo",,Saturday,False,False,False,False,,,Hall beside the church.,,,Republic of Ireland,Alcoholics Anonymous
ba0cf011-35cc-5dbd-8fd7-1c3f14c30a03,Sligo Town Downtown AA Group,13:00,,F91 YX64,54.2682182,-8.4745354,Market Yard,"Caltragh,Sligo Town,Sligo",,Tuesday,False,False,False,False,,,"Tuesdays Meeting is in St Anns Church, Cranmore.",,,Republic of Ireland,Alcoholics Anonymous
316d6e05-5277-5621-a5b3-618973c79288,Sligo Town Downtown AA Group,13:00,,F91 YX64,54.2682182,-8.4745354,Market Yard,"Caltragh,Sligo Town,Sligo",,Saturday,False,False,False,False,,,"Tuesdays Meeting is in St Anns Church, Cranmore.",,,Republic of Ireland,Alcoholics Anonymous
3edf0803-9cac-54de-a304-d4e8d389b568,Sligo Town St. Michael’S,11:30,,F91 TX08,54.2692071,-8.4820876,St. Michael's House,"Church Hill,Sligo Town",,Sunday,False,False,False,False,,,We will be moving on 1st September to the Avalon Centre. Address to follow.,,,Republic of Ireland,Alcoholics Anonymous
5d9a725b-8417-5364-9764-e4ac57d1541b,Stradbally,20:30,,X42 Y398,52.1357453,-7.4673048,Barron Community Hall,"Chapel Road,Stradbally,Co. Waterford",,Thursday,False,False,False,False,,,,,,Republic of Ireland,Alcoholics Anonymous
67ebbfd5-0f72-5f78-a519-173699a8c033,Strandhill As Bill Sees It,19:30,,,54.2738315,-8.5992626,Enterprise Centre,"Airport Road,Strandhill,Sligo",,Friday,False,False,False,False,,,,,,Republic of Ireland,Alcoholics Anonymous
30c74105-2e1f-50f2-8521-6debf5fd82f4,Summerhill Group,20:30,,N37 T298,53.4112208,-7.9888948,Drum Community Centre,"Summerhill,Ballinasloe Road,Athlone,Co. Westmeath",,Sunday,False,False,False,False,,Big Book,,,,Republic of Ireland,Alcoholics Anonymous
8fbc9bf8-114f-5bfb-9ba2-d7216f38899b,Swinford,20:30,,F12 WK83,53.9436284,-8.9550648,The Cultural Centre,"Station Road,Carrowbeg,Swinford,Co. Mayo",,Monday,False,False,False,False,,Steps,,,,Republic of Ireland,Alcoholics Anonymous
13db645a-c138-5579-8480-029b12e2e324,Swinford,20:30,,F12 WK83,53.9436284,-8.9550648,The Cultural Centre,"Station Road,Carrowbeg,Swinford,Co. Mayo",,Saturday,False,False,False,False,,,,,,Republic of Ireland,Alcoholics Anonymous
1a255206-3eb0-5430-be3c-4a0b72130960,Tallow,20:30,,P51 P3K6,52.0949037,-8.0068201,St. Patrick's Hall,"Convent Street,Tallow,Co. Waterford",,Sunday,False,False,False,False,,,,,,Republic of Ireland,Alcoholics Anonymous
1d4df5a6-26d8-51b5-97a8-acd76e8bd6f9,Temperance Hall,21:00,,H62 XY20,53.1970496,-8.5689437,Temperance Hall,"Barrack Street,Loughrea,Co. Galway",,Tuesday,False,False,False,False,,,,,,Republic of Ireland,Alcoholics Anonymous
c61553c2-7244-5ad4-bba2-942d787c9a0b,Temperance Hall,20:00,,H62 XY20,53.1970496,-8.5689437,Temperance Hall,"Barrack Street,Loughrea,Co. Galway",,Thursday,False,False,False,False,,,,,,Republic of Ireland,Alcoholics Anonymous
1812241d-caeb-5b7c-b597-5143c12b6e06,Temperance Hall,10:45,,H62 XY20,53.1970496,-8.5689437,Temperance Hall,"Barrack Street,Loughrea,Co. Galway",,Sunday,False,False,False,False,,,,,,Republic of Ireland,Alcoholics Anonymous
755291bd-bd07-5eef-b85d-b54f5a3f66fb,Templemore Dom’S Room,20:30,,E41 X433,52.7952167,-7.831602,Cannon Noonan Community Services,"Bank Street,Templemore,Co. Tipperary",,Friday,False,False,False,False,,,,,,Republic of Ireland,Alcoholics Anonymous
09cbbd7a-1b5d-5153-a123-4ff508ff4a46,Thurles,20:30,,E41 PT66,52.6738604,-7.8216091,Tipperary Centre For Independant Living,"Unit 2 Thurles Business Centre,Stradavoher,Thurles,Co. Tipperary",,Tuesday,False,False,False,False,,Steps,Tradition Meeting last Thursday of the Month,,,Republic of Ireland,Alcoholics Anonymous
04fa40fa-fbd7-5696-ab5a-1cc4640b84ad,Thurles,20:30,,E41 PT66,52.6738604,-7.8216091,Tipperary Centre For Independant Living,"Unit 2 Thurles Business Centre,Stradavoher,Thurles,Co. Tipperary",,Thursday,False,False,False,False,,,Tradition Meeting last Thursday of the Month,,,Republic of Ireland,Alcoholics Anonymous
5e63eb5b-ac92-54ed-b8c1-8326d0dab03f,Thurles,20:30,,E41 PT66,52.6738604,-7.8216091,Tipperary Centre For Independant Living,"Unit 2 Thurles Business Centre,Stradavoher,Thurles,Co. Tipperary",,Saturday,False,False,False,False,,,Tradition Meeting last Thursday of the Month,,,Republic of Ireland,Alcoholics Anonymous
f10be753-9415-5350-be46-4bdfc43e9d0e,Today St. Molaise,20:00,,F91 HR26,54.3931581,-8.5249745,Parish Priest House,"Parochial House,Grange,Sligo",,Monday,False,False,False,False,,,,,,Republic of Ireland,Alcoholics Anonymous
30b44c4a-b839-5a68-824b-8a91c786486e,Tramore,20:00,,X91 HX01,52.162968,-7.149167,The Meeting Place,"Upper Branch Road,Tramore,Co. Waterford",,Wednesday,False,False,False,False,,Big Book,,,,Republic of Ireland,Alcoholics Anonymous
3cb550b9-c16b-52f2-af04-263c0b4c4933,Tramore,20:00,,X91 HX01,52.162968,-7.149167,The Meeting Place,"Upper Branch Road,Tramore,Co. Waterford",,Friday,False,False,False,False,,,,,,Republic of Ireland,Alcoholics Anonymous
789e9f4f-b8ea-555b-aba0-fbf6470661f8,Trim Mustard Seed,20:00,,C15 V205,53.5524133,-6.7922728,Below Snooker Club,"Patrick Street,Trim,Co. Meath",,Monday,False,False,False,True,,,"Monday physical meeting is ONLY on the 1st Monday of month and is an open public meeting.
To request link to online meeting email L216@alcoholicsanonymous.ie",,,Republic of Ireland,Alcoholics Anonymous
6229e7cf-d1de-5204-83dc-434e2447a1ee,Trim Mustard Seed,20:00,,C15 V205,53.5524133,-6.7922728,Below Snooker Club,"Patrick Street,Trim,Co. Meath",,Wednesday,False,False,False,False,,Steps,"Monday physical meeting is ONLY on the 1st Monday of month and is an open public meeting.
To request link to online meeting email L216@alcoholicsanonymous.ie",,,Republic of Ireland,Alcoholics Anonymous
3c62030e-198d-5d59-847b-2a1b6cff6e11,Tubbercurry,20:30,,,54.0529666,-8.7266054,Old Parochial House,"Ballymote Road,Tubbercurry,Co. Sligo",,Tuesday,False,False,False,False,,,,,,Republic of Ireland,Alcoholics Anonymous
e35b0def-7151-5a1a-a00d-90e6495f3724,Tubbercurry,20:30,,,54.0529666,-8.7266054,Old Parochial House,"Ballymote Road,Tubbercurry,Co. Sligo",,Sunday,False,False,False,False,,,,,,Republic of Ireland,Alcoholics Anonymous
b0701132-e995-58bd-8672-388e53523c52,Tulla,20:30,,V95 NN53,52.8663874,-8.7564071,The Sacristy,"Tulla Church,Tulla,Co. Clare",,Monday,False,False,False,False,,,,,,Republic of Ireland,Alcoholics Anonymous
584d90b5-0b82-5158-b6dd-a7607d6f27fa,Tulla,20:30,,V95 NN53,52.8663874,-8.7564071,The Sacristy,"Tulla Church,Tulla,Co. Clare",,Sunday,False,False,False,False,,,,,,Republic of Ireland,Alcoholics Anonymous
ded899ea-51cf-594e-818f-1aaffee1b1ce,Tullamore,20:15,,R35 V5W4,53.2720654,-7.4898247,The Tanyard Resource Centre,"The Tanyard,Tullamore,Co. Offaly",,Monday,False,False,False,False,,Steps,,,,Republic of Ireland,Alcoholics Anonymous
b068ee41-f4f0-57aa-b40d-e400f7da298f,Tullamore,13:00,,R35 V5W4,53.2720654,-7.4898247,The Tanyard Resource Centre,"The Tanyard,Tullamore,Co. Offaly",,Tuesday,False,False,False,False,,,,,,Republic of Ireland,Alcoholics Anonymous
98bea004-aa66-5cb9-b92c-510c1ba4824f,Tullamore,20:15,,R35 V5W4,53.2720654,-7.4898247,The Tanyard Resource Centre,"The Tanyard,Tullamore,Co. Offaly",,Wednesday,False,False,False,False,,,,,,Republic of Ireland,Alcoholics Anonymous
9a5b8a7d-bcf8-5257-aa42-faca2584738f,Tullamore,20:15,,R35 V5W4,53.2720654,-7.4898247,The Tanyard Resource Centre,"The Tanyard,Tullamore,Co. Offaly",,Thursday,False,False,False,False,,,,,,Republic of Ireland,Alcoholics Anonymous
e38b6584-af6f-5c99-bdd3-7b605cc8d46d,Tullamore,13:00,,R35 V5W4,53.2720654,-7.4898247,The Tanyard Resource Centre,"The Tanyard,Tullamore,Co. Offaly",,Friday,False,False,False,False,,,,,,Republic of Ireland,Alcoholics Anonymous
bca8e4ca-86eb-56e0-ac5e-3e03e5c32fa6,Tullamore,20:15,,R35 V5W4,53.2720654,-7.4898247,The Tanyard Resource Centre,"The Tanyard,Tullamore,Co. Offaly",,Saturday,False,False,False,False,,,,,,Republic of Ireland,Alcoholics Anonymous
94bc67ab-3f4c-5587-b4ea-feb67677dc67,Tullamore,12:00,,R35 V5W4,53.2720654,-7.4898247,The Tanyard Resource Centre,"The Tanyard,Tullamore,Co. Offaly",,Sunday,False,False,False,False,,,,,,Republic of Ireland,Alcoholics Anonymous
78c60fd5-7dc4-5cae-9302-192785836656,Tullamore,20:15,,R35 V5W4,53.2720654,-7.4898247,The Tanyard Resource Centre,"The Tanyard,Tullamore,Co. Offaly",,Sunday,False,False,False,False,,,,,,Republic of Ireland,Alcoholics Anonymous
9faa571f-529a-5925-984d-043b52a7a33b,Tullamore Phoenix Group,20:30,,R35 H660,53.2728387,-7.480794,Charleville Centre Tullamore,"4 Church Hill,Church Avenue,Tullamore,Co. Offaly",,Wednesday,False,False,False,False,,,,,,Republic of Ireland,Alcoholics Anonymous
200a4502-6cb5-5190-a7f3-70b4fe3480be,Tullamore Phoenix Group,20:30,,R35 H660,53.2728387,-7.480794,Charleville Centre Tullamore,"4 Church Hill,Church Avenue,Tullamore,Co. Offaly",,Saturday,False,False,False,False,,,,,,Republic of Ireland,Alcoholics Anonymous
8cc802b5-5dab-53d2-a2d8-d71c90b8f6fe,Tullow Thursday Group,20:30,,R93 W447,52.8013623,-6.7322471,Teach Brid,"Templeowen,Tullow,Co. Carlow",,Thursday,False,False,False,False,,,Behind RC Church,,,Republic of Ireland,Alcoholics Anonymous
6dc3afd4-dc48-54a5-b336-a58eb5168e8d,Waterford City St. John’S,12:30,,X91 FH04,52.2574052,-7.1104502,Sacristy St. John's Church Parnell Street,Waterford City,,Monday,False,False,False,False,,,,,,Republic of Ireland,Alcoholics Anonymous
ed74209b-a4d8-5aff-ae92-1e6ff92ac248,Waterford City St. John’S,12:30,,X91 FH04,52.2574052,-7.1104502,Sacristy St. John's Church Parnell Street,Waterford City,,Tuesday,False,False,False,False,,Big Book,,,,Republic of Ireland,Alcoholics Anonymous
b909f1b0-4c63-5d13-91fd-9cc7782be0dd,Waterford City St. John’S,12:30,,X91 FH04,52.2574052,-7.1104502,Sacristy St. John's Church Parnell Street,Waterford City,,Wednesday,False,False,False,False,,,,,,Republic of Ireland,Alcoholics Anonymous
51934cd8-d469-5dcd-ad7e-130c8a7b4ebb,Waterford City St. John’S,12:30,,X91 FH04,52.2574052,-7.1104502,Sacristy St. John's Church Parnell Street,Waterford City,,Thursday,False,False,False,False,,Steps,,,,Republic of Ireland,Alcoholics Anonymous
b90002e8-2b30-5527-b75b-f30acf050e49,Waterford City St. John’S,12:30,,X91 FH04,52.2574052,-7.1104502,Sacristy St. John's Church Parnell Street,Waterford City,,Friday,False,False,False,False,,,,,,Republic of Ireland,Alcoholics Anonymous
790a5809-8104-539e-bc2d-be55e2ab5622,Westport Social Service Group,20:30,,F28 NH32,53.8006255,-9.5227016,Parish Centre,"James Street,Westport,Co. Mayo",,Monday,False,False,False,False,,,Meeting is upstairs in Loft.,,,Republic of Ireland,Alcoholics Anonymous
758e1763-f417-58eb-8a48-69e1828778d3,Westport Social Service Group,20:30,,F28 NH32,53.8006255,-9.5227016,Parish Centre,"James Street,Westport,Co. Mayo",,Thursday,False,False,False,False,,,Meeting is upstairs in Loft.,,,Republic of Ireland,Alcoholics Anonymous
5ae8e858-821d-5f59-8aba-c4165f11fd8e,Westport Social Service Group,20:30,,F28 NH32,53.8006255,-9.5227016,Parish Centre,"James Street,Westport,Co. Mayo",,Saturday,False,False,False,False,,,Meeting is upstairs in Loft.,,,Republic of Ireland,Alcoholics Anonymous
873160a2-5ce5-52ce-bd54-f61e9a12d9c6,Wicklow Town,20:00,,A67 FX65,52.9794746,-6.0451453,The De La Salle Pastoral Centre,"St. Patrick's Church Grounds,Wicklow",,Monday,False,False,False,False,,,,,,Republic of Ireland,Alcoholics Anonymous
69afe709-cf08-5de7-a429-0e97f43f6f8b,Wicklow Town,20:00,,A67 FX65,52.9794746,-6.0451453,The De La Salle Pastoral Centre,"St. Patrick's Church Grounds,Wicklow",,Thursday,False,False,False,False,,,,,,Republic of Ireland,Alcoholics Anonymous
a93d0f6f-3fd7-520d-adec-5110022a2682,Wicklow Town,18:30,,A67 FX65,52.9794746,-6.0451453,The De La Salle Pastoral Centre,"St. Patrick's Church Grounds,Wicklow",,Saturday,False,False,False,False,,,,,,Republic of Ireland,Alcoholics Anonymous
e4fa84bf-e22a-506a-a31b-648d47cb037b,Williamstown Waterpark Group,20:30,,X91 PY99,52.2429151,-7.0885161,Farronshoneen Community Centre,"Williamstown,Waterford",,Tuesday,False,False,False,False,,Steps,,,,Republic of Ireland,Alcoholics Anonymous
d6f7e8cf-2d7d-5f31-9fb3-b63ab1f3009b,Williamstown Waterpark Group,20:30,,X91 PY99,52.2429151,-7.0885161,Farronshoneen Community Centre,"Williamstown,Waterford",,Thursday,False,False,False,False,,,,,,Republic of Ireland,Alcoholics Anonymous
8a8a832d-7330-5461-8a6a-bbc904a7df84,Ballincollig,20:30,,P31 KV63,51.8867066,-8.5912602,St. Vincent De Paul,"Family Centre,Station Road,Ballincollig,Cork",,Monday,False,False,False,False,,,,Cork,Republic of Ireland,Republic of Ireland,Alcoholics Anonymous
3398b0f9-d789-5994-93ae-b027be515b0c,Ballincollig,18:00,,P31 KV63,51.8867066,-8.5912602,St. Vincent De Paul,"Family Centre,Station Road,Ballincollig,Cork",,Wednesday,False,False,False,False,,,,Cork,Republic of Ireland,Republic of Ireland,Alcoholics Anonymous
ce4eee79-b1f2-5241-9a4a-fac8e5ebe3fb,Ballincollig,20:30,,P31 KV63,51.8867066,-8.5912602,St. Vincent De Paul,"Family Centre,Station Road,Ballincollig,Cork",,Friday,False,False,False,False,,,,Cork,Republic of Ireland,Republic of Ireland,Alcoholics Anonymous
c82658b9-27c9-51f5-ac72-4a5814c4a03f,Ballincollig,10:30,,P31 KV63,51.8867066,-8.5912602,St. Vincent De Paul,"Family Centre,Station Road,Ballincollig,Cork",,Sunday,False,False,False,False,,,,Cork,Republic of Ireland,Republic of Ireland,Alcoholics Anonymous
071b05d4-f52c-53d8-8cc3-fca31146a4a6,Ballincollig,18:00,,P31 KV63,51.8867066,-8.5912602,St. Vincent De Paul,"Family Centre,Station Road,Ballincollig,Cork",,Sunday,False,False,False,False,,,,Cork,Republic of Ireland,Republic of Ireland,Alcoholics Anonymous
4735cacd-30b4-5fd6-a0a4-69a1ecab0e3e,Ballinlough The Big Book Group,12:45,,T12 VX20,51.8844737,-8.4472084,Cork Methodist Church & Ardfallen Centre,"Nursery Drive,Ballinlough,Co. Cork",,Wednesday,False,False,False,False,,,,Cork,Republic of Ireland,Republic of Ireland,Alcoholics Anonymous
710933aa-ab87-5d10-ba2b-27dc8d809b69,Ballyphehane,20:30,,T12 Y0XP,51.883111,-8.477704,Ballyphehane Pipe Band Hall,"Lower Friars Walk,Ballyphehane,Co. Cork",,Tuesday,False,False,False,False,,,Zoom Meeting: To request link to online meeting email M42@alcoholicsanonymous.ie,Cork,Republic of Ireland,Republic of Ireland,Alcoholics Anonymous
dc3aea3a-fc69-5ef3-b2a5-97f96e70f09a,Ballyphehane,20:30,,T12 Y0XP,51.883111,-8.477704,Ballyphehane Pipe Band Hall,"Lower Friars Walk,Ballyphehane,Co. Cork",,Thursday,False,False,False,False,,,Zoom Meeting: To request link to online meeting email M42@alcoholicsanonymous.ie,Cork,Republic of Ireland,Republic of Ireland,Alcoholics Anonymous
9ae39fd1-f82e-5d4f-bf2a-f1bea6135f11,Ballyphehane,16:30,,T12 Y0XP,51.883111,-8.477704,Ballyphehane Pipe Band Hall,"Lower Friars Walk,Ballyphehane,Co. Cork",,Saturday,False,False,False,False,,,Zoom Meeting: To request link to online meeting email M42@alcoholicsanonymous.ie,Cork,Republic of Ireland,Republic of Ireland,Alcoholics Anonymous
7fd8133f-af4b-57b4-9de4-8fc7ae113827,Ballyphehane,20:30,,T12 Y0XP,51.883111,-8.477704,Ballyphehane Pipe Band Hall,"Lower Friars Walk,Ballyphehane,Co. Cork",,Sunday,False,False,False,False,,,Zoom Meeting: To request link to online meeting email M42@alcoholicsanonymous.ie,Cork,Republic of Ireland,Republic of Ireland,Alcoholics Anonymous
79a1de99-c781-59b7-be86-a1e0ddcc8e25,Bandon Riverview,20:00,,P72 E448,51.7467753,-8.7385223,Front Door,"Town Hall,North Main Street,Bandon,Co. Cork",,Monday,False,False,False,False,,,Tuesdays Upstairs,Cork,Republic of Ireland,Republic of Ireland,Alcoholics Anonymous
6e0361c8-0d3f-5b9f-b039-2161e4265767,Bandon Riverview,18:00,,P72 E448,51.7467753,-8.7385223,Front Door,"Town Hall,North Main Street,Bandon,Co. Cork",,Tuesday,False,False,False,False,,,Tuesdays Upstairs,Cork,Republic of Ireland,Republic of Ireland,Alcoholics Anonymous
c5763c38-f90b-5c58-b7fe-dd9f1274e1ae,Bandon Riverview,18:00,,P72 E448,51.7467753,-8.7385223,Front Door,"Town Hall,North Main Street,Bandon,Co. Cork",,Thursday,False,False,False,False,,,Tuesdays Upstairs,Cork,Republic of Ireland,Republic of Ireland,Alcoholics Anonymous
12ed166d-1882-5be4-af7d-3113e05c74f3,Bandon Riverview,18:00,,P72 E448,51.7467753,-8.7385223,Front Door,"Town Hall,North Main Street,Bandon,Co. Cork",,Saturday,False,False,False,False,,Steps,Tuesdays Upstairs,Cork,Republic of Ireland,Republic of Ireland,Alcoholics Anonymous
d9be0898-89e4-5eab-82b6-20a24b0d450c,Bantry 1,20:30,,P75 H593,51.6809208,-9.4530818,Ian Connor Room,"Rear Of St. Brendan's Church,Wolf Tone Square,Bantry,Co. Cork",,Thursday,False,False,False,False,,,Portacabin behind St. Brendan's Church,Cork,Republic of Ireland,Republic of Ireland,Alcoholics Anonymous
a0e242a6-3f03-5d63-ab0c-64ff1948960f,Bantry Hospital Group,20:30,,P75 VP89,51.6754644,-9.449798,Dromleigh Resource Centre,"Dromleigh Close,Dromleigh North,Bantry,Co. Cork",,Tuesday,False,False,False,False,,,,Cork,Republic of Ireland,Republic of Ireland,Alcoholics Anonymous
595d69a5-7183-5fbe-ad87-e4ba535451bf,Bantry Hospital Group,20:30,,P75 VP89,51.6754644,-9.449798,Dromleigh Resource Centre,"Dromleigh Close,Dromleigh North,Bantry,Co. Cork",,Saturday,False,False,False,False,,,,Cork,Republic of Ireland,Republic of Ireland,Alcoholics Anonymous
f8052fe4-e6ac-5dbd-af66-9c7d4ff4fb53,Carrigtwohill Big Book Step Group,20:30,,T45 WE16,51.9095266,-8.2597894,Carricktwohill Family Resource Centre,"Main Street,Carricktwohill,Co. Cork",,Friday,False,False,False,False,,Big Book,Zoom Meeting: To request link to online meeting email M261@alcoholicsanonymous.ie,Cork,Republic of Ireland,Republic of Ireland,Alcoholics Anonymous
b79f81e1-eff7-56fa-9615-67c606f403ea,Castlemartyr Step & Tradition,20:30,,P25 D968,51.9162731,-8.0552684,Old National School Mogeely Road,"Castlemartyr,Co. Cork",,Wednesday,False,False,False,False,,Steps & Tradition,,Cork,Republic of Ireland,Republic of Ireland,Alcoholics Anonymous
24cb6f17-29a9-5f5b-b218-d3f8909ba7a4,Cloyne Serenity,20:30,,P25 EW99,51.8615003,-8.120647,Cloyne Mens Shed,"Chapel Street,Cloyne,Co. Cork",,Monday,False,False,False,False,,,Across from St Colmans Catholic Church,Cork,Republic of Ireland,Republic of Ireland,Alcoholics Anonymous
499bfa2f-3896-50c9-9abf-05b4303808d6,Cobh,20:30,,P24 Y319,51.8514736,-8.293747,Cobh Parish Centre,"Wolfe Tone St.,Cobh,Co. Cork",,Monday,False,False,False,False,,,To request a link to an online meeting please send an email to m39@alcoholicsanonymous.ie,Cork,Republic of Ireland,Republic of Ireland,Alcoholics Anonymous
8eaf06a5-093d-5651-be37-71602f438490,Cobh,20:30,,P24 Y319,51.8514736,-8.293747,Cobh Parish Centre,"Wolfe Tone St.,Cobh,Co. Cork",,Wednesday,False,False,False,False,,,To request a link to an online meeting please send an email to m39@alcoholicsanonymous.ie,Cork,Republic of Ireland,Republic of Ireland,Alcoholics Anonymous
a9d109b7-d6aa-5aa8-b827-3fed8dfcec2a,Cobh,20:30,,P24 Y319,51.8514736,-8.293747,Cobh Parish Centre,"Wolfe Tone St.,Cobh,Co. Cork",,Friday,False,False,False,False,,Steps,To request a link to an online meeting please send an email to m39@alcoholicsanonymous.ie,Cork,Republic of Ireland,Republic of Ireland,Alcoholics Anonymous
de00f25e-7e27-599a-9c5e-6373c4541e13,Cobh,18:00,,P24 Y319,51.8514736,-8.293747,Cobh Parish Centre,"Wolfe Tone St.,Cobh,Co. Cork",,Saturday,False,False,False,False,,,To request a link to an online meeting please send an email to m39@alcoholicsanonymous.ie,Cork,Republic of Ireland,Republic of Ireland,Alcoholics Anonymous
2b7a0a6d-1787-5078-a746-1e7959846d98,Cobh,12:00,,P24 Y319,51.8514736,-8.293747,Cobh Parish Centre,"Wolfe Tone St.,Cobh,Co. Cork",,Sunday,False,False,False,False,,,To request a link to an online meeting please send an email to m39@alcoholicsanonymous.ie,Cork,Republic of Ireland,Republic of Ireland,Alcoholics Anonymous
88895a66-e30a-5741-9daf-892ac4598d4d,Cork City Blackrock Road Group,19:30,,T12 Y206,51.8946868,-8.4483722,Convent Of St Francis,"Blackrock Road,Cork City",,Monday,False,False,False,False,,,,Cork,Republic of Ireland,Republic of Ireland,Alcoholics Anonymous
ad64e896-5386-5f25-ac0d-d7b79eab1139,Cork City Blackrock Road Group,19:30,,T12 Y206,51.8946868,-8.4483722,Convent Of St Francis,"Blackrock Road,Cork City",,Thursday,False,False,False,False,,,,Cork,Republic of Ireland,Republic of Ireland,Alcoholics Anonymous
04a6b1ea-34bb-5dd2-903c-085a85d92de5,Cork City Cork Second,20:30,,T12 HN4V,51.8972185,-8.4723288,YMCA Building,"11/12 Marlboro Street,Cork City",,Tuesday,False,False,False,False,,Steps & Tradition,,Cork,Republic of Ireland,Republic of Ireland,Alcoholics Anonymous
a266d4b8-b4c8-58f9-9e72-98ca9e63257e,Cork City Cork Second,20:30,,T12 HN4V,51.8972185,-8.4723288,YMCA Building,"11/12 Marlboro Street,Cork City",,Thursday,False,False,False,False,,,,Cork,Republic of Ireland,Republic of Ireland,Alcoholics Anonymous
a9e61526-a9f7-56cb-a214-f7e318d0606f,Cork City Cork Second,20:30,,T12 HN4V,51.8972185,-8.4723288,YMCA Building,"11/12 Marlboro Street,Cork City",,Saturday,False,False,False,False,,,,Cork,Republic of Ireland,Republic of Ireland,Alcoholics Anonymous
c46b3c50-2117-517e-a57e-8a39ef71e3ba,Cork City Emotional Sobriety,18:00,,T12 ET7E,51.8897705,-8.4458148,Ballinlough Community Centre,"Ballinlough Road,Cork City,Cork",,Saturday,False,False,False,False,,,,Cork,Republic of Ireland,Republic of Ireland,Alcoholics Anonymous
2765c810-3d18-5b02-905b-c07123f1e20b,Cork City Emotional Sobriety,20:30,,T12 XW8R,51.8920536,-8.4686156,Quaker House,"Summerhill South,Cork City,Cork",,Sunday,False,False,False,False,,,,Cork,Republic of Ireland,Republic of Ireland,Alcoholics Anonymous
cd21194e-f43b-5137-af20-b2bb18a891e1,Cork City Frankfield,20:00,,T12 HD86,51.8651381,-8.4570962,Scoil Nicolais,"Frankfield,Cork Ccity,Cork",,Monday,False,False,False,False,,Beginner,To request a link to an online meeting please send an email to m233@alcoholicsanonymous.ie,Cork,Republic of Ireland,Republic of Ireland,Alcoholics Anonymous
842d8b0f-a937-59a0-8beb-8b7d1d1049c3,Cork City Frankfield,20:00,,T12 HD86,51.8651381,-8.4570962,Scoil Nicolais,"Frankfield,Cork Ccity,Cork",,Thursday,False,False,False,False,,Big Book,To request a link to an online meeting please send an email to m233@alcoholicsanonymous.ie,Cork,Republic of Ireland,Republic of Ireland,Alcoholics Anonymous
e2977ef7-df43-5901-90ef-459347d6381d,Cork City Grattan Street,10:00,,T12 DW62,51.8991478,-8.4802403,Grattan Street Community Centre,Cork City,,Monday,False,False,False,False,,,,Cork,Republic of Ireland,Republic of Ireland,Alcoholics Anonymous
585b2975-a10b-578f-b261-924a56735803,Cork City Grattan Street,12:45,,T12 DW62,51.8991478,-8.4802403,Grattan Street Community Centre,Cork City,,Monday,False,False,False,False,,,,Cork,Republic of Ireland,Republic of Ireland,Alcoholics Anonymous
d3abdf10-9094-5f5a-879e-d6bbc7938ccb,Cork City Grattan Street,07:30,,T12 DW62,51.8991478,-8.4802403,Grattan Street Community Centre,Cork City,,Tuesday,False,False,False,False,,,,Cork,Republic of Ireland,Republic of Ireland,Alcoholics Anonymous
742e2a88-c341-5b12-abe9-8916e7f84c05,Cork City Grattan Street,12:45,,T12 DW62,51.8991478,-8.4802403,Grattan Street Community Centre,Cork City,,Tuesday,False,False,False,False,,,,Cork,Republic of Ireland,Republic of Ireland,Alcoholics Anonymous
8d215f0c-50df-5850-9cdb-b1ce64897bf6,Cork City Grattan Street,10:00,,T12 DW62,51.8991478,-8.4802403,Grattan Street Community Centre,Cork City,,Wednesday,False,False,False,False,,,,Cork,Republic of Ireland,Republic of Ireland,Alcoholics Anonymous
c1a24722-928f-5917-a12f-b8d8b45faf16,Cork City Grattan Street,12:45,,T12 DW62,51.8991478,-8.4802403,Grattan Street Community Centre,Cork City,,Wednesday,False,False,False,False,,,,Cork,Republic of Ireland,Republic of Ireland,Alcoholics Anonymous
3dd4b778-8fe6-5775-8eea-3751da1de9c9,Cork City Grattan Street,12:45,,T12 DW62,51.8991478,-8.4802403,Grattan Street Community Centre,Cork City,,Thursday,False,False,False,False,,Steps & Tradition,,Cork,Republic of Ireland,Republic of Ireland,Alcoholics Anonymous
ddf0f253-beb7-5485-b0f1-bcc296deb800,Cork City Grattan Street,10:00,,T12 DW62,51.8991478,-8.4802403,Grattan Street Community Centre,Cork City,,Friday,False,False,False,False,,,,Cork,Republic of Ireland,Republic of Ireland,Alcoholics Anonymous
00ee1360-e07a-566e-a680-f10a7aac8004,Cork City Grattan Street,12:45,,T12 DW62,51.8991478,-8.4802403,Grattan Street Community Centre,Cork City,,Friday,False,False,False,False,,,,Cork,Republic of Ireland,Republic of Ireland,Alcoholics Anonymous
fab32ee7-8b0b-5f2f-b5b0-283eb17794a1,Cork City Grattan Street,12:45,,T12 DW62,51.8991478,-8.4802403,Grattan Street Community Centre,Cork City,,Sunday,False,False,False,False,,,,Cork,Republic of Ireland,Republic of Ireland,Alcoholics Anonymous
686d3546-2438-5df0-804d-e45a83a8467b,Cork City Popes Quay Group,18:00,,T23 C634,51.9021062,-8.4741365,Dominican Centre,"Popes Quay,Cork City",,Monday,False,False,False,False,,,,Cork,Republic of Ireland,Republic of Ireland,Alcoholics Anonymous
1e9d7ef3-73cf-5d0d-b9a9-cdeefbc381a1,Cork City Popes Quay Group,18:00,,T23 C634,51.9021062,-8.4741365,Dominican Centre,"Popes Quay,Cork City",,Wednesday,False,False,False,False,,,,Cork,Republic of Ireland,Republic of Ireland,Alcoholics Anonymous
d1e8ab6f-b210-521f-9466-48c9c18bae8b,Cork City Popes Quay Group,17:30,,T23 C634,51.9021062,-8.4741365,Dominican Centre,"Popes Quay,Cork City",,Friday,False,False,False,False,,,,Cork,Republic of Ireland,Republic of Ireland,Alcoholics Anonymous
42a0d43a-750c-5c94-b492-68df53d5dd26,Cork City Rutland Street,18:00,,T12 CX32,51.894202,-8.4692779,South Parish,"Community Centre,Rutland Street,Cork City",,Thursday,False,False,False,False,,Beginner,,Cork,Republic of Ireland,Republic of Ireland,Alcoholics Anonymous
2a206d63-35d9-5caa-8d62-e16dc48c1994,Cork City Solas,20:00,,T12 W728,51.8883244,-8.5080773,Church Of The Descent Of The Holy Spirit,"Dennehys Cross,The Crypt,Cork City",,Wednesday,False,False,False,False,,,"Zoom Meeting: 
To request link to online meeting, email M64@alcoholicsanonymous.ie",Cork,Republic of Ireland,Republic of Ireland,Alcoholics Anonymous
cf18513f-6335-534d-856a-7fca0de9b294,Cork City The Lough,18:00,,T12 VF5C,51.8904495,-8.4806423,Lough Community Centre,"Greenmount,Cork City,Cork",,Monday,False,False,False,False,,,Zoom Meeting: To request link to online meeting email M88@alcoholicsanonymous.ie,Cork,Republic of Ireland,Republic of Ireland,Alcoholics Anonymous
937142d3-3ed6-5cd3-8b01-9912a88c1abc,Cork City The Lough,18:00,,T12 VF5C,51.8904495,-8.4806423,Lough Community Centre,"Greenmount,Cork City,Cork",,Tuesday,False,False,False,False,,,Zoom Meeting: To request link to online meeting email M88@alcoholicsanonymous.ie,Cork,Republic of Ireland,Republic of Ireland,Alcoholics Anonymous
ab1db6d1-b559-5773-a183-4939e2b28b62,Cork City The Lough,18:00,,T12 VF5C,51.8904495,-8.4806423,Lough Community Centre,"Greenmount,Cork City,Cork",,Thursday,False,False,False,False,,,Zoom Meeting: To request link to online meeting email M88@alcoholicsanonymous.ie,Cork,Republic of Ireland,Republic of Ireland,Alcoholics Anonymous
769f2b03-33b2-5fe4-a1f2-a149c9e613eb,Cork City Watergrasshill,20:30,,T56 ER82,52.0145628,-8.339944,Church Hall,"Church Grounds,Watergrasshill,Co. Cork",,Saturday,False,False,False,False,,,,Cork,Republic of Ireland,Republic of Ireland,Alcoholics Anonymous
4e0afe27-64cf-509c-ab66-bad0a47799ca,Cork City Western Road,20:30,,T12 CA34,51.8939645,-8.5036274,Meeting Room,"Sacred Heart Church,Western Road,Cork City",,Wednesday,False,False,False,False,,,,Cork,Republic of Ireland,Republic of Ireland,Alcoholics Anonymous
b7304464-07db-5e6d-8edf-c7e6a53833d2,Cork City Western Road,11:00,,T12 CA34,51.8939645,-8.5036274,Meeting Room,"Sacred Heart Church,Western Road,Cork City",,Sunday,False,False,False,False,,Big Book,,Cork,Republic of Ireland,Republic of Ireland,Alcoholics Anonymous
6956fe12-d5f8-5bc5-8a8f-d65e457adae1,Crosshaven,20:30,,P43 W968,51.8009611,-8.2949304,Community Centre,"Crosshaven,Co. Cork",,Monday,False,False,False,False,,,"To request link to online meeting, please email M47@alcoholicsanonymous.ie",Cork,Republic of Ireland,Republic of Ireland,Alcoholics Anonymous
b9ca82ac-7e78-5873-a7b4-1ac345993f67,Crosshaven,20:30,,P43 W968,51.8009611,-8.2949304,Community Centre,"Crosshaven,Co. Cork",,Thursday,False,False,False,False,,,"To request link to online meeting, please email M47@alcoholicsanonymous.ie",Cork,Republic of Ireland,Republic of Ireland,Alcoholics Anonymous
1dd42cc5-26ca-5dc3-812f-ee841543a689,Crosshaven,20:30,,P43 W968,51.8009611,-8.2949304,Community Centre,"Crosshaven,Co. Cork",,Saturday,False,False,False,False,,,"To request link to online meeting, please email M47@alcoholicsanonymous.ie",Cork,Republic of Ireland,Republic of Ireland,Alcoholics Anonymous
d4ce8cbf-b28c-598b-8b94-fa97495350bb,Doneraile,20:30,,,52.2184169,-8.5873226,Girls National School Convent Road,"Doneraile,Co. Cork",,Wednesday,False,False,False,False,,,,Cork,Republic of Ireland,Republic of Ireland,Alcoholics Anonymous
f35c20e8-b97e-525a-b0af-400c9180fdc9,Donoughmore,20:30,,P32 W286,51.9881248,-8.6976798,Firmount Community Centre,"Firmount,Donourhmore,Co. Cork",,Thursday,False,False,False,False,,,,Cork,Republic of Ireland,Republic of Ireland,Alcoholics Anonymous
a1f23d93-4756-575c-abc5-19d1fb4c11fa,Dunmanway,20:30,,P47 EC43,51.716997,-9.1211119,Dunmanway Family Resource Centre,"Kilbarry Road,Dunmanway,Co. Cork",,Thursday,False,False,False,False,,,,Cork,Republic of Ireland,Republic of Ireland,Alcoholics Anonymous
5d41a296-fb6d-5cc8-bc56-bbc9aa58321f,Dunmanway,20:30,,P47 EC43,51.716997,-9.1211119,Dunmanway Family Resource Centre,"Kilbarry Road,Dunmanway,Co. Cork",,Saturday,False,False,False,False,,,,Cork,Republic of Ireland,Republic of Ireland,Alcoholics Anonymous
441baf5f-0de2-58b6-9b10-f169497de600,Fermoy,20:30,,P61 DD73,52.1423216,-8.2764983,Upstairs  Room,"Adair Hall,Church Hill,Fermoy,Co. Cork",,Wednesday,False,False,False,False,,,,Cork,Republic of Ireland,Republic of Ireland,Alcoholics Anonymous
5a754c41-eb75-5a2d-9322-a12b900d583a,Fermoy,13:00,,P61 DD73,52.1423216,-8.2764983,Upstairs  Room,"Adair Hall,Church Hill,Fermoy,Co. Cork",,Friday,False,False,False,False,,,,Cork,Republic of Ireland,Republic of Ireland,Alcoholics Anonymous
4ea5be68-7919-5fbf-bdd1-be1b70b74126,Fermoy,20:30,,P61 DD73,52.1423216,-8.2764983,Upstairs  Room,"Adair Hall,Church Hill,Fermoy,Co. Cork",,Sunday,False,False,False,False,,,,Cork,Republic of Ireland,Republic of Ireland,Alcoholics Anonymous
ec05bd63-677d-5f73-a4e7-6091bf0851ad,Gurranabraher,20:30,,T23 HK31,51.904542,-8.4917707,Church Of The Ascension,"Gurranabraher,Gunnanabaher,Cork",,Monday,False,False,False,False,,Steps,,Cork,Republic of Ireland,Republic of Ireland,Alcoholics Anonymous
7860d31b-a5e4-54b9-92a7-0482c7331423,Gurranabraher,20:30,,T23 HK31,51.904542,-8.4917707,Church Of The Ascension,"Gurranabraher,Gunnanabaher,Cork",,Wednesday,False,False,False,False,,,,Cork,Republic of Ireland,Republic of Ireland,Alcoholics Anonymous
a8d2b5ad-7b30-587a-a922-1dd59d1b2fa3,Gurranabraher,20:30,,T23 HK31,51.904542,-8.4917707,Church Of The Ascension,"Gurranabraher,Gunnanabaher,Cork",,Friday,False,False,False,False,,,,Cork,Republic of Ireland,Republic of Ireland,Alcoholics Anonymous
19d1600a-9c6a-51ca-bd9a-0672c5b9ebe6,Gurranabraher,18:00,,T23 HK31,51.904542,-8.4917707,Church Of The Ascension,"Gurranabraher,Gunnanabaher,Cork",,Sunday,False,False,False,False,,,,Cork,Republic of Ireland,Republic of Ireland,Alcoholics Anonymous
81863489-bdab-53e5-ac30-e9597ddea244,Kanturk Town Park,20:30,,,52.1662976,-8.9216491,Park House,"The Park,Kanturk,Co. Cork",,Sunday,False,False,False,False,,,,Cork,Republic of Ireland,Republic of Ireland,Alcoholics Anonymous
4c3abde3-df40-5a6e-9bdb-8adf1c63c311,Kenmare,20:30,,,51.8801017,-9.5835202,Adult Education Centre,"Bell Height,Kenmare,Co. Kerry",,Wednesday,False,False,False,False,,Steps,,Cork,Republic of Ireland,Republic of Ireland,Alcoholics Anonymous
623168e2-3515-54c8-9d20-5fe702809e67,Kenmare,20:30,,,51.8801017,-9.5835202,Adult Education Centre,"Bell Height,Kenmare,Co. Kerry",,Friday,False,False,False,False,,,,Cork,Republic of Ireland,Republic of Ireland,Alcoholics Anonymous
f7714e98-a26f-51ba-9d41-a1f4eb55bc62,Kenmare,20:30,,,51.8801017,-9.5835202,Adult Education Centre,"Bell Height,Kenmare,Co. Kerry",,Sunday,False,False,False,False,,,,Cork,Republic of Ireland,Republic of Ireland,Alcoholics Anonymous
20aa4e74-7e18-501b-8835-c31ccc798cd2,Knocknaheeney Keep Coming Back,20:00,,T23 KHE0,51.9051255,-8.5044448,Cork City Partnership,"Community Centre,Foyle Avenue,Knocknaheny,Cork City",,Tuesday,False,False,False,False,,,,Cork,Republic of Ireland,Republic of Ireland,Alcoholics Anonymous
cb3f779f-e79a-58ad-85e8-689f11dd14a7,Knocknaheeney Keep Coming Back,18:00,,T23 KHE0,51.9051255,-8.5044448,Cork City Partnership,"Community Centre,Foyle Avenue,Knocknaheny,Cork City",,Friday,False,False,False,False,,,,Cork,Republic of Ireland,Republic of Ireland,Alcoholics Anonymous
fc718317-7bd1-523b-bb01-8b965d4eab53,Mallow Southside,20:30,,P51 ERK0,52.137569,-8.6462939,St. Joseph's Parish Centre,"27/28 Bank Place,Mallow,Co. Cork",,Sunday,False,False,False,False,,,,Cork,Republic of Ireland,Republic of Ireland,Alcoholics Anonymous
0f0d4f65-6053-53a1-b889-a3f41c6277ae,Mallow St. Pat’S BB Group,19:30,,P51 HW24,52.1361236,-8.6428058,St. James' Church Of Ireland Hall,"St. James' Avenue,Off Main Street,Mallow,Co. Cork",,Tuesday,False,False,False,False,,Big Book,,Cork,Republic of Ireland,Republic of Ireland,Alcoholics Anonymous
13df9c3e-40b4-5796-87bb-1ad655043a3a,Midleton Owennacurra,20:30,,P25 NR40,51.9182188,-8.1715662,Owencurra Day Centre,"Rear Of Middleton Hospital,Midleton,Co. Cork",,Tuesday,False,False,False,False,,Steps & Tradition,,Cork,Republic of Ireland,Republic of Ireland,Alcoholics Anonymous
e2cdd456-6579-5a66-b5e7-9008dc82a478,Midleton Owennacurra,20:30,,P25 NR40,51.9182188,-8.1715662,Owencurra Day Centre,"Rear Of Middleton Hospital,Midleton,Co. Cork",,Thursday,False,False,False,False,,,,Cork,Republic of Ireland,Republic of Ireland,Alcoholics Anonymous
362694b1-81ed-5484-9d96-6f48a8135b78,Midleton Owennacurra,20:30,,P25 NR40,51.9182188,-8.1715662,Owencurra Day Centre,"Rear Of Middleton Hospital,Midleton,Co. Cork",,Saturday,False,False,False,False,,,,Cork,Republic of Ireland,Republic of Ireland,Alcoholics Anonymous
4c0670bd-6b93-5aba-8f95-dbca9e88722f,Newmarket,20:30,,,52.2140232,-9.0030815,James O'keefe Memorial Institute,"Newmarket,Co. Cork",,Tuesday,False,False,False,True,,,,Cork,Republic of Ireland,Republic of Ireland,Alcoholics Anonymous
b7bed540-0293-5b0e-8bc5-b178a78e4508,Newmarket,20:30,,,52.2140232,-9.0030815,James O'keefe Memorial Institute,"Newmarket,Co. Cork",,Thursday,False,False,False,True,,,,Cork,Republic of Ireland,Republic of Ireland,Alcoholics Anonymous
5b6ea28a-eb74-593e-9a59-fc94a03fce63,Newmarket,11:30,,,52.2140232,-9.0030815,James O'keefe Memorial Institute,"Newmarket,Co. Cork",,Sunday,False,False,False,True,,,,Cork,Republic of Ireland,Republic of Ireland,Alcoholics Anonymous
64896f10-ac81-5fd0-9400-3fef953d93c5,Riverstown Group,20:30,,T45 W992,51.9286141,-8.3963078,Old School House,"Riverstown,Cork",,Tuesday,False,False,False,False,,,,Cork,Republic of Ireland,Republic of Ireland,Alcoholics Anonymous
8ec81e21-b8d4-5ca4-b7ff-a61691637e98,Riverstown Group,20:30,,T45 W992,51.9286141,-8.3963078,Old School House,"Riverstown,Cork",,Thursday,False,False,False,False,,,,Cork,Republic of Ireland,Republic of Ireland,Alcoholics Anonymous
2418c66a-cf4d-5ac1-abea-b15938a6c2d0,Riverstown Group,18:00,,T45 W992,51.9286141,-8.3963078,Old School House,"Riverstown,Cork",,Sunday,False,False,False,False,,,,Cork,Republic of Ireland,Republic of Ireland,Alcoholics Anonymous
36cab7b1-3a12-5232-a164-1652df838d27,Wilton Bishopstown Curraheen,20:00,,T12 AX94,51.880209,-8.5092509,Room 9,"SMA Wilton Parish,Community Centre,Wilton,Cork",,Thursday,False,False,False,False,,,,Cork,Republic of Ireland,Republic of Ireland,Alcoholics Anonymous
a29ebff3-845c-5085-982b-f8e3e6745f54,Ardara,20:30,,,54.7643862,-8.4078801,Community Centre Hillhead,"Ardara,Co. Donegal",,Saturday,False,False,False,False,,,,Donegal,Republic of Ireland,Republic of Ireland,Alcoholics Anonymous
bb793e41-9d20-52d5-9ed2-d747d373e649,Ballyshannon,20:30,,F94 KP62,54.5039824,-8.189812,Gealscoil Eirne,"Ballyshannon,Co. Donegal",,Monday,False,False,False,False,,,Trad meeting 1st Monday of month.,Donegal,Republic of Ireland,Republic of Ireland,Alcoholics Anonymous
ded3f14b-609e-5f0f-829f-d1f1a5ba5af0,Bundoran,20:30,,F94 AK80,54.4761344,-8.2773479,Pastoral Centre,"Church Road,Magheracar,Bundoran,Co. Donegal",,Thursday,False,False,False,False,,Steps,"Enter the double red door into the pastoral centre, and the various meetings will likely be in the Clogher Room which is at the end of the hall.",Donegal,Republic of Ireland,Republic of Ireland,Alcoholics Anonymous
020b827c-e5bc-5e36-939c-e6be8385b89e,Bundoran,12:00,,F94 AK80,54.4761344,-8.2773479,Pastoral Centre,"Church Road,Magheracar,Bundoran,Co. Donegal",,Sunday,False,False,False,False,,,"Enter the double red door into the pastoral centre, and the various meetings will likely be in the Clogher Room which is at the end of the hall.",Donegal,Republic of Ireland,Republic of Ireland,Alcoholics Anonymous
d16f42af-c6aa-558f-a466-f0d319062e2f,Bundoran,20:30,,F94 AK80,54.4761344,-8.2773479,Pastoral Centre,"Church Road,Magheracar,Bundoran,Co. Donegal",,Sunday,False,False,False,False,,Big Book,"Enter the double red door into the pastoral centre, and the various meetings will likely be in the Clogher Room which is at the end of the hall.",Donegal,Republic of Ireland,Republic of Ireland,Alcoholics Anonymous
79a93a09-b5a7-5203-a4a5-f8955736c0dd,Convoy AA Group,20:30,,F93 YP22,54.8579652,-7.6588887,Convoy Enterprise Centre,"Old Wollen Mill,Rooms 12 & 13,Convoy,Co. Donegal",,Sunday,False,False,False,False,,,(The Old Woollen Mill),Donegal,Republic of Ireland,Republic of Ireland,Alcoholics Anonymous
186ceb08-3e45-5cfb-9602-0efd112c8dfd,Donegal Town AA,12:30,,F94 D992,54.6547357,-8.0937806,Solace Support Centre,"St Joseph's Avenue,Donegal,Donegal",,Sunday,False,False,False,True,,,,Donegal,Republic of Ireland,Republic of Ireland,Alcoholics Anonymous
0697970c-9a9c-5f54-91c1-6cbab2afc9f7,Donegal Town AA,20:30,,F94 D992,54.6547357,-8.0937806,Solace Support Centre,"St Joseph's Avenue,Donegal,Donegal",,Sunday,False,False,False,False,,Steps,,Donegal,Republic of Ireland,Republic of Ireland,Alcoholics Anonymous
ccca1c2a-d07d-53b9-b2d3-bc096c1d6bc8,Donegal Town Promises Group,18:30,,F94 KN92,54.6552067,-8.108877,The Mustard Seed,"New Row,Donegal Town,Co. Donegal",,Tuesday,False,False,False,False,,,"Zoom ID - 899 9784 8573
Password - Promises",Donegal,Republic of Ireland,Republic of Ireland,Alcoholics Anonymous
69b5902d-6426-5ec6-9ce7-f00021996424,Donegal Town Promises Group,20:30,,F94 KN92,54.6552067,-8.108877,The Mustard Seed,"New Row,Donegal Town,Co. Donegal",,Thursday,False,False,False,False,,,"Zoom ID - 899 9784 8573
Password - Promises",Donegal,Republic of Ireland,Republic of Ireland,Alcoholics Anonymous
99f617ba-ad0d-5c64-acd6-c7cbfc0ca550,Donegal Town Promises Group,20:30,,F94 KN92,54.6552067,-8.108877,The Mustard Seed,"New Row,Donegal Town,Co. Donegal",,Saturday,False,False,False,False,,,"Zoom ID - 899 9784 8573
Password - Promises",Donegal,Republic of Ireland,Republic of Ireland,Alcoholics Anonymous
a40be6ae-79e5-52f0-aa45-bbd7bcbb279b,Falcarragh AA Group,20:30,,F92 H60P,55.1373056,-8.0960728,Ards Begley Hall,"St. Finian's RC Church Hall,Church Road,Falcarragh,Co. Donegal",,Monday,False,False,False,False,,Big Book,,Donegal,Republic of Ireland,Republic of Ireland,Alcoholics Anonymous
b5dccd67-0d4e-5cd3-b3db-385d842437d1,Falcarragh AA Group,20:30,,F92 H60P,55.1373056,-8.0960728,Ards Begley Hall,"St. Finian's RC Church Hall,Church Road,Falcarragh,Co. Donegal",,Sunday,False,False,False,False,,Steps,,Donegal,Republic of Ireland,Republic of Ireland,Alcoholics Anonymous
bb008887-78ca-531a-b835-73b41b59ce36,Glenties Clear Cut Directions,20:30,,F94 C8H7,54.7994345,-8.2853643,The Hub,"Main Street,Glenties,Donegal",,Monday,False,False,False,False,,,,Donegal,Republic of Ireland,Republic of Ireland,Alcoholics Anonymous
0758e1d8-867c-5c91-909d-ec4e8c100f74,Glenties Clear Cut Directions,20:30,,F94 C8H7,54.7994345,-8.2853643,The Hub,"Main Street,Glenties,Donegal",,Thursday,False,False,False,False,,Steps,,Donegal,Republic of Ireland,Republic of Ireland,Alcoholics Anonymous
eb6784ff-589d-5ec4-b91e-5697c6d26260,Killybegs,20:30,,F94 FYX2,54.6391025,-8.4411656,Niall Mór Community And Enterprise Centre,"Killybegs,Co. Donegal",,Friday,False,False,False,False,,,,Donegal,Republic of Ireland,Republic of Ireland,Alcoholics Anonymous
0820f841-bcae-5c50-8953-3b7d2a79e803,Letterkenny  New Beginnings Group,11:00,,F92 HP66,54.9521117,-7.7392139,Raphoe Pastoral Centre,"Monastery Ave.,Cathedral Square,Letterkenny,Co. Donegal",,Monday,False,False,False,False,,,"Zoom Meeting: Details:
Tuesday - 120162209
Wednesday - 82088394
No Password Required",Donegal,Republic of Ireland,Republic of Ireland,Alcoholics Anonymous
cfcbbdb1-6346-5f12-bd34-2d53087e81f7,Letterkenny  New Beginnings Group,19:30,,F92 HP66,54.9521117,-7.7392139,Raphoe Pastoral Centre,"Monastery Ave.,Cathedral Square,Letterkenny,Co. Donegal",,Tuesday,False,False,False,False,,Steps,"Zoom Meeting: Details:
Tuesday - 120162209
Wednesday - 82088394
No Password Required",Donegal,Republic of Ireland,Republic of Ireland,Alcoholics Anonymous
4f14086c-3f9a-5468-8a4e-b6565576fa59,Letterkenny  New Beginnings Group,18:00,,F92 HP66,54.9521117,-7.7392139,Raphoe Pastoral Centre,"Monastery Ave.,Cathedral Square,Letterkenny,Co. Donegal",,Wednesday,False,False,False,False,,,"Zoom Meeting: Details:
Tuesday - 120162209
Wednesday - 82088394
No Password Required",Donegal,Republic of Ireland,Republic of Ireland,Alcoholics Anonymous
53307af2-7390-51b5-b56f-078880fd6cfd,Letterkenny  New Beginnings Group,17:30,,F92 HP66,54.9521117,-7.7392139,Raphoe Pastoral Centre,"Monastery Ave.,Cathedral Square,Letterkenny,Co. Donegal",,Thursday,False,False,False,False,,,"Zoom Meeting: Details:
Tuesday - 120162209
Wednesday - 82088394
No Password Required",Donegal,Republic of Ireland,Republic of Ireland,Alcoholics Anonymous
b85a12a3-fd1b-5ca8-af29-2b857f91110e,Letterkenny  New Beginnings Group,17:30,,F92 HP66,54.9521117,-7.7392139,Raphoe Pastoral Centre,"Monastery Ave.,Cathedral Square,Letterkenny,Co. Donegal",,Friday,False,False,False,False,,,"Zoom Meeting: Details:
Tuesday - 120162209
Wednesday - 82088394
No Password Required",Donegal,Republic of Ireland,Republic of Ireland,Alcoholics Anonymous
1029f68d-1315-548a-a15d-ff66c7294864,Letterkenny  New Beginnings Group,11:00,,F92 HP66,54.9521117,-7.7392139,Raphoe Pastoral Centre,"Monastery Ave.,Cathedral Square,Letterkenny,Co. Donegal",,Saturday,False,False,False,False,,,"Zoom Meeting: Details:
Tuesday - 120162209
Wednesday - 82088394
No Password Required",Donegal,Republic of Ireland,Republic of Ireland,Alcoholics Anonymous
9ed4fc05-2137-57ee-a9a0-ea2a78a3e7ba,Letterkenny  New Beginnings Group,11:00,,F92 HP66,54.9521117,-7.7392139,Raphoe Pastoral Centre,"Monastery Ave.,Cathedral Square,Letterkenny,Co. Donegal",,Sunday,False,False,False,False,,,"Zoom Meeting: Details:
Tuesday - 120162209
Wednesday - 82088394
No Password Required",Donegal,Republic of Ireland,Republic of Ireland,Alcoholics Anonymous
0a90365a-6979-5374-8366-292b1daff78a,Letterkenny  New Beginnings Group,19:30,,F92 HP66,54.9521117,-7.7392139,Raphoe Pastoral Centre,"Monastery Ave.,Cathedral Square,Letterkenny,Co. Donegal",,Sunday,False,False,False,False,,Tradition,"Zoom Meeting: Details:
Tuesday - 120162209
Wednesday - 82088394
No Password Required",Donegal,Republic of Ireland,Republic of Ireland,Alcoholics Anonymous
4d08d342-f8b1-5258-a277-21ee2909eabe,Letterkenny A Vision For You,10:30,,F92 PN81,54.9571524,-7.7136043,Church Of The Irish Martyrs,"Gortlee Road,Letterkenny,Co. Donegal",,Tuesday,False,False,False,False,,,,Donegal,Republic of Ireland,Republic of Ireland,Alcoholics Anonymous
3dbefc0f-4ab3-53ed-80cf-d6a45d549530,Letterkenny A Vision For You,20:30,,F92 PN81,54.9571524,-7.7136043,Church Of The Irish Martyrs,"Gortlee Road,Letterkenny,Co. Donegal",,Saturday,False,False,False,False,,,,Donegal,Republic of Ireland,Republic of Ireland,Alcoholics Anonymous
5ebc06f5-0c44-533e-9e92-a69a499760b1,Letterkenny Creeslough Ards,20:30,,F92 Y23R,55.1584056,-7.8636751,Ards Friary,"Creeslough,Letterkenny,Co. Donegal",,Friday,False,False,False,False,,,,Donegal,Republic of Ireland,Republic of Ireland,Alcoholics Anonymous
030dbccc-b528-5a6f-93ec-40a2c8b24cae,Letterkenny Pearse Road AA Meeting,20:30,,F92 DE20,54.9482635,-7.7360543,Day Centre,"Oliver Plunkett Road,Letterkenny,Co. Donegal",,Wednesday,False,False,False,True,,,,Donegal,Republic of Ireland,Republic of Ireland,Alcoholics Anonymous
70cbad7e-738e-5422-b194-270e6e5487f4,Letterkenny Pearse Road AA Meeting,20:30,,F92 DE20,54.9482635,-7.7360543,Day Centre,"Oliver Plunkett Road,Letterkenny,Co. Donegal",,Friday,False,False,False,False,,Steps,,Donegal,Republic of Ireland,Republic of Ireland,Alcoholics Anonymous
65228a24-447f-5895-8416-b20e5bb4764c,Letterkenny Primary Purpose Group,12:30,,F92 K060,54.9491782,-7.7324493,Letterkenny Community Centre,"Pearse Road,Letterkenny,Co. Donegal",,Monday,False,False,False,False,,,,Donegal,Republic of Ireland,Republic of Ireland,Alcoholics Anonymous
012267c4-6ed8-5956-9f5d-5125aaff69de,Letterkenny Primary Purpose Group,12:30,,F92 K060,54.9491782,-7.7324493,Letterkenny Community Centre,"Pearse Road,Letterkenny,Co. Donegal",,Tuesday,False,False,False,False,,Tradition,,Donegal,Republic of Ireland,Republic of Ireland,Alcoholics Anonymous
c36db46c-9ec8-5f58-83c4-f694ef899ae0,Letterkenny Primary Purpose Group,12:30,,F92 K060,54.9491782,-7.7324493,Letterkenny Community Centre,"Pearse Road,Letterkenny,Co. Donegal",,Wednesday,False,False,False,False,,Big Book,,Donegal,Republic of Ireland,Republic of Ireland,Alcoholics Anonymous
af14056a-8213-5c84-b9aa-80446e83be1a,Letterkenny Primary Purpose Group,12:30,,F92 K060,54.9491782,-7.7324493,Letterkenny Community Centre,"Pearse Road,Letterkenny,Co. Donegal",,Thursday,False,False,False,False,,,,Donegal,Republic of Ireland,Republic of Ireland,Alcoholics Anonymous
62b83de0-b182-5a66-97f4-f2511e2ba0b4,Letterkenny Primary Purpose Group,12:30,,F92 K060,54.9491782,-7.7324493,Letterkenny Community Centre,"Pearse Road,Letterkenny,Co. Donegal",,Friday,False,False,False,False,,Steps,,Donegal,Republic of Ireland,Republic of Ireland,Alcoholics Anonymous
bd8508e2-0b86-54ad-89dd-b81dfd4d0d17,Letterkenny Primary Purpose Group,16:00,,F92 K060,54.9491782,-7.7324493,Letterkenny Community Centre,"Pearse Road,Letterkenny,Co. Donegal",,Sunday,False,False,False,False,,,,Donegal,Republic of Ireland,Republic of Ireland,Alcoholics Anonymous
025658c1-2047-52d2-ad40-de1ec7632a2d,Lifford Friday Cross Border,20:00,,F93 WR22,54.834841,-7.491069,Lifford Conleigh Resource Centre,"Croghan Heights,Lifford,Donegal",,Friday,False,False,False,False,,,,Donegal,Republic of Ireland,Republic of Ireland,Alcoholics Anonymous
48113de1-744d-5495-8c91-a95ad2af31e1,Milford,20:30,,,55.1268975,-7.4544699,Health Centre,"Lower Main Street,Milford,Co. Donegal",,Thursday,False,False,False,True,,,Step meeting last Thursday of the month,Donegal,Republic of Ireland,Republic of Ireland,Alcoholics Anonymous
9e3393b4-3bd7-51c9-961e-2cb300ccbdcd,Newtowncunningham,20:30,,F93 EH3C,54.9952709,-7.5229144,Presbyterian Church Hall,"Monfad Road,Newtowncunningham,Co. Donegal",,Monday,False,False,False,False,,,,Donegal,Republic of Ireland,Republic of Ireland,Alcoholics Anonymous
f8858693-b27f-5fa9-9898-509cb9d082ac,Newtowncunningham,20:30,,F93 EH3C,54.9952709,-7.5229144,Presbyterian Church Hall,"Monfad Road,Newtowncunningham,Co. Donegal",,Thursday,False,False,False,False,,,,Donegal,Republic of Ireland,Republic of Ireland,Alcoholics Anonymous
6b62c15e-bd5b-5728-afe1-8e8a5b795386,Raphoe,20:30,,F93 NH0F,54.8756865,-7.5880644,Raphoe Congregational Church,"Derry Road,Magherboy,Raphoe,Donegal",,Tuesday,False,False,False,False,,,,Donegal,Republic of Ireland,Republic of Ireland,Alcoholics Anonymous
9580b2d8-27e6-532a-a3d3-f1d143f5ee02,Stranorlar,20:30,,F93 ET28,54.8053345,-7.7746169,Finn Valley Resource Centre,"Drumboe Avenue,Stranorlar,Donegal",,Monday,False,False,False,False,,Steps,,Donegal,Republic of Ireland,Republic of Ireland,Alcoholics Anonymous
34dabe77-31d1-55f1-9a57-f26805606d4d,Stranorlar,20:30,,F93 ET28,54.8053345,-7.7746169,Finn Valley Resource Centre,"Drumboe Avenue,Stranorlar,Donegal",,Friday,False,False,False,False,,Big Book,,Donegal,Republic of Ireland,Republic of Ireland,Alcoholics Anonymous
82131f63-47a2-5c7b-a529-daabe04718ce,Stranorlar,12:00,,F93 ET28,54.8053345,-7.7746169,Finn Valley Resource Centre,"Drumboe Avenue,Stranorlar,Donegal",,Sunday,False,False,False,False,,Big Book,,Donegal,Republic of Ireland,Republic of Ireland,Alcoholics Anonymous
d558528d-a7f0-5bdf-af1f-8a8342bf9a1c,Termon,20:30,,F92 TY09,55.0501076,-7.8332942,Craoibhin,"Community Enterprise Centre,Currin,Termon,Co. Donegal",,Saturday,False,False,False,False,,,,Donegal,Republic of Ireland,Republic of Ireland,Alcoholics Anonymous
129d54de-4a21-545f-9d74-6a7cab53215e,Artane,13:00,,,53.3876108,-6.2148574,Oratory Of Resurrection,"Kilmore Road,Artane,Dublin 5",,Monday,False,False,False,False,,,,Dublin,Republic of Ireland,Republic of Ireland,Alcoholics Anonymous
94bdf95a-8f1a-58e6-b182-04a770fa3117,Artane,20:30,,,53.3876108,-6.2148574,Oratory Of Resurrection,"Kilmore Road,Artane,Dublin 5",,Tuesday,False,False,False,False,,Beginner,,Dublin,Republic of Ireland,Republic of Ireland,Alcoholics Anonymous
f5cfdef1-06b2-5c88-9844-6d9e343f6a51,Artane,20:30,,,53.3876108,-6.2148574,Oratory Of Resurrection,"Kilmore Road,Artane,Dublin 5",,Thursday,False,False,False,False,,Steps,,Dublin,Republic of Ireland,Republic of Ireland,Alcoholics Anonymous
c720c2c7-f19f-5868-948f-d89b45729ced,Ashbourne One Day At A Time Group,20:00,,A84 ED36,53.5112511,-6.401855,Ashbourne Youth Centre,"Killegland Hall,Castle Street,Ashbourne,Co. Meath",,Tuesday,False,False,False,False,,,,Dublin,Republic of Ireland,Republic of Ireland,Alcoholics Anonymous
c1ca4ac9-ac8c-56dc-a9a7-edabd4d5430d,Ashbourne One Day At A Time Group,20:00,,A84 ED36,53.5112511,-6.401855,Ashbourne Youth Centre,"Killegland Hall,Castle Street,Ashbourne,Co. Meath",,Sunday,False,False,False,False,,,,Dublin,Republic of Ireland,Republic of Ireland,Alcoholics Anonymous
e27abb24-519c-55ff-bba1-dde204b819ba,Ashbourne Stepping Stones,13:00,,A84 NY73,53.5115783,-6.4000596,,"1St Floor,Ashbourne Civic Library,Killegland Street,Ashbourne,Co. Meath",,Tuesday,False,False,False,False,,,"Meeting is on 1st Floor of the Library. The library is closed on Bank Holiday week-ends, no meetings on Saturdays of Bank Holiday. Our zoom ID is 82550051151 Password 441919. Our phone meeting is 014373270 Password 767316, and then #. The # is important",Dublin,Republic of Ireland,Republic of Ireland,Alcoholics Anonymous
c44af05e-56d1-5ed9-84e0-c8e614c408fc,Ashbourne Stepping Stones,19:15,,A84 NY73,53.5115783,-6.4000596,,"1St Floor,Ashbourne Civic Library,Killegland Street,Ashbourne,Co. Meath",,Thursday,False,False,False,False,,,"Meeting is on 1st Floor of the Library. The library is closed on Bank Holiday week-ends, no meetings on Saturdays of Bank Holiday. Our zoom ID is 82550051151 Password 441919. Our phone meeting is 014373270 Password 767316, and then #. The # is important",Dublin,Republic of Ireland,Republic of Ireland,Alcoholics Anonymous
10b2daa9-f42b-518a-83b5-89cc2f7e8d2e,Ashbourne Stepping Stones,13:00,,A84 NY73,53.5115783,-6.4000596,,"1St Floor,Ashbourne Civic Library,Killegland Street,Ashbourne,Co. Meath",,Friday,False,False,False,False,,,"Meeting is on 1st Floor of the Library. The library is closed on Bank Holiday week-ends, no meetings on Saturdays of Bank Holiday. Our zoom ID is 82550051151 Password 441919. Our phone meeting is 014373270 Password 767316, and then #. The # is important",Dublin,Republic of Ireland,Republic of Ireland,Alcoholics Anonymous
3cb088f6-8554-5100-adf2-dae19ad0bc8c,Ashbourne Stepping Stones,10:30,,A84 NY73,53.5115783,-6.4000596,,"1St Floor,Ashbourne Civic Library,Killegland Street,Ashbourne,Co. Meath",,Saturday,False,False,False,False,,Steps,"Meeting is on 1st Floor of the Library. The library is closed on Bank Holiday week-ends, no meetings on Saturdays of Bank Holiday. Our zoom ID is 82550051151 Password 441919. Our phone meeting is 014373270 Password 767316, and then #. The # is important",Dublin,Republic of Ireland,Republic of Ireland,Alcoholics Anonymous
4439d4c1-5177-5b02-bca1-60194dfcbaf3,Baldoyle,13:30,,D13 N840,53.3991649,-6.1272912,Parish Centre,"Main Street,Baldoyle,Dublin 13",,Tuesday,False,False,False,False,,,Beside Church,Dublin,Republic of Ireland,Republic of Ireland,Alcoholics Anonymous
cfc9797f-2c1d-55ea-9ffc-873663f1cf14,Baldoyle,20:30,,D13 N840,53.3991649,-6.1272912,Parish Centre,"Main Street,Baldoyle,Dublin 13",,Wednesday,False,False,False,False,,,Beside Church,Dublin,Republic of Ireland,Republic of Ireland,Alcoholics Anonymous
abd273f4-47be-5b1a-b0d9-f13f283cb30d,Baldoyle,13:30,,D13 N840,53.3991649,-6.1272912,Parish Centre,"Main Street,Baldoyle,Dublin 13",,Saturday,False,False,False,False,,,Beside Church,Dublin,Republic of Ireland,Republic of Ireland,Alcoholics Anonymous
2edadd79-73ac-5930-a587-fef5c4a4b119,Ballinteer,20:00,,D16 H6N6,53.2762625,-6.2517554,Ballinteer Health Centre,",Ballinteer Avenue,Ballinteer,Dublin 16",,Monday,False,False,False,False,,,"Zoom Meeting: ID's & Passwords
Tuesday - 407872840 - 067245
Sunday - 5251638716 Password - ballinteer",Dublin,Republic of Ireland,Republic of Ireland,Alcoholics Anonymous
e5506ff9-2538-52e0-89c7-c3090636ba03,Ballinteer,20:00,,D16 H6N6,53.2762625,-6.2517554,Ballinteer Health Centre,",Ballinteer Avenue,Ballinteer,Dublin 16",,Tuesday,False,False,False,False,,,"Zoom Meeting: ID's & Passwords
Tuesday - 407872840 - 067245
Sunday - 5251638716 Password - ballinteer",Dublin,Republic of Ireland,Republic of Ireland,Alcoholics Anonymous
7e3fd368-60b4-5c0e-88e6-45c052c74c49,Ballinteer,12:30,,D16 H6N6,53.2762625,-6.2517554,Ballinteer Health Centre,",Ballinteer Avenue,Ballinteer,Dublin 16",,Saturday,False,False,False,False,,Steps,"Zoom Meeting: ID's & Passwords
Tuesday - 407872840 - 067245
Sunday - 5251638716 Password - ballinteer",Dublin,Republic of Ireland,Republic of Ireland,Alcoholics Anonymous
e1292dcf-8b7c-5441-98b1-d31db4ee9f2d,Ballinteer,19:00,,D16 H6N6,53.2762625,-6.2517554,Ballinteer Health Centre,",Ballinteer Avenue,Ballinteer,Dublin 16",,Sunday,False,False,False,False,,,"Zoom Meeting: ID's & Passwords
Tuesday - 407872840 - 067245
Sunday - 5251638716 Password - ballinteer",Dublin,Republic of Ireland,Republic of Ireland,Alcoholics Anonymous
6abb03ca-139d-5d49-8652-544314ae8624,Ballycragh AA Group,20:30,,D24 A2C5,53.2734435,-6.3459118,Holy Rosary School,"Old Court Avenue,Ballycragh,Dublin 24",,Tuesday,False,False,False,False,,,,Dublin,Republic of Ireland,Republic of Ireland,Alcoholics Anonymous
5d770c9d-5691-51ec-9c96-c0ba722d7dd7,Ballycragh AA Group,20:30,,D24 A2C5,53.2734435,-6.3459118,Holy Rosary School,"Old Court Avenue,Ballycragh,Dublin 24",,Thursday,False,False,False,False,,Steps,,Dublin,Republic of Ireland,Republic of Ireland,Alcoholics Anonymous
a4d1cb7c-f1d6-58a4-bf84-bbe9829b9082,Ballyfermot Harmony Group,13:00,,D10 A367,53.3423167,-6.3455957,The Resource Centre,"Lynch's Lane,Ballyfermot Road,Ballyfermot,Dublin 10",,Tuesday,False,False,False,False,,,Online Meetings - To request link to online meeting email L70@alcoholicsanonymous.ie,Dublin,Republic of Ireland,Republic of Ireland,Alcoholics Anonymous
5a477dac-d84b-5c00-adb5-b7eb0091709a,Ballyfermot Harmony Group,20:00,,D10 A367,53.3423167,-6.3455957,The Resource Centre,"Lynch's Lane,Ballyfermot Road,Ballyfermot,Dublin 10",,Tuesday,False,False,False,False,,Steps,Online Meetings - To request link to online meeting email L70@alcoholicsanonymous.ie,Dublin,Republic of Ireland,Republic of Ireland,Alcoholics Anonymous
7394afe0-f8f1-52c4-b16a-24895311d14c,Ballyfermot Harmony Group,20:00,,D10 A367,53.3423167,-6.3455957,The Resource Centre,"Lynch's Lane,Ballyfermot Road,Ballyfermot,Dublin 10",,Wednesday,False,False,False,False,,Big Book,Online Meetings - To request link to online meeting email L70@alcoholicsanonymous.ie,Dublin,Republic of Ireland,Republic of Ireland,Alcoholics Anonymous
18df8ecf-532e-541d-8cc3-12286f596a60,Ballyfermot Harmony Group,19:00,,D10 A367,53.3423167,-6.3455957,The Resource Centre,"Lynch's Lane,Ballyfermot Road,Ballyfermot,Dublin 10",,Friday,False,False,False,False,,,Online Meetings - To request link to online meeting email L70@alcoholicsanonymous.ie,Dublin,Republic of Ireland,Republic of Ireland,Alcoholics Anonymous
e3400c43-02e1-5ed8-95f2-38013e3f12e2,Ballyfermot Serenity Group,12:30,,D10 W449,53.3425309,-6.3614098,Main Hall,"Civic Centre,Ballyfermot Road,Ballyfermot,Dublin 10",,Monday,False,False,False,False,,,No Monday meetings on Bank Holidays.,Dublin,Republic of Ireland,Republic of Ireland,Alcoholics Anonymous
c1693e0a-2c17-5076-b0aa-74f2ea056573,Ballyfermot Serenity Group,12:30,,D10 W449,53.3425309,-6.3614098,Main Hall,"Civic Centre,Ballyfermot Road,Ballyfermot,Dublin 10",,Friday,False,False,False,False,,,No Monday meetings on Bank Holidays.,Dublin,Republic of Ireland,Republic of Ireland,Alcoholics Anonymous
9f4c3f78-6a8b-5187-89fe-bc1d0f8ba7e6,Ballymun,11:00,,D11 X3XV,53.3956085,-6.2726906,Sillogue Neighbourhood Centre,"Marewood Court,Sillogue Road,Ballymun,Dublin 11",,Monday,False,False,False,False,,,,Dublin,Republic of Ireland,Republic of Ireland,Alcoholics Anonymous
49f8b9ae-9816-583b-b703-1b28e71ec8b1,Ballymun,19:00,,D11 X3XV,53.3956085,-6.2726906,Sillogue Neighbourhood Centre,"Marewood Court,Sillogue Road,Ballymun,Dublin 11",,Wednesday,False,False,False,False,,,,Dublin,Republic of Ireland,Republic of Ireland,Alcoholics Anonymous
e567bcf1-818e-52a6-b712-0a96644ae20c,Ballymun,11:00,,D11 X3XV,53.3956085,-6.2726906,Sillogue Neighbourhood Centre,"Marewood Court,Sillogue Road,Ballymun,Dublin 11",,Saturday,False,False,False,False,,,,Dublin,Republic of Ireland,Republic of Ireland,Alcoholics Anonymous
d333da57-1256-5aa1-a01e-d0003c874f31,Ballymun D.C.U.,20:15,,,53.3968675,-6.2643161,Quiet Room,"Interfaith Centre,DCU,Collins Avenue,Ballymun,Dublin 9",,Tuesday,False,False,False,False,,,,Dublin,Republic of Ireland,Republic of Ireland,Alcoholics Anonymous
3d7b507c-2710-5497-88ee-fe709d5f3a6c,Beaumont Hospital,20:30,,D09 V2N0,53.3906024,-6.2235265,Beaumont Hospital,"Room 8 Centre Of Education,Beaumont Road,Beaumont,Dublin 9",,Wednesday,False,False,False,False,,,Meeting in Room 8 centre of education,Dublin,Republic of Ireland,Republic of Ireland,Alcoholics Anonymous
a4225781-8637-5220-bbd1-b99bbed06b61,Blanchardstown Steps To Freedom,19:30,,D15 EY81,53.3901114,-6.4060142,Mountview / Fortlawn Community Centre,"Lohunda Downs,Blanchardstown,Dublin 15",,Thursday,False,False,False,True,,,,Dublin,Republic of Ireland,Republic of Ireland,Alcoholics Anonymous
eb99a4ca-5ade-54ef-9eb3-abace5feb432,Cabinteely Recovery Unity & Service Group,20:00,,D18 YP96,53.2613113,-6.1503703,St. Bridgets Parish Centre,"Johnstown Road,Cabinteely,Dublin 18",,Tuesday,False,False,False,False,,Big Book,,Dublin,Republic of Ireland,Republic of Ireland,Alcoholics Anonymous
3ab879c2-bb48-5f71-8c29-da905d713deb,Castleknock,13:00,,D15 T3PN,53.3774514,-6.3787933,Castleknock Community Centre,"Laurel Lodge,Castleknock,Dublin 15",,Tuesday,False,False,False,False,,Big Book,"Beside Laurel Lodge Church
Zoom Meeting 
To request link to online meeting email L342@alcoholicsanonymous.ie",Dublin,Republic of Ireland,Republic of Ireland,Alcoholics Anonymous
701dcd63-fdd0-532d-a65d-2aa220e10faa,Castleknock,20:30,,D15 T3PN,53.3774514,-6.3787933,Castleknock Community Centre,"Laurel Lodge,Castleknock,Dublin 15",,Wednesday,False,False,False,False,,,"Beside Laurel Lodge Church
Zoom Meeting 
To request link to online meeting email L342@alcoholicsanonymous.ie",Dublin,Republic of Ireland,Republic of Ireland,Alcoholics Anonymous
8d6984c9-dcdf-581c-a798-8adfd87b368a,Castleknock,13:00,,D15 T3PN,53.3774514,-6.3787933,Castleknock Community Centre,"Laurel Lodge,Castleknock,Dublin 15",,Friday,False,False,False,False,,Steps,"Beside Laurel Lodge Church
Zoom Meeting 
To request link to online meeting email L342@alcoholicsanonymous.ie",Dublin,Republic of Ireland,Republic of Ireland,Alcoholics Anonymous
bcbf48ce-dd2b-563c-bebe-34f90c71c160,Churchtown Good Shepherd School,20:30,,,53.2944866,-6.268315,Good Shepherd National School,"Whitehall Road,Churchtown,Dublin 14,D14 H9TO",,Wednesday,False,False,False,False,,,,Dublin,Republic of Ireland,Republic of Ireland,Alcoholics Anonymous
25932574-a08d-5f75-975e-ba84061f79fa,Churchtown Good Shepherd School,20:30,,,53.2944866,-6.268315,Good Shepherd National School,"Whitehall Road,Churchtown,Dublin 14,D14 H9TO",,Friday,False,False,False,False,,,,Dublin,Republic of Ireland,Republic of Ireland,Alcoholics Anonymous
cbf8b52f-54fc-5fe7-a96d-d4825eb55f7d,Clondalkin Bawnogue Group,20:00,,D22 EP20,53.3217953,-6.4108424,Tus Nua,"New Nangor Road,Clondalkin,Dublin 22",,Tuesday,False,False,False,False,,,,Dublin,Republic of Ireland,Republic of Ireland,Alcoholics Anonymous
b75a9e26-6517-5450-ad0e-04ab1dbfb71d,Clondalkin Bawnogue Group,19:00,,D22 EP20,53.3217953,-6.4108424,Tus Nua,"New Nangor Road,Clondalkin,Dublin 22",,Thursday,False,False,False,False,,,,Dublin,Republic of Ireland,Republic of Ireland,Alcoholics Anonymous
efe8b9da-cace-5585-a92e-5ad7afa555ba,Clondalkin Phoenix Group,20:30,,D22 P959,53.3453183,-6.4080716,CASP Clondalkin,"Muriel Boothman Centre,Clondalkin,Dublin 22",,Thursday,False,False,False,False,,,,Dublin,Republic of Ireland,Republic of Ireland,Alcoholics Anonymous
d6f1dd7f-c945-5908-907e-7eb395d51e1f,Clonsilla,13:00,,D15 WTX8,53.3831711,-6.4100179,Lohunda  Lodge,"Clonsilla Village,Clonsilla,Dublin 15",,Monday,False,False,False,False,,,To request a link to an online meeting please send an email to L30@alcoholicsanonymous.ie,Dublin,Republic of Ireland,Republic of Ireland,Alcoholics Anonymous
bb07750a-a909-5f82-83da-58c94cac51f5,Clonsilla,20:30,,D15 WTX8,53.3831711,-6.4100179,Lohunda  Lodge,"Clonsilla Village,Clonsilla,Dublin 15",,Monday,False,False,False,False,,,To request a link to an online meeting please send an email to L30@alcoholicsanonymous.ie,Dublin,Republic of Ireland,Republic of Ireland,Alcoholics Anonymous
76423b2a-c61d-55ee-ac9e-40a9a8d03262,Clonsilla,13:00,,D15 WTX8,53.3831711,-6.4100179,Lohunda  Lodge,"Clonsilla Village,Clonsilla,Dublin 15",,Tuesday,False,False,False,False,,,To request a link to an online meeting please send an email to L30@alcoholicsanonymous.ie,Dublin,Republic of Ireland,Republic of Ireland,Alcoholics Anonymous
fc8f6834-d2c7-5d9d-8fbe-958024a5db98,Clonsilla,18:30,,D15 WTX8,53.3831711,-6.4100179,Lohunda  Lodge,"Clonsilla Village,Clonsilla,Dublin 15",,Tuesday,False,False,False,False,,,To request a link to an online meeting please send an email to L30@alcoholicsanonymous.ie,Dublin,Republic of Ireland,Republic of Ireland,Alcoholics Anonymous
a5edcbfa-44b3-51bf-a897-d91c1593d0ab,Clonsilla,20:30,,D15 WTX8,53.3831711,-6.4100179,Lohunda  Lodge,"Clonsilla Village,Clonsilla,Dublin 15",,Tuesday,False,False,False,False,,,To request a link to an online meeting please send an email to L30@alcoholicsanonymous.ie,Dublin,Republic of Ireland,Republic of Ireland,Alcoholics Anonymous
4bd5e585-316a-5238-9a3a-ec62ad38dd12,Clonsilla,13:00,,D15 WTX8,53.3831711,-6.4100179,Lohunda  Lodge,"Clonsilla Village,Clonsilla,Dublin 15",,Wednesday,False,False,False,False,,,To request a link to an online meeting please send an email to L30@alcoholicsanonymous.ie,Dublin,Republic of Ireland,Republic of Ireland,Alcoholics Anonymous
519aa58d-ed5a-5003-9f28-efd516d2f4a6,Clonsilla,20:30,,D15 WTX8,53.3831711,-6.4100179,Lohunda  Lodge,"Clonsilla Village,Clonsilla,Dublin 15",,Wednesday,False,False,False,False,,Beginner,To request a link to an online meeting please send an email to L30@alcoholicsanonymous.ie,Dublin,Republic of Ireland,Republic of Ireland,Alcoholics Anonymous
05ced05a-22e1-5ca2-9512-602deefee756,Clonsilla,13:00,,D15 WTX8,53.3831711,-6.4100179,Lohunda  Lodge,"Clonsilla Village,Clonsilla,Dublin 15",,Thursday,False,False,False,False,,,To request a link to an online meeting please send an email to L30@alcoholicsanonymous.ie,Dublin,Republic of Ireland,Republic of Ireland,Alcoholics Anonymous
d95b1e44-6b4d-531b-ac70-2c8bce16067b,Clonsilla,20:30,,D15 WTX8,53.3831711,-6.4100179,Lohunda  Lodge,"Clonsilla Village,Clonsilla,Dublin 15",,Thursday,False,False,False,False,,Big Book,To request a link to an online meeting please send an email to L30@alcoholicsanonymous.ie,Dublin,Republic of Ireland,Republic of Ireland,Alcoholics Anonymous
e5a3f576-f446-5c33-bae3-df619644663d,Clonsilla,13:00,,D15 WTX8,53.3831711,-6.4100179,Lohunda  Lodge,"Clonsilla Village,Clonsilla,Dublin 15",,Friday,False,False,False,False,,,To request a link to an online meeting please send an email to L30@alcoholicsanonymous.ie,Dublin,Republic of Ireland,Republic of Ireland,Alcoholics Anonymous
92ba7b4b-7b72-558f-9424-19f4290ef817,Clonsilla,20:30,,D15 WTX8,53.3831711,-6.4100179,Lohunda  Lodge,"Clonsilla Village,Clonsilla,Dublin 15",,Friday,False,False,False,False,,,To request a link to an online meeting please send an email to L30@alcoholicsanonymous.ie,Dublin,Republic of Ireland,Republic of Ireland,Alcoholics Anonymous
9f2f8041-31d6-5046-bb00-d0f6352b56a1,Clonsilla,13:00,,D15 WTX8,53.3831711,-6.4100179,Lohunda  Lodge,"Clonsilla Village,Clonsilla,Dublin 15",,Saturday,False,False,False,False,,Steps,To request a link to an online meeting please send an email to L30@alcoholicsanonymous.ie,Dublin,Republic of Ireland,Republic of Ireland,Alcoholics Anonymous
60b5ef99-5e0f-509f-af86-740890f10d18,Clonsilla,17:00,,D15 WTX8,53.3831711,-6.4100179,Lohunda  Lodge,"Clonsilla Village,Clonsilla,Dublin 15",,Saturday,False,False,False,False,,,To request a link to an online meeting please send an email to L30@alcoholicsanonymous.ie,Dublin,Republic of Ireland,Republic of Ireland,Alcoholics Anonymous
4be3b90c-d2bc-5083-95e0-6cd1b3b3d899,Clonsilla,20:30,,D15 WTX8,53.3831711,-6.4100179,Lohunda  Lodge,"Clonsilla Village,Clonsilla,Dublin 15",,Saturday,False,False,False,False,,,To request a link to an online meeting please send an email to L30@alcoholicsanonymous.ie,Dublin,Republic of Ireland,Republic of Ireland,Alcoholics Anonymous
5fe6903b-069c-5d36-806e-f88261c7938c,Clonsilla,10:00,,D15 WTX8,53.3831711,-6.4100179,Lohunda  Lodge,"Clonsilla Village,Clonsilla,Dublin 15",,Sunday,False,False,False,False,,,To request a link to an online meeting please send an email to L30@alcoholicsanonymous.ie,Dublin,Republic of Ireland,Republic of Ireland,Alcoholics Anonymous
916b9e59-6d0e-5e45-a38c-13c7b778181b,Clonsilla,11:30,,D15 WTX8,53.3831711,-6.4100179,Lohunda  Lodge,"Clonsilla Village,Clonsilla,Dublin 15",,Sunday,False,False,False,False,,,To request a link to an online meeting please send an email to L30@alcoholicsanonymous.ie,Dublin,Republic of Ireland,Republic of Ireland,Alcoholics Anonymous
8e0cf4a9-4316-578d-9282-ac86822fae55,Clonsilla,18:00,,D15 WTX8,53.3831711,-6.4100179,Lohunda  Lodge,"Clonsilla Village,Clonsilla,Dublin 15",,Sunday,False,False,False,False,,Big Book,To request a link to an online meeting please send an email to L30@alcoholicsanonymous.ie,Dublin,Republic of Ireland,Republic of Ireland,Alcoholics Anonymous
b25c33c7-feed-5b33-b844-c1764ed74f5f,Clontarf Hospital,12:00,,D03 Y9T7,53.3653166,-6.2147281,Clontarf Hospital,"Blackheath Park,Clontarf,Dublin",,Sunday,False,False,False,False,,,,Dublin,Republic of Ireland,Republic of Ireland,Alcoholics Anonymous
2f4a1532-dddc-5bb1-9cd4-315ed8f2c9f1,Corduff There Is A Solution,11:00,,D15 X383,53.3993769,-6.3777327,Corduff Community Centre,"Blackcourt Road,Corduff,Dublin 15",,Saturday,False,False,False,True,,,"Open Meetings - both Online and Physical
To request link to online meeting email L308@alcoholicsanonymous.ie",Dublin,Republic of Ireland,Republic of Ireland,Alcoholics Anonymous
9760bec9-c90f-59bb-9861-7746b33decb1,Donabate,20:30,,K36 RF76,53.4861294,-6.1490706,Donabate Parish Hall,"Main Street,Donabate,Co. Dublin",,Thursday,False,False,False,False,,,,Dublin,Republic of Ireland,Republic of Ireland,Alcoholics Anonymous
a5479de4-af52-54f3-82b3-9b49aa7d22ef,Donnycarney,11:30,,D05 XE22,53.3750114,-6.2164123,Donnycarney / Beaumont Local Car Centre,"St Johns Court,Malahide Road,Donnycarney,Dublin 5",,Sunday,False,False,False,False,,,,Dublin,Republic of Ireland,Republic of Ireland,Alcoholics Anonymous
4c967c9a-bff6-58bc-b4f3-62d64a829b80,Dublin City Aungier Street Back To Basics,20:00,,D02 T258,53.3401524,-6.2659527,Carmelite Community Centre,"Aungier Street,Dublin City,Dublin 2",,Monday,False,False,False,False,,Big Book,,Dublin,Republic of Ireland,Republic of Ireland,Alcoholics Anonymous
9f4b3473-608c-5803-aa1c-540b97001934,Dublin City Chancery Street,19:00,,D07 A2Y7,53.3460188,-6.2721731,Dublin Christian Mission,"5 Chancery Place,Dublin City,Dublin 7",,Wednesday,False,False,False,False,,,Step meeting once a month,Dublin,Republic of Ireland,Republic of Ireland,Alcoholics Anonymous
1def072a-ef2b-56c9-9c2a-ef7d2b7ef1f9,Dublin City Clarendon Street Group,11:45,,D02 XD26,53.3423728,-6.2608798,St. Teresa's Church,"Clarendon Street,Dublin City,Dublin 2",,Monday,False,False,False,False,,Beginner,"To request link to online meeting email L426@alcoholicsanonymous.ie.  
***Behind Brown Thomas. *** 
***Entry over Priory Coffee Shop.***
  
No meetings on Bank Holidays",Dublin,Republic of Ireland,Republic of Ireland,Alcoholics Anonymous
15037a8d-2ea4-51a5-bbd4-5b2c1272301e,Dublin City Clarendon Street Group,11:45,,D02 XD26,53.3423728,-6.2608798,St. Teresa's Church,"Clarendon Street,Dublin City,Dublin 2",,Tuesday,False,False,False,False,,Big Book,"To request link to online meeting email L426@alcoholicsanonymous.ie.  
***Behind Brown Thomas. *** 
***Entry over Priory Coffee Shop.***
  
No meetings on Bank Holidays",Dublin,Republic of Ireland,Republic of Ireland,Alcoholics Anonymous
a483af00-6edb-5470-8414-d0c4cf50c3a3,Dublin City Clarendon Street Group,11:45,,D02 XD26,53.3423728,-6.2608798,St. Teresa's Church,"Clarendon Street,Dublin City,Dublin 2",,Wednesday,False,False,False,False,,,"To request link to online meeting email L426@alcoholicsanonymous.ie.  
***Behind Brown Thomas. *** 
***Entry over Priory Coffee Shop.***
  
No meetings on Bank Holidays",Dublin,Republic of Ireland,Republic of Ireland,Alcoholics Anonymous
ae33b70f-19df-5eec-9c8c-84b4cd365c3d,Dublin City Clarendon Street Group,11:45,,D02 XD26,53.3423728,-6.2608798,St. Teresa's Church,"Clarendon Street,Dublin City,Dublin 2",,Thursday,False,False,False,False,,Steps,"To request link to online meeting email L426@alcoholicsanonymous.ie.  
***Behind Brown Thomas. *** 
***Entry over Priory Coffee Shop.***
  
No meetings on Bank Holidays",Dublin,Republic of Ireland,Republic of Ireland,Alcoholics Anonymous
f3092c3e-8378-51b0-a9c0-c64eb42c81bc,Dublin City Clarendon Street Group,11:45,,D02 XD26,53.3423728,-6.2608798,St. Teresa's Church,"Clarendon Street,Dublin City,Dublin 2",,Friday,False,False,False,False,,Big Book,"To request link to online meeting email L426@alcoholicsanonymous.ie.  
***Behind Brown Thomas. *** 
***Entry over Priory Coffee Shop.***
  
No meetings on Bank Holidays",Dublin,Republic of Ireland,Republic of Ireland,Alcoholics Anonymous
7148103b-88c8-51c0-b3a1-6093e732bdf1,Dublin City Clarendon Street Group,11:45,,D02 XD26,53.3423728,-6.2608798,St. Teresa's Church,"Clarendon Street,Dublin City,Dublin 2",,Saturday,False,False,False,True,,,"To request link to online meeting email L426@alcoholicsanonymous.ie.  
***Behind Brown Thomas. *** 
***Entry over Priory Coffee Shop.***
  
No meetings on Bank Holidays",Dublin,Republic of Ireland,Republic of Ireland,Alcoholics Anonymous
7b59b8d5-b025-55b9-bb6c-04d737886829,Dublin City Dorset Street The Priory,20:30,,D01 A4E4,53.3533526,-6.2672213,St Saviour's Priory,"9 - 11 Dorset Street Upper,Dublin City,Dublin 1",,Tuesday,False,False,False,False,,,Meeting in the Basement Down Stairs from Street,Dublin,Republic of Ireland,Republic of Ireland,Alcoholics Anonymous
8fecd142-4077-5cef-9462-7d066de5ecab,Dublin City Dorset Street The Priory,18:30,,D01 A4E4,53.3533526,-6.2672213,St Saviour's Priory,"9 - 11 Dorset Street Upper,Dublin City,Dublin 1",,Sunday,False,False,False,False,,,Meeting in the Basement Down Stairs from Street,Dublin,Republic of Ireland,Republic of Ireland,Alcoholics Anonymous
cf14d8d5-15cc-57ee-ac60-2c89ef800526,Dublin City Downtown Group,13:00,,D01 V2A0,53.3546123,-6.2639752,Abbey Presbyterian Church,"Parnell Square North,Dublin City,Dublin 1",,Monday,False,False,False,False,,Big Book,,Dublin,Republic of Ireland,Republic of Ireland,Alcoholics Anonymous
7aeddae4-18ae-5f70-b8d5-160f3cd8cfb5,Dublin City Downtown Group,13:00,,D01 V2A0,53.3546123,-6.2639752,Abbey Presbyterian Church,"Parnell Square North,Dublin City,Dublin 1",,Wednesday,False,False,False,False,,,,Dublin,Republic of Ireland,Republic of Ireland,Alcoholics Anonymous
31de55ff-c6b8-5101-8d29-712da1433a08,Dublin City Downtown Group,13:00,,D01 V2A0,53.3546123,-6.2639752,Abbey Presbyterian Church,"Parnell Square North,Dublin City,Dublin 1",,Thursday,False,False,False,False,,Steps,,Dublin,Republic of Ireland,Republic of Ireland,Alcoholics Anonymous
26d211b5-a2c0-5e09-a033-12e75e8e4799,Dublin City Downtown Group,11:00,,D01 V2A0,53.3546123,-6.2639752,Abbey Presbyterian Church,"Parnell Square North,Dublin City,Dublin 1",,Saturday,False,False,False,False,,,,Dublin,Republic of Ireland,Republic of Ireland,Alcoholics Anonymous
9312c478-90b4-580d-bb78-fd3e0a49a9bf,Dublin City Ely House,18:00,,D02 P028,53.3375326,-6.2538243,Ely House,"8 Ely Place,Dublin City",,Friday,False,False,False,False,,Big Book,,Dublin,Republic of Ireland,Republic of Ireland,Alcoholics Anonymous
1c1d0b30-d8b7-5720-a145-fa8371a69064,Dublin City Findlaters,19:30,,D01 V2A0,53.3546123,-6.2639752,Abbey Presbyterian Church,"Parnell Square North,Dublin City,Dublin 1",,Monday,False,False,False,False,,,Entrance on North Fredricks Street. Closed on Bank Holiday Mondays.,Dublin,Republic of Ireland,Republic of Ireland,Alcoholics Anonymous
4e7ba2c1-0bf5-5da6-98ca-0825fa335208,Dublin City Findlaters,19:30,,D01 V2A0,53.3546123,-6.2639752,Abbey Presbyterian Church,"Parnell Square North,Dublin City,Dublin 1",,Thursday,False,False,False,False,,,Entrance on North Fredricks Street. Closed on Bank Holiday Mondays.,Dublin,Republic of Ireland,Republic of Ireland,Alcoholics Anonymous
a109da2f-18ed-56e0-806c-53426f5a2276,Dublin City Lower Gardiner Street New Hope,13:00,,D01 KC83,53.3510322,-6.2549478,Teach Mhuire,"38-39 Lower Gardiner Street,Dublin City",,Wednesday,False,False,False,False,,,,Dublin,Republic of Ireland,Republic of Ireland,Alcoholics Anonymous
e42fc836-c6e8-5672-a54a-a53abfbb51d5,Dublin City Lower Gardiner Street New Hope,19:00,,D01 KC83,53.3510322,-6.2549478,Teach Mhuire,"38-39 Lower Gardiner Street,Dublin City",,Thursday,False,False,False,False,,,,Dublin,Republic of Ireland,Republic of Ireland,Alcoholics Anonymous
49e41336-b4f6-5b3a-8133-7b69814e8e18,Dublin City Od Nowa,19:30,,,53.343699,-6.2742641,St. Audeons Church,"High Street,Dublin City,Dublin 8",,Monday,False,False,False,True,,Steps & Tradition,"Polish spoken at this meeting.
First Monday of month is an Open meeting",Dublin,Republic of Ireland,Republic of Ireland,Alcoholics Anonymous
f47fb22a-b876-590a-858f-c8aac5e8549b,Dublin City Sherrard Street Unity Group,13:00,,D01 X6A0,53.3587285,-6.2594524,,"26 Upper Sherrard Street,Dublin City,Dublin 1",,Monday,False,False,False,False,,,Russian Language is spoken at Saturday 10:30 am & Sunday 13.30 meetings.,Dublin,Republic of Ireland,Republic of Ireland,Alcoholics Anonymous
e550bd22-7b18-5d19-8b0b-c918b11446dd,Dublin City Sherrard Street Unity Group,18:30,,D01 X6A0,53.3587285,-6.2594524,,"26 Upper Sherrard Street,Dublin City,Dublin 1",,Monday,False,False,False,False,,,Russian Language is spoken at Saturday 10:30 am & Sunday 13.30 meetings.,Dublin,Republic of Ireland,Republic of Ireland,Alcoholics Anonymous
3abd8471-c2b2-51bf-ae3e-b3812c4ab8da,Dublin City Sherrard Street Unity Group,13:00,,D01 X6A0,53.3587285,-6.2594524,,"26 Upper Sherrard Street,Dublin City,Dublin 1",,Tuesday,False,False,False,False,,,Russian Language is spoken at Saturday 10:30 am & Sunday 13.30 meetings.,Dublin,Republic of Ireland,Republic of Ireland,Alcoholics Anonymous
4d416957-e9c0-537e-8698-e1ef42e37642,Dublin City Sherrard Street Unity Group,18:30,,D01 X6A0,53.3587285,-6.2594524,,"26 Upper Sherrard Street,Dublin City,Dublin 1",,Tuesday,False,False,False,False,,,Russian Language is spoken at Saturday 10:30 am & Sunday 13.30 meetings.,Dublin,Republic of Ireland,Republic of Ireland,Alcoholics Anonymous
9b4a4f10-feb1-5747-bc2b-e6f608b931a7,Dublin City Sherrard Street Unity Group,11:30,,D01 X6A0,53.3587285,-6.2594524,,"26 Upper Sherrard Street,Dublin City,Dublin 1",,Wednesday,False,False,False,False,,,Russian Language is spoken at Saturday 10:30 am & Sunday 13.30 meetings.,Dublin,Republic of Ireland,Republic of Ireland,Alcoholics Anonymous
9a7bad02-104f-5535-8451-efd7be15ad9f,Dublin City Sherrard Street Unity Group,13:00,,D01 X6A0,53.3587285,-6.2594524,,"26 Upper Sherrard Street,Dublin City,Dublin 1",,Wednesday,False,False,False,False,,,Russian Language is spoken at Saturday 10:30 am & Sunday 13.30 meetings.,Dublin,Republic of Ireland,Republic of Ireland,Alcoholics Anonymous
c15152d9-8e63-58a9-94d6-2515fdb49b51,Dublin City Sherrard Street Unity Group,18:30,,D01 X6A0,53.3587285,-6.2594524,,"26 Upper Sherrard Street,Dublin City,Dublin 1",,Wednesday,False,False,False,False,,,Russian Language is spoken at Saturday 10:30 am & Sunday 13.30 meetings.,Dublin,Republic of Ireland,Republic of Ireland,Alcoholics Anonymous
382538c1-b8b9-5374-b4d7-46d6b507c596,Dublin City Sherrard Street Unity Group,20:30,,D01 X6A0,53.3587285,-6.2594524,,"26 Upper Sherrard Street,Dublin City,Dublin 1",,Wednesday,False,False,False,False,,,Russian Language is spoken at Saturday 10:30 am & Sunday 13.30 meetings.,Dublin,Republic of Ireland,Republic of Ireland,Alcoholics Anonymous
3e4554db-795a-52ea-82a2-44b0cda932f7,Dublin City Sherrard Street Unity Group,13:00,,D01 X6A0,53.3587285,-6.2594524,,"26 Upper Sherrard Street,Dublin City,Dublin 1",,Thursday,False,False,False,False,,,Russian Language is spoken at Saturday 10:30 am & Sunday 13.30 meetings.,Dublin,Republic of Ireland,Republic of Ireland,Alcoholics Anonymous
3aa2740c-5cb8-5df1-8ce1-6de3fcac40da,Dublin City Sherrard Street Unity Group,18:30,,D01 X6A0,53.3587285,-6.2594524,,"26 Upper Sherrard Street,Dublin City,Dublin 1",,Thursday,False,False,False,False,,,Russian Language is spoken at Saturday 10:30 am & Sunday 13.30 meetings.,Dublin,Republic of Ireland,Republic of Ireland,Alcoholics Anonymous
5c694687-6d34-5f42-85a7-87f2a2e38702,Dublin City Sherrard Street Unity Group,20:30,,D01 X6A0,53.3587285,-6.2594524,,"26 Upper Sherrard Street,Dublin City,Dublin 1",,Thursday,False,False,False,False,,,Russian Language is spoken at Saturday 10:30 am & Sunday 13.30 meetings.,Dublin,Republic of Ireland,Republic of Ireland,Alcoholics Anonymous
bf5f735c-fd3b-5c56-b14d-c6a573438e52,Dublin City Sherrard Street Unity Group,13:00,,D01 X6A0,53.3587285,-6.2594524,,"26 Upper Sherrard Street,Dublin City,Dublin 1",,Friday,False,False,False,False,,,Russian Language is spoken at Saturday 10:30 am & Sunday 13.30 meetings.,Dublin,Republic of Ireland,Republic of Ireland,Alcoholics Anonymous
9d47afee-f7db-5417-bff6-b891f10e8f1a,Dublin City Sherrard Street Unity Group,18:30,,D01 X6A0,53.3587285,-6.2594524,,"26 Upper Sherrard Street,Dublin City,Dublin 1",,Friday,False,False,False,False,,,Russian Language is spoken at Saturday 10:30 am & Sunday 13.30 meetings.,Dublin,Republic of Ireland,Republic of Ireland,Alcoholics Anonymous
fdab75b7-fd82-5eba-85ad-c6fc8e279a4a,Dublin City Sherrard Street Unity Group,20:30,,D01 X6A0,53.3587285,-6.2594524,,"26 Upper Sherrard Street,Dublin City,Dublin 1",,Friday,False,False,False,False,,,Russian Language is spoken at Saturday 10:30 am & Sunday 13.30 meetings.,Dublin,Republic of Ireland,Republic of Ireland,Alcoholics Anonymous
fb961136-e849-58e5-905d-693de2d1116f,Dublin City Sherrard Street Unity Group,10:30,,D01 X6A0,53.3587285,-6.2594524,,"26 Upper Sherrard Street,Dublin City,Dublin 1",,Saturday,False,False,False,False,,,Russian Language is spoken at Saturday 10:30 am & Sunday 13.30 meetings.,Dublin,Republic of Ireland,Republic of Ireland,Alcoholics Anonymous
11ecdb1a-f870-593a-9d1f-6c27a1f8b252,Dublin City Sherrard Street Unity Group,12:00,,D01 X6A0,53.3587285,-6.2594524,,"26 Upper Sherrard Street,Dublin City,Dublin 1",,Saturday,False,False,False,False,,,Russian Language is spoken at Saturday 10:30 am & Sunday 13.30 meetings.,Dublin,Republic of Ireland,Republic of Ireland,Alcoholics Anonymous
f3029ffb-ab76-5b33-b8f2-13da39fd25ba,Dublin City Sherrard Street Unity Group,18:00,,D01 X6A0,53.3587285,-6.2594524,,"26 Upper Sherrard Street,Dublin City,Dublin 1",,Saturday,False,False,False,False,,Steps,Russian Language is spoken at Saturday 10:30 am & Sunday 13.30 meetings.,Dublin,Republic of Ireland,Republic of Ireland,Alcoholics Anonymous
64263032-bd59-5cd2-9eec-008ed18a9bbb,Dublin City Sherrard Street Unity Group,20:30,,D01 X6A0,53.3587285,-6.2594524,,"26 Upper Sherrard Street,Dublin City,Dublin 1",,Saturday,False,False,False,False,,,Russian Language is spoken at Saturday 10:30 am & Sunday 13.30 meetings.,Dublin,Republic of Ireland,Republic of Ireland,Alcoholics Anonymous
e57025d0-a3fb-51f2-8217-7fdf658295a9,Dublin City Sherrard Street Unity Group,12:00,,D01 X6A0,53.3587285,-6.2594524,,"26 Upper Sherrard Street,Dublin City,Dublin 1",,Sunday,False,False,False,False,,,Russian Language is spoken at Saturday 10:30 am & Sunday 13.30 meetings.,Dublin,Republic of Ireland,Republic of Ireland,Alcoholics Anonymous
2f9956e8-c357-5ef2-8bae-ad95fcd23296,Dublin City Sherrard Street Unity Group,13:30,,D01 X6A0,53.3587285,-6.2594524,,"26 Upper Sherrard Street,Dublin City,Dublin 1",,Sunday,False,False,False,False,,,Russian Language is spoken at Saturday 10:30 am & Sunday 13.30 meetings.,Dublin,Republic of Ireland,Republic of Ireland,Alcoholics Anonymous
7c241b51-d454-58c0-8457-8c97c9a5a704,Dublin City Sherrard Street Unity Group,18:00,,D01 X6A0,53.3587285,-6.2594524,,"26 Upper Sherrard Street,Dublin City,Dublin 1",,Sunday,False,False,False,False,,,Russian Language is spoken at Saturday 10:30 am & Sunday 13.30 meetings.,Dublin,Republic of Ireland,Republic of Ireland,Alcoholics Anonymous
77284966-7202-580c-9b7a-d458c2d2bfbe,Dublin City Sherrard Street Unity Group,20:30,,D01 X6A0,53.3587285,-6.2594524,,"26 Upper Sherrard Street,Dublin City,Dublin 1",,Sunday,False,False,False,False,,,Russian Language is spoken at Saturday 10:30 am & Sunday 13.30 meetings.,Dublin,Republic of Ireland,Republic of Ireland,Alcoholics Anonymous
e704bdd6-e718-5a84-84ef-7c03a472478c,Dublin City Wellington Street AA,20:30,,D07 FDN8,53.3562553,-6.2688073,Crosscare,"24 - 26 Wellington Street Upper,Dublin City,Dublin 7",,Wednesday,False,False,False,False,,,,Dublin,Republic of Ireland,Republic of Ireland,Alcoholics Anonymous
4973ba10-9d1f-5df9-9cc1-4bbe32d2e95a,Dun Laoghaire Tivoli,20:30,,A96 57X8,53.2907063,-6.1356678,The Methodist Church Hall,"Northumberland Avenue,Dun Laoghaire,Co. Dublin",,Saturday,False,False,False,False,,,,Dublin,Republic of Ireland,Republic of Ireland,Alcoholics Anonymous
f474b130-04fd-5d85-9842-76dbafb138e7,Dundrum Don Marmion,13:00,,D16 FD96,53.288133,-6.2401262,Dom Marmion Centre,"Sandyford Road,Dundrum,Dublin 14",,Monday,False,False,False,False,,,,Dublin,Republic of Ireland,Republic of Ireland,Alcoholics Anonymous
4e6df916-50f0-5d34-9c63-8b5e88d2223a,Dundrum Don Marmion,13:00,,D16 FD96,53.288133,-6.2401262,Dom Marmion Centre,"Sandyford Road,Dundrum,Dublin 14",,Thursday,False,False,False,False,,,,Dublin,Republic of Ireland,Republic of Ireland,Alcoholics Anonymous
231c611a-4f9b-5b61-88ab-24212aac620e,Fairview Vincent’S Group,19:30,,D03 E165,53.3632439,-6.2392921,Our Lady's Hall,"Fairview,Dublin3",,Wednesday,False,False,False,False,,,"Behind the Church 
Corner of  Fairview Strand and Phillipsburgh Avenue. 
Ring bell on the left of the door
Zoom Meeting
To request link to online meeting email 
L41@alcoholicsanonymous.ie",Dublin,Republic of Ireland,Republic of Ireland,Alcoholics Anonymous
b2d20a59-4262-5dd1-b4e7-34601c85584e,Fairview Vincent’S Group,19:30,,D03 E165,53.3632439,-6.2392921,Our Lady's Hall,"Fairview,Dublin3",,Friday,False,False,False,False,,,"Behind the Church 
Corner of  Fairview Strand and Phillipsburgh Avenue. 
Ring bell on the left of the door
Zoom Meeting
To request link to online meeting email 
L41@alcoholicsanonymous.ie",Dublin,Republic of Ireland,Republic of Ireland,Alcoholics Anonymous
ab7f699b-0b26-5fcf-9832-e89abdcf98ec,Finglas St Helena’S Group,20:30,,D11 YP92,53.3828634,-6.3007517,St. Helena's Resource Centre,"St. Helena's Road,Finglas,Dublin 11",,Monday,False,False,False,False,,,On Bank Holiday Mondays the 20:30 meeting is held in WFTA.,Dublin,Republic of Ireland,Republic of Ireland,Alcoholics Anonymous
6e766ae0-c8d0-5d4f-8825-7634e87fded5,Finglas St Helena’S Group,20:30,,D11 YP92,53.3828634,-6.3007517,St. Helena's Resource Centre,"St. Helena's Road,Finglas,Dublin 11",,Tuesday,False,False,False,False,,,On Bank Holiday Mondays the 20:30 meeting is held in WFTA.,Dublin,Republic of Ireland,Republic of Ireland,Alcoholics Anonymous
291577cc-6d52-5fac-ba53-f2c87bca0337,Finglas St Helena’S Group,20:30,,D11 YP92,53.3828634,-6.3007517,St. Helena's Resource Centre,"St. Helena's Road,Finglas,Dublin 11",,Wednesday,False,False,False,False,,,On Bank Holiday Mondays the 20:30 meeting is held in WFTA.,Dublin,Republic of Ireland,Republic of Ireland,Alcoholics Anonymous
36900802-511c-5534-b963-483693bc90ed,Finglas St Helena’S Group,20:30,,D11 YP92,53.3828634,-6.3007517,St. Helena's Resource Centre,"St. Helena's Road,Finglas,Dublin 11",,Thursday,False,False,False,False,,,On Bank Holiday Mondays the 20:30 meeting is held in WFTA.,Dublin,Republic of Ireland,Republic of Ireland,Alcoholics Anonymous
e6046a9e-9743-56c8-9109-19e45b49261a,Finglas St Helena’S Group,20:30,,D11 YP92,53.3828634,-6.3007517,St. Helena's Resource Centre,"St. Helena's Road,Finglas,Dublin 11",,Friday,False,False,False,False,,Steps,On Bank Holiday Mondays the 20:30 meeting is held in WFTA.,Dublin,Republic of Ireland,Republic of Ireland,Alcoholics Anonymous
13f28177-5173-533e-aa1a-29048c3b23ba,Finglas St Helena’S Group,20:30,,D11 F436,53.3762795,-6.3083243,SANKALPA,"Unit 6,Glasnevin Business Centre,Ballyboggan Road,Finglas,Dublin",,Saturday,False,False,False,False,,,Meeting is located upstairs - there is no lift.,Dublin,Republic of Ireland,Republic of Ireland,Alcoholics Anonymous
232188de-ea9a-591a-bc4c-efe273487a63,Foxrock Tuesday 1Pm Meeting,13:00,,D18 V304,53.274486,-6.1735956,Foxrock Parish,"Pastoral Centre,Kill Lane,Foxrock,Dublin 18",,Tuesday,False,False,False,True,,,"There will be no physical meetings on 
Tuesday 24th December 2024 
or
Tuesday 31st December 2024 
as the parish centre will be closed.",Dublin,Republic of Ireland,Republic of Ireland,Alcoholics Anonymous
b9cba7ea-f8dc-5882-b6ea-953d410bfbbc,Glasthule Group,20:30,,A96 FW66,53.2878404,-6.1249343,Parish Centre,"St. Joseph's Church,Summerhill Road,Glasthule,Co. Dublin",,Thursday,False,False,False,False,,,"Tradition meeting 1st Thurs of every month.
The meeting is at the rear of the church left side as you walk in",Dublin,Republic of Ireland,Republic of Ireland,Alcoholics Anonymous
402f457f-1ec6-5206-bf6d-5558f0e16737,Inchicore St. Michaels Bulfin Road,11:00,,D08 YR89,53.3399372,-6.3151667,De Mazenod Centre,"52A Bulfin Road,Inchicore,Dublin 8",,Saturday,False,False,False,False,,,,Dublin,Republic of Ireland,Republic of Ireland,Alcoholics Anonymous
5d1f3a1b-fa2b-5454-88cf-09b3c4e80af0,Inchicore St. Michaels Bulfin Road,19:00,,D08 YR89,53.3399372,-6.3151667,De Mazenod Centre,"52A Bulfin Road,Inchicore,Dublin 8",,Sunday,False,False,False,False,,Steps,,Dublin,Republic of Ireland,Republic of Ireland,Alcoholics Anonymous
10e5473d-f26e-5ff9-beba-69e925d20887,Lusk Back To Basics,13:00,,K45 TY26,53.5297633,-6.1706149,Lusk Parish Centre,"Chapel Road,Lusk,Co. Dublin",,Monday,False,False,False,False,,,Upstairs in Parish Hall,Dublin,Republic of Ireland,Republic of Ireland,Alcoholics Anonymous
84d9bcdc-fd36-5ffa-b513-4efaade461cb,Lusk Back To Basics,18:00,,K45 TY26,53.5297633,-6.1706149,Lusk Parish Centre,"Chapel Road,Lusk,Co. Dublin",,Friday,False,False,False,False,,,Upstairs in Parish Hall,Dublin,Republic of Ireland,Republic of Ireland,Alcoholics Anonymous
368db249-5956-5976-9711-0d035e1abf84,Malahide,20:30,,K36 RY76,53.4508521,-6.155235,Parish Hall,"St. Sylvesters Church,Old Street,Malahide,Co. Dublin",,Saturday,False,False,False,False,,,,Dublin,Republic of Ireland,Republic of Ireland,Alcoholics Anonymous
0c17890b-0fbb-5760-9f03-5901166c45bc,Monkstown First Group,13:00,,A96 F6T0,53.285456,-6.1334106,DEC Church,"Glenageary Road Lower,Dun Laoghaire,Co. Dublin",,Monday,False,False,False,False,,,,Dublin,Republic of Ireland,Republic of Ireland,Alcoholics Anonymous
88565d75-3d8a-555d-99df-306781d8f2a0,Monkstown First Group,18:30,,A96 F6T0,53.285456,-6.1334106,DEC Church,"Glenageary Road Lower,Dun Laoghaire,Co. Dublin",,Monday,False,False,False,False,,,,Dublin,Republic of Ireland,Republic of Ireland,Alcoholics Anonymous
8180ac6d-33bf-5acf-9822-2ba49d6d6922,Monkstown First Group,13:00,,A96 F6T0,53.285456,-6.1334106,DEC Church,"Glenageary Road Lower,Dun Laoghaire,Co. Dublin",,Tuesday,False,False,False,False,,,,Dublin,Republic of Ireland,Republic of Ireland,Alcoholics Anonymous
edff6281-0ee0-5039-8687-9a1972622484,Monkstown First Group,18:30,,A96 F6T0,53.285456,-6.1334106,DEC Church,"Glenageary Road Lower,Dun Laoghaire,Co. Dublin",,Tuesday,False,False,False,False,,,,Dublin,Republic of Ireland,Republic of Ireland,Alcoholics Anonymous
e02974f4-9029-5c2b-b8e0-211e9ef55655,Monkstown First Group,13:00,,A96 F6T0,53.285456,-6.1334106,DEC Church,"Glenageary Road Lower,Dun Laoghaire,Co. Dublin",,Wednesday,False,False,False,False,,,,Dublin,Republic of Ireland,Republic of Ireland,Alcoholics Anonymous
c38176f9-ddbe-58d7-8e65-8af18da00e3a,Monkstown First Group,18:30,,A96 F6T0,53.285456,-6.1334106,DEC Church,"Glenageary Road Lower,Dun Laoghaire,Co. Dublin",,Wednesday,False,False,False,False,,,,Dublin,Republic of Ireland,Republic of Ireland,Alcoholics Anonymous
e6c6ff05-1ae4-5787-8509-053cab472154,Monkstown First Group,13:00,,A96 F6T0,53.285456,-6.1334106,DEC Church,"Glenageary Road Lower,Dun Laoghaire,Co. Dublin",,Thursday,False,False,False,False,,,,Dublin,Republic of Ireland,Republic of Ireland,Alcoholics Anonymous
1e278a2f-3182-5d16-8d69-8617c8cdedbc,Monkstown First Group,18:30,,A96 F6T0,53.285456,-6.1334106,DEC Church,"Glenageary Road Lower,Dun Laoghaire,Co. Dublin",,Thursday,False,False,False,False,,,,Dublin,Republic of Ireland,Republic of Ireland,Alcoholics Anonymous
73ef9a5d-4f95-5395-88f9-671da8a731e4,Monkstown First Group,13:00,,A96 F6T0,53.285456,-6.1334106,DEC Church,"Glenageary Road Lower,Dun Laoghaire,Co. Dublin",,Friday,False,False,False,False,,,,Dublin,Republic of Ireland,Republic of Ireland,Alcoholics Anonymous
673d2388-eda8-51f3-8edd-d39ffb3e86dc,Monkstown First Group,18:30,,A96 F6T0,53.285456,-6.1334106,DEC Church,"Glenageary Road Lower,Dun Laoghaire,Co. Dublin",,Friday,False,False,False,False,,,,Dublin,Republic of Ireland,Republic of Ireland,Alcoholics Anonymous
57ca805f-3630-5c09-a9c4-21cd179caea5,Monkstown First Group,09:00,,A96 F6T0,53.285456,-6.1334106,DEC Church,"Glenageary Road Lower,Dun Laoghaire,Co. Dublin",,Saturday,False,False,False,False,,,,Dublin,Republic of Ireland,Republic of Ireland,Alcoholics Anonymous
e23a530f-ac8c-5762-963d-9c71403e3982,Monkstown First Group,11:00,,A96 F6T0,53.285456,-6.1334106,DEC Church,"Glenageary Road Lower,Dun Laoghaire,Co. Dublin",,Saturday,False,False,False,False,,,,Dublin,Republic of Ireland,Republic of Ireland,Alcoholics Anonymous
9ef31cde-b7d6-58ef-b57c-fea67d5531ef,Monkstown First Group,17:30,,A96 F6T0,53.285456,-6.1334106,DEC Church,"Glenageary Road Lower,Dun Laoghaire,Co. Dublin",,Sunday,False,False,False,False,,,,Dublin,Republic of Ireland,Republic of Ireland,Alcoholics Anonymous
5a0ba624-5c56-53cd-ab6a-4ecceedacdf8,Monkstown Homecomers,20:30,,,53.2853907,-6.1407028,Quaker Hall,"Packenham Road,Monkstown,Co. Dublin",,Monday,False,False,False,False,,,,Dublin,Republic of Ireland,Republic of Ireland,Alcoholics Anonymous
05b8ff5f-1a76-59fb-915f-44f0a563a308,Monkstown Homecomers,20:30,,,53.2853907,-6.1407028,Quaker Hall,"Packenham Road,Monkstown,Co. Dublin",,Tuesday,False,False,False,False,,,,Dublin,Republic of Ireland,Republic of Ireland,Alcoholics Anonymous
22eb9043-f14c-5c98-ae48-bf40d79e9bbf,Monkstown Homecomers,18:30,,,53.2853907,-6.1407028,Quaker Hall,"Packenham Road,Monkstown,Co. Dublin",,Saturday,False,False,False,False,,,,Dublin,Republic of Ireland,Republic of Ireland,Alcoholics Anonymous
f69c4852-6ed0-55de-81ef-fcbca2ca7205,Mount Argus Lower Kimmage,20:30,,D6W C425,53.3192733,-6.2912167,Mount Argus Community Centre,"179 Lower Kimmage Road,Kimmage,Dublin 6W",,Wednesday,False,False,False,False,,,,Dublin,Republic of Ireland,Republic of Ireland,Alcoholics Anonymous
732fce59-d91e-578f-82ad-aff0ee9fd478,Mount Argus Lower Kimmage,11:30,,D6W C425,53.3192733,-6.2912167,Mount Argus Community Centre,"179 Lower Kimmage Road,Kimmage,Dublin 6W",,Sunday,False,False,False,False,,,,Dublin,Republic of Ireland,Republic of Ireland,Alcoholics Anonymous
6f975c4b-24b7-54b1-8114-e01d52233051,Mount Argus Lower Kimmage,20:30,,D6W C425,53.3192733,-6.2912167,Mount Argus Community Centre,"179 Lower Kimmage Road,Kimmage,Dublin 6W",,Sunday,False,False,False,False,,,,Dublin,Republic of Ireland,Republic of Ireland,Alcoholics Anonymous
406f7866-cbc4-536b-ac7f-b4449b9d8030,Mount Merrion,20:00,,A94 VR80,53.3010225,-6.1912118,St. Philip & St. James Community Centre,"Cross Avenue,Blackrock,Co. Dublin",,Tuesday,False,False,False,False,,Steps,Last Friday of the Month - Trad,Dublin,Republic of Ireland,Republic of Ireland,Alcoholics Anonymous
dc99fa96-3556-5044-afaa-74a114687ad6,Mount Merrion,20:00,,A94 VR80,53.3010225,-6.1912118,St. Philip & St. James Community Centre,"Cross Avenue,Blackrock,Co. Dublin",,Thursday,False,False,False,False,,,Last Friday of the Month - Trad,Dublin,Republic of Ireland,Republic of Ireland,Alcoholics Anonymous
384b164b-93b6-5b41-9b3c-cded73943c15,Mount Merrion,20:00,,A94 VR80,53.3010225,-6.1912118,St. Philip & St. James Community Centre,"Cross Avenue,Blackrock,Co. Dublin",,Friday,False,False,False,False,,,Last Friday of the Month - Trad,Dublin,Republic of Ireland,Republic of Ireland,Alcoholics Anonymous
c55fc2d3-3f96-5fa6-84bc-296c557cd265,Mount Merrion,20:00,,A94 VR80,53.3010225,-6.1912118,St. Philip & St. James Community Centre,"Cross Avenue,Blackrock,Co. Dublin",,Sunday,False,False,False,False,,Big Book,Last Friday of the Month - Trad,Dublin,Republic of Ireland,Republic of Ireland,Alcoholics Anonymous
edff3dde-1806-5644-a373-76f5e40fe2d1,Ranelagh A New Freedom,19:30,,D06 Y3X8,53.3189004,-6.2512138,Beechwood Parish And Pastorial Centre,"51 Mountain View Road,Ranelagh,Dublin 6",,Tuesday,False,False,False,False,,,,Dublin,Republic of Ireland,Republic of Ireland,Alcoholics Anonymous
175a00f4-eb4a-5529-b1c5-5254458fec2f,Ranelagh Beechwood Sunday Night BB,19:30,,D06 TD65,53.3187179,-6.2518416,Beechwood Community Centre,"Mountainview Road,Ranelagh,Dublin 6",,Sunday,False,False,False,False,,Big Book,,Dublin,Republic of Ireland,Republic of Ireland,Alcoholics Anonymous
74e2ffbf-4df7-5611-93a6-716c5ac79977,Rathfarnham Sancta Maria,20:00,,D16 V389,53.2847355,-6.3039318,Sancta Maria Secondary School,"Ballyroan Crescent,Rathfarnham,Dublin 16",,Monday,False,False,False,False,,,"Trad Meeting - 1st Monday of month.
Step Meeting - last Saturday of month.",Dublin,Republic of Ireland,Republic of Ireland,Alcoholics Anonymous
b28cfc3a-8bef-5fa0-90a9-7e9f2468fd11,Rathfarnham Sancta Maria,20:00,,D16 V389,53.2847355,-6.3039318,Sancta Maria Secondary School,"Ballyroan Crescent,Rathfarnham,Dublin 16",,Saturday,False,False,False,False,,,"Trad Meeting - 1st Monday of month.
Step Meeting - last Saturday of month.",Dublin,Republic of Ireland,Republic of Ireland,Alcoholics Anonymous
eb9bb4c8-7afe-5b15-a298-b2d5821f1ba3,Rathmines Black Church,19:00,,,53.3202589,-6.2625317,Church Of The Holy Trinity,"Church Avenue,Rathmines,Dublin 6",,Saturday,False,False,False,False,,,,Dublin,Republic of Ireland,Republic of Ireland,Alcoholics Anonymous
78174e6d-1c9a-5b81-823d-c7507203a814,Rialto St. Andrew’S Sundrive Group,18:30,,D08 H51F,53.3356221,-6.293796,St. Andrew's Resource Centre,"469 South Circular Road,Rialto,Dublin 8",,Monday,False,False,False,False,,,Every first Thursday of the month is a big book meeting.,Dublin,Republic of Ireland,Republic of Ireland,Alcoholics Anonymous
13dedf77-f4f4-5d6b-9ab1-a78fba029854,Rialto St. Andrew’S Sundrive Group,18:30,,D08 H51F,53.3356221,-6.293796,St. Andrew's Resource Centre,"469 South Circular Road,Rialto,Dublin 8",,Thursday,False,False,False,False,,,Every first Thursday of the month is a big book meeting.,Dublin,Republic of Ireland,Republic of Ireland,Alcoholics Anonymous
a976c886-b887-549a-b9c1-c3e376ca8830,Ronanstown Discovery Group,20:00,,,53.3453188,-6.4080666,CASP,"Muriel Boothman Centre,Fonthill Road,Ronanstown,Dublin 22",,Wednesday,False,False,False,False,,,,Dublin,Republic of Ireland,Republic of Ireland,Alcoholics Anonymous
cfc7933e-959c-5de6-bd91-2418e94f346b,Shankill St. Annes,20:30,,D18 VH64,53.2340752,-6.123976,St. Anne's Resource Centre,"Shankill,Co. Dublin",,Sunday,False,False,False,False,,,Beside St. Anne's RC Church,Dublin,Republic of Ireland,Republic of Ireland,Alcoholics Anonymous
2c95dc12-f031-5329-947c-697a6875a0d8,Sutton Bayside Lunchtime,13:00,,D13 X8H4,53.3889286,-6.1409658,Bayside Community Centre,"Bayside Sutton,Dublin 13",,Monday,False,False,False,False,,,,Dublin,Republic of Ireland,Republic of Ireland,Alcoholics Anonymous
82db44a6-02e6-5b85-a7be-3a54db7a925e,Sutton Bayside Lunchtime,13:00,,D13 X8H4,53.3889286,-6.1409658,Bayside Community Centre,"Bayside Sutton,Dublin 13",,Friday,False,False,False,False,,,,Dublin,Republic of Ireland,Republic of Ireland,Alcoholics Anonymous
5fcdb9bc-be05-57d9-bda6-5fd9431ab53d,Swords Keep It Simple,13:00,,K67 T6T7,53.4534744,-6.2431029,Community Centre,"River Valley,Swords,Co. Dublin",,Sunday,False,False,False,False,,,,Dublin,Republic of Ireland,Republic of Ireland,Alcoholics Anonymous
27d58030-6bb5-53fd-9b0b-675f4786a566,Swords Midday,12:30,,K67 PN72,53.4579836,-6.2191617,Senior Citizens Centre,"Fosters Way,Swords,Co. Dublin",,Thursday,False,False,False,False,,,"Opposite Fingal Council Offices
Behind Bank of Ireland on Main Street",Dublin,Republic of Ireland,Republic of Ireland,Alcoholics Anonymous
889f75b9-9ae6-577d-8c8a-dff54eac86ad,Swords Monday Meeting,20:30,,K67 PH96,53.4595839,-6.2368792,BASE,"Brackenstown,Swords,Co. Dublin",,Monday,False,False,False,False,,,"""No Meeting on Bank Holidays""
Please note that on bank holiday's, there will NOT be a meeting.",Dublin,Republic of Ireland,Republic of Ireland,Alcoholics Anonymous
3ad33271-bdba-578d-b33f-a91c42022cb4,Swords Saoirse,19:30,,K67 PH96,53.4595839,-6.2368792,BASE,"Brackenstown,Swords,Co. Dublin",,Friday,False,False,False,True,,,,Dublin,Republic of Ireland,Republic of Ireland,Alcoholics Anonymous
ce65df29-2570-5a75-a177-82790a0697db,Tallaght Daily Reprieve,11:30,,D24 TC7H,53.2948594,-6.3427074,St Aengus Community Centre,"Castletymon Road,Tallaght,Dublin 24",,Monday,False,False,False,False,,,,Dublin,Republic of Ireland,Republic of Ireland,Alcoholics Anonymous
c46c48cd-6133-5621-a486-5df2be803088,Tallaght Daily Reprieve,20:00,,D24 TC7H,53.2948594,-6.3427074,St Aengus Community Centre,"Castletymon Road,Tallaght,Dublin 24",,Monday,False,False,False,False,,Big Book,,Dublin,Republic of Ireland,Republic of Ireland,Alcoholics Anonymous
fccd5948-5e61-5f21-ad13-0046c06ffc8c,Tallaght Daily Reprieve,13:00,,D24 TC7H,53.2948594,-6.3427074,St Aengus Community Centre,"Castletymon Road,Tallaght,Dublin 24",,Tuesday,False,False,False,False,,,,Dublin,Republic of Ireland,Republic of Ireland,Alcoholics Anonymous
8dc6b19e-42bb-5dc5-9fe4-e9b80368508b,Tallaght Daily Reprieve,11:30,,D24 TC7H,53.2948594,-6.3427074,St Aengus Community Centre,"Castletymon Road,Tallaght,Dublin 24",,Wednesday,False,False,False,False,,,,Dublin,Republic of Ireland,Republic of Ireland,Alcoholics Anonymous
7fad0e71-aae2-5341-8ff8-255a51c22d59,Tallaght Daily Reprieve,20:00,,D24 TC7H,53.2948594,-6.3427074,St Aengus Community Centre,"Castletymon Road,Tallaght,Dublin 24",,Wednesday,False,False,False,False,,Steps,,Dublin,Republic of Ireland,Republic of Ireland,Alcoholics Anonymous
b45ce67f-7951-55da-8d66-a2ff0ee14386,Tallaght Daily Reprieve,13:00,,D24 TC7H,53.2948594,-6.3427074,St Aengus Community Centre,"Castletymon Road,Tallaght,Dublin 24",,Thursday,False,False,False,False,,,,Dublin,Republic of Ireland,Republic of Ireland,Alcoholics Anonymous
d1a7f2d1-d3a6-5141-977b-9e5bd7dde4d0,Tallaght Daily Reprieve,11:30,,D24 TC7H,53.2948594,-6.3427074,St Aengus Community Centre,"Castletymon Road,Tallaght,Dublin 24",,Friday,False,False,False,False,,,,Dublin,Republic of Ireland,Republic of Ireland,Alcoholics Anonymous
1b84b3c2-133f-504b-baaa-d7bb64d38ec5,Tallaght Daily Reprieve,20:00,,D24 TC7H,53.2948594,-6.3427074,St Aengus Community Centre,"Castletymon Road,Tallaght,Dublin 24",,Friday,False,False,False,False,,Beginner,,Dublin,Republic of Ireland,Republic of Ireland,Alcoholics Anonymous
eadfdb08-0e67-54df-803a-c384909c3b66,Tallaght Daily Reprieve,11:30,,D24 TC7H,53.2948594,-6.3427074,St Aengus Community Centre,"Castletymon Road,Tallaght,Dublin 24",,Saturday,False,False,False,False,,,,Dublin,Republic of Ireland,Republic of Ireland,Alcoholics Anonymous
e958e6ae-ce9e-5597-83a2-efb5874c6eac,Tallaght Daily Reprieve,20:00,,D24 TC7H,53.2948594,-6.3427074,St Aengus Community Centre,"Castletymon Road,Tallaght,Dublin 24",,Saturday,False,False,False,False,,,,Dublin,Republic of Ireland,Republic of Ireland,Alcoholics Anonymous
e6f8e300-4d69-5ae4-96c6-75a7ded19f4b,Tallaght Daily Reprieve,08:30,,D24 TC7H,53.2948594,-6.3427074,St Aengus Community Centre,"Castletymon Road,Tallaght,Dublin 24",,Sunday,False,False,False,False,,,,Dublin,Republic of Ireland,Republic of Ireland,Alcoholics Anonymous
62ae3269-6ba8-5224-b71e-0a3032f7d416,Tallaght Daily Reprieve,11:30,,D24 TC7H,53.2948594,-6.3427074,St Aengus Community Centre,"Castletymon Road,Tallaght,Dublin 24",,Sunday,False,False,False,False,,,,Dublin,Republic of Ireland,Republic of Ireland,Alcoholics Anonymous
e98c103c-9ba6-5468-b99c-eb72a26513c1,Tallaght Daily Reprieve,20:00,,D24 TC7H,53.2948594,-6.3427074,St Aengus Community Centre,"Castletymon Road,Tallaght,Dublin 24",,Sunday,False,False,False,False,,,,Dublin,Republic of Ireland,Republic of Ireland,Alcoholics Anonymous
76fbdc6f-6b14-5214-b037-ff3916196d91,Tallaght Fettercairn AA Group,20:00,,D24 W92N,53.2929047,-6.3956442,Fettercairn Community Centre,"Fettercairn Road,Tallaght,Dublin",,Tuesday,False,False,False,False,,Big Book,,Dublin,Republic of Ireland,Republic of Ireland,Alcoholics Anonymous
2e13ec26-adf1-55ce-842a-1482b5701f7b,Tallaght Fettercairn AA Group,20:00,,D24 W92N,53.2929047,-6.3956442,Fettercairn Community Centre,"Fettercairn Road,Tallaght,Dublin",,Thursday,False,False,False,False,,Beginner,,Dublin,Republic of Ireland,Republic of Ireland,Alcoholics Anonymous
bcee06a4-ba23-52f6-b53d-2d05b6b2c8c8,Tallaght Fettercairn AA Group,10:00,,D24 W92N,53.2929047,-6.3956442,Fettercairn Community Centre,"Fettercairn Road,Tallaght,Dublin",,Saturday,False,False,False,False,,,,Dublin,Republic of Ireland,Republic of Ireland,Alcoholics Anonymous
672f5f8e-c7bd-5b57-8694-2f57f1f9801a,Tallaght The Common Solution Group,19:45,,D24 Y098,53.3064927,-6.3687005,Kingswood Community Centre,"Sylvan Drive,Kingswood,Tallaght,Dublin 24",,Monday,False,False,False,False,,Big Book,No Meetings on Bank Holiday Mondays,Dublin,Republic of Ireland,Republic of Ireland,Alcoholics Anonymous
951083b4-2f5a-5c20-a7e0-a4cef5c6ce08,Templeogue AA Group,20:30,,D6W V998,53.2961814,-6.3165513,St. Michaels House,"Tallaght Road,Templeogue,Dublin 6W",,Friday,False,False,False,False,,,Opposite Cheeverstown House,Dublin,Republic of Ireland,Republic of Ireland,Alcoholics Anonymous
c4403950-4d28-5d54-b6fa-8772172b7663,Walkinstown,20:30,,D12 V279,53.3149226,-6.3429492,Walkinstown Community Centre,"131A Walkinstown Avenue,Walkinstown,Dublin 12",,Tuesday,False,False,False,False,,,,Dublin,Republic of Ireland,Republic of Ireland,Alcoholics Anonymous
81235253-59a0-51b7-92d2-d8bcd4a3b617,Walkinstown,20:30,,D12 V279,53.3149226,-6.3429492,Walkinstown Community Centre,"131A Walkinstown Avenue,Walkinstown,Dublin 12",,Thursday,False,False,False,False,,,,Dublin,Republic of Ireland,Republic of Ireland,Alcoholics Anonymous
c8db9d40-e62e-59c8-ae9c-2fa855f58a51,Aran Inis Mór,21:00,,H91 K4C6,53.118643,-9.6724702,Halla Rónáin (Upstairs),"Cill Rónáin,Co. Na Gaillmhe",,Sunday,False,False,False,False,,,,Galway,Republic of Ireland,Republic of Ireland,Alcoholics Anonymous
2d182586-76a2-5df0-a7ae-6b3d737ddc4e,Athenry Wednesday Night,20:30,,,53.3008131,-8.7453768,Pastoral Centre,"(Beside Church),Church Street,Athenry,Co. Galway",,Wednesday,False,False,False,False,,,,Galway,Republic of Ireland,Republic of Ireland,Alcoholics Anonymous
89785dac-2d1f-50c6-851b-f73e8fa31a46,Ballybane Emotional Sobriety,17:30,,H91 RH32,53.2855713,-9.0004023,Unit 18,"SCCUL Enterprise Centre,Castlepark Road,Ballybane,Galway",,Sunday,False,False,False,True,,,Open Meeting,Galway,Republic of Ireland,Republic of Ireland,Alcoholics Anonymous
f54b0a5c-45f9-5b6c-af67-cf4705b067b4,Carraroe,20:30,,H91 X4WH,53.2597684,-9.6040726,An Crompán,"Barraderry,Carraroe,Co. Galway",,Monday,False,False,False,False,,,Beside Fire Station Industrial Estate,Galway,Republic of Ireland,Republic of Ireland,Alcoholics Anonymous
e1290343-c11e-5fad-8836-95a6ee5cbb40,Clarinbridge,20:00,,H91 HY03,53.2287361,-8.879273,Clarinbridge Parish Office,"Main Street,Hill Park,Clarinbridge,Co. Galway",,Tuesday,False,False,False,False,,,,Galway,Republic of Ireland,Republic of Ireland,Alcoholics Anonymous
2c9695ff-6962-5fe5-894d-f03bc0e25240,Cong / Neale,20:30,,F31 WV60,53.5754882,-9.229074,O'brien Memorial Hall,"Lecarrow Killeen,The Neale,Co. Mayo",,Sunday,False,False,False,False,,,,Galway,Republic of Ireland,Republic of Ireland,Alcoholics Anonymous
83b7f89b-4fff-5aad-a3f7-e984da7c060d,Craughwell,20:00,,,53.268054,-8.9297008,St. Michael's Community Hall,"Main Street,Craughwell,Co. Galway",,Saturday,False,False,False,False,,,,Galway,Republic of Ireland,Republic of Ireland,Alcoholics Anonymous
24e54e51-f9f3-5b44-8005-6fbcfff41d05,Galway City Bohermore AA Group,20:30,,,53.28002,-9.04305,Community Centre,"Bohermore,Galway City",,Saturday,False,False,False,False,,,,Galway,Republic of Ireland,Republic of Ireland,Alcoholics Anonymous
d5a5801a-2df2-52ac-95c8-e14607bccfa1,Galway City Bohermore AA Group,20:30,,,53.28002,-9.04305,Community Centre,"Bohermore,Galway City",,Sunday,False,False,False,False,,,,Galway,Republic of Ireland,Republic of Ireland,Alcoholics Anonymous
5c927eb0-6895-5aaf-82fa-ada460f2e5d4,Galway City Croi Nua,17:45,,H91 WY2A,53.2675277,-9.074338,Croi Nua Spirituality Centre,"Rosary Lane Taylor's Hill,Galway City",,Monday,False,False,False,False,,Steps & Tradition,"To request link to online meeting, email C120@alcoholicsanonymous.ie",Galway,Republic of Ireland,Republic of Ireland,Alcoholics Anonymous
2beb80a6-8d97-588e-b0b7-67d068772397,Galway City Doughiska,18:45,,H91 FCV9,53.2862475,-8.9878883,Doughiska,"Primary Care Centre,Galway City,Galway",,Wednesday,False,False,False,False,,,Next to NCT & LIDL,Galway,Republic of Ireland,Republic of Ireland,Alcoholics Anonymous
73d3a7cd-22ae-557e-9b8e-e318412ccb9e,Galway City Iskierka Group,18:30,,H91 N6Y6,53.2804945,-9.0630102,Church Of Saint Columbanus,"Distillary Road,Lower Newcastle,Galway City,Galway",,Saturday,False,False,False,False,,,"Polish spoken at this meeting , (next to N.U.I. Galway)  Chapel Common Room",Galway,Republic of Ireland,Republic of Ireland,Alcoholics Anonymous
a80db523-8c0b-533d-a25d-27daf38b891e,Galway City Mervue,21:00,,H91 FH52,53.281738,-9.0159443,Room 4,",Old Community Centre,Mervue Church,Mervue,Galway City",,Monday,False,False,False,False,,,,Galway,Republic of Ireland,Republic of Ireland,Alcoholics Anonymous
7fcf83d8-55a4-5f31-a8b1-9355d3c60d5e,Galway City Mervue,21:00,,H91 FH52,53.281738,-9.0159443,Room 4,",Old Community Centre,Mervue Church,Mervue,Galway City",,Saturday,False,False,False,False,,,,Galway,Republic of Ireland,Republic of Ireland,Alcoholics Anonymous
ffd21240-a7ec-520f-9b5d-1c09f6034ead,Galway City Primary Purpose,18:15,,H91 X5P6,53.2821023,-9.0171052,C/O COPE Centre,"1 Walter Macken Place,Mervue,Galway City",,Monday,False,False,False,False,,Big Book,,Galway,Republic of Ireland,Republic of Ireland,Alcoholics Anonymous
68864399-ce90-580c-9d18-dc460cb7db33,Galway City Primary Purpose,18:15,,H91 X5P6,53.2821023,-9.0171052,C/O COPE Centre,"1 Walter Macken Place,Mervue,Galway City",,Wednesday,False,False,False,False,,,,Galway,Republic of Ireland,Republic of Ireland,Alcoholics Anonymous
2a0aaab8-8d66-5c13-909d-fc941c7f4dd9,Galway City Primary Purpose,20:00,,H91 X5P6,53.2821023,-9.0171052,C/O COPE Centre,"1 Walter Macken Place,Mervue,Galway City",,Thursday,False,False,False,False,,Steps,,Galway,Republic of Ireland,Republic of Ireland,Alcoholics Anonymous
f2bbdf0b-36fa-5c4e-a105-ee5bf50d455a,Galway City Room 7 Ozanam House,13:00,,H91 V2PV,53.283147,-9.0120582,Ozanam House,"13 St Augustine Street,Galway City",,Monday,False,False,False,False,,,To request link to online meeting email C17@alcoholicsanonymous.ie,Galway,Republic of Ireland,Republic of Ireland,Alcoholics Anonymous
07022d0f-533d-5fa9-b2bf-e5e8baef6b3d,Galway City Room 7 Ozanam House,13:00,,H91 V2PV,53.283147,-9.0120582,Ozanam House,"13 St Augustine Street,Galway City",,Tuesday,False,False,False,False,,,To request link to online meeting email C17@alcoholicsanonymous.ie,Galway,Republic of Ireland,Republic of Ireland,Alcoholics Anonymous
49363a61-6063-570c-8ba3-c2d4b1f5e013,Galway City Room 7 Ozanam House,13:00,,H91 V2PV,53.283147,-9.0120582,Ozanam House,"13 St Augustine Street,Galway City",,Wednesday,False,False,False,False,,Big Book,To request link to online meeting email C17@alcoholicsanonymous.ie,Galway,Republic of Ireland,Republic of Ireland,Alcoholics Anonymous
4526ebe5-7c35-50a4-a2ab-72367ddd3fbb,Galway City Room 7 Ozanam House,13:00,,H91 V2PV,53.283147,-9.0120582,Ozanam House,"13 St Augustine Street,Galway City",,Thursday,False,False,False,False,,Steps,To request link to online meeting email C17@alcoholicsanonymous.ie,Galway,Republic of Ireland,Republic of Ireland,Alcoholics Anonymous
5ec9db0c-8c2c-5005-9098-127a688a819a,Galway City Room 7 Ozanam House,13:00,,H91 V2PV,53.283147,-9.0120582,Ozanam House,"13 St Augustine Street,Galway City",,Friday,False,False,False,False,,,To request link to online meeting email C17@alcoholicsanonymous.ie,Galway,Republic of Ireland,Republic of Ireland,Alcoholics Anonymous
9cc23e18-fbf9-5dd3-bf85-5bde8693bd8e,Galway City Saturday Daytime 1Pm,13:00,,,53.2804847,-9.0468843,Bohermore Community Centre,"Bohermore,Galway City",,Saturday,False,False,False,False,,,,Galway,Republic of Ireland,Republic of Ireland,Alcoholics Anonymous
72eaf8be-9ce4-57d2-ab43-4f8b3de2cf4b,Galway City The Abbey,20:00,,H91 XKF4,53.2751085,-9.0549744,Diocesan Pastoral Centre,"Newtownsmith,Galway City",,Monday,False,False,False,False,,,,Galway,Republic of Ireland,Republic of Ireland,Alcoholics Anonymous
dbf83c3b-8aab-5a4d-9d3b-63fe50e7e11b,Galway City The Abbey,20:00,,H91 XKF4,53.2751085,-9.0549744,Diocesan Pastoral Centre,"Newtownsmith,Galway City",,Wednesday,False,False,False,False,,,,Galway,Republic of Ireland,Republic of Ireland,Alcoholics Anonymous
357de9ce-28e3-50b0-9443-2084a3d4ce39,Galway City Tir Na Nóg,22:00,,H91 H992,53.2723509,-9.0512706,,"4 St. Augustine Street,Youth Service,Galway City,Co. Galway",,Saturday,False,False,False,False,,,,Galway,Republic of Ireland,Republic of Ireland,Alcoholics Anonymous
3a375d37-480e-5313-bdab-87d0b13d9ccd,Galway City Tir Na Nóg,10:00,,H91 H992,53.2723509,-9.0512706,,"4 St. Augustine Street,Youth Service,Galway City,Co. Galway",,Sunday,False,False,False,False,,,,Galway,Republic of Ireland,Republic of Ireland,Alcoholics Anonymous
9898977e-2506-52fc-867b-96721e38b70f,Galway City Westside Tuesday,13:00,,H91 C1KX,53.2777415,-9.0737495,Westside Resource Centre,"Seamus Quirke Road,Galway City",,Tuesday,False,False,False,False,,,,Galway,Republic of Ireland,Republic of Ireland,Alcoholics Anonymous
d1872a8a-083a-5322-8f21-308461a8812b,Good Morning Oranmore,08:30,,H91 EVX4,53.2656398,-8.9311164,Oranmore Parish Office,"Oranmore Church Grounds,Oranmore,Co. Galway",,Thursday,False,False,False,False,,,,Galway,Republic of Ireland,Republic of Ireland,Alcoholics Anonymous
a367c4bc-c98d-5e3c-a821-bdf504ac9ea4,Good Morning Oranmore,08:30,,H91 EVX4,53.2656398,-8.9311164,Oranmore Parish Office,"Oranmore Church Grounds,Oranmore,Co. Galway",,Saturday,False,False,False,False,,,,Galway,Republic of Ireland,Republic of Ireland,Alcoholics Anonymous
aacb0957-baed-5e3a-a687-4d615bad8507,Kilmaine,20:30,,F31 RC95,53.5800266,-9.1198177,Kilmaine Community Centre,"Kilmaine,Co. Mayo",,Monday,False,False,False,False,,,,Galway,Republic of Ireland,Republic of Ireland,Alcoholics Anonymous
b38ccbbd-9869-58cc-bff5-2a0bea6088d0,Kinvara Saturday Morning,10:00,,H91 Y8PD,53.2355645,-8.7265891,Parochial Hall,"St. Joseph's Church,Kinvara,Co. Galway",,Saturday,False,False,False,False,,,,Galway,Republic of Ireland,Republic of Ireland,Alcoholics Anonymous
e3c7df92-ee8c-57b3-a30c-085204a5a669,Lettermore,20:30,,H91 A7D3,53.268784,-9.6626991,Tiernee Hall,"Tiernee,Lettermore,Co. Galway",,Friday,False,False,False,False,,,,Galway,Republic of Ireland,Republic of Ireland,Alcoholics Anonymous
7024352e-a153-5ae0-9852-d17f01bf7518,Recess,20:30,,H91 AE65,53.4644362,-9.716996,Old National School,"Ionad Phobail,Recess,Co. Galway",,Tuesday,False,False,False,False,,,,Galway,Republic of Ireland,Republic of Ireland,Alcoholics Anonymous
0c41d79d-a1a1-5803-bac4-448f581bc42c,Shrule,20:30,,H91 FF84,53.5226521,-9.0877891,Health Centre,"Dalgan Road,Shrule,Co. Mayo",,Wednesday,False,False,False,False,,,,Galway,Republic of Ireland,Republic of Ireland,Alcoholics Anonymous
bb71f157-54aa-5f91-a1fa-ec536859d0a7,Tully Inverin,20:30,,H91 H348,53.2374453,-9.4932637,Colaiste Chamuis (An Tulach),"Inverin,Co. Galway",,Thursday,False,False,False,False,,,June to August meeting start at 9.00pm,Galway,Republic of Ireland,Republic of Ireland,Alcoholics Anonymous
2cf0f22c-e52b-5f83-b82d-558b58eb4861,Abbeydorney Shanow Group,20:30,,V92 CK07,52.3459139,-9.6881648,St. Bernard's Day Chapel,"Montanagay,Abbeydorney,Co. Kerry",,Wednesday,False,False,False,False,,,,Kerry,Republic of Ireland,Republic of Ireland,Alcoholics Anonymous
85c1f01a-f41f-517d-b49d-e85446d200bd,Ballyduff,20:30,,V92 A2VC,52.4511289,-9.6635236,Bud's Family & Community Resource Centre,"Benmore,Ballyduff",,Tuesday,False,False,False,False,,,,Kerry,Republic of Ireland,Republic of Ireland,Alcoholics Anonymous
4cd6c3c9-d440-5a31-b89b-627f6e7631b1,Ballyduff,20:00,,V92 A2VC,52.4511289,-9.6635236,Bud's Family & Community Resource Centre,"Benmore,Ballyduff",,Sunday,False,False,False,False,,Steps,,Kerry,Republic of Ireland,Republic of Ireland,Alcoholics Anonymous
558b77b8-8571-5352-b812-d6f6b5294c0e,Ballyheigue,20:30,,V92 N225,52.3921231,-9.8423753,Kerryhead / Ballyheigue Family Resource Centre,"Sraid Thaidgh,Ballyheigue,Co. Kerry",,Friday,False,False,False,False,,,,Kerry,Republic of Ireland,Republic of Ireland,Alcoholics Anonymous
e9439ac7-afb4-597b-9128-1507b75e4c11,Ballyheigue,12:00,,V92 N225,52.3921231,-9.8423753,Kerryhead / Ballyheigue Family Resource Centre,"Sraid Thaidgh,Ballyheigue,Co. Kerry",,Sunday,False,False,False,False,,Steps,,Kerry,Republic of Ireland,Republic of Ireland,Alcoholics Anonymous
ed252f3d-16f2-5e54-933a-b3f5e33e6cf8,Ballylongford Serenity,20:30,,V31 KD88,52.5451193,-9.4791514,St. Oliver's National School,"Bridge Street,Ballylongford,Co. Kerry",,Thursday,False,False,False,False,,,,Kerry,Republic of Ireland,Republic of Ireland,Alcoholics Anonymous
208d321d-b868-5524-ab12-48183f9b0d0c,Castlegregory,20:30,,V92 YNC5,52.2554688,-10.0257502,Mina Hill Centre,"West Main Street,Castlegregory,Co. Kerry",,Wednesday,False,False,False,False,,,,Kerry,Republic of Ireland,Republic of Ireland,Alcoholics Anonymous
39d64bfb-31df-52ea-8aa8-4c9817ad8fc4,Castlegregory,20:30,,V92 YNC5,52.2554688,-10.0257502,Mina Hill Centre,"West Main Street,Castlegregory,Co. Kerry",,Saturday,False,False,False,False,,,,Kerry,Republic of Ireland,Republic of Ireland,Alcoholics Anonymous
1d42e500-f310-5291-9ef1-40516cde1b45,Dingle Lunch Time,13:00,,V92 AT18,52.1417033,-10.271975,The Presbytery,"St. Mary's Church,Green Street,Dingle,Co. Kerry",,Wednesday,False,False,False,False,,,,Kerry,Republic of Ireland,Republic of Ireland,Alcoholics Anonymous
1ef332a3-81bd-54b3-afb3-8551721cf16a,Dingle Lunch Time,13:00,,V92 AT18,52.1417033,-10.271975,The Presbytery,"St. Mary's Church,Green Street,Dingle,Co. Kerry",,Saturday,False,False,False,False,,Big Book,,Kerry,Republic of Ireland,Republic of Ireland,Alcoholics Anonymous
153b61bf-c413-5eb7-b6f3-b7567f47cdb1,Duagh AA Group,20:30,,V31 E196,52.4128407,-9.3856907,The Presbytery,"Duagh,Co. Kerry",,Thursday,False,False,False,False,,,,Kerry,Republic of Ireland,Republic of Ireland,Alcoholics Anonymous
91928010-8678-572a-b208-844e075b3923,Killorglin,20:30,,V93 YWH1,52.1083401,-9.7907488,An Sean Scoil,"School Road,Killorglin,Co. Kerry",,Tuesday,False,False,False,False,,,,Kerry,Republic of Ireland,Republic of Ireland,Alcoholics Anonymous
4f7f091e-6b85-53ac-a5f1-7266b53784ae,Killorglin,20:30,,V93 YWH1,52.1083401,-9.7907488,An Sean Scoil,"School Road,Killorglin,Co. Kerry",,Thursday,False,False,False,False,,,,Kerry,Republic of Ireland,Republic of Ireland,Alcoholics Anonymous
b3d7f2c4-5141-5fcb-85a5-4ff46397ccba,Killorglin,11:00,,V93 YWH1,52.1083401,-9.7907488,An Sean Scoil,"School Road,Killorglin,Co. Kerry",,Saturday,False,False,False,False,,,,Kerry,Republic of Ireland,Republic of Ireland,Alcoholics Anonymous
568104fc-4e15-50dd-96d9-fc85522141cf,Killorglin,11:00,,V93 YWH1,52.1083401,-9.7907488,An Sean Scoil,"School Road,Killorglin,Co. Kerry",,Sunday,False,False,False,False,,,,Kerry,Republic of Ireland,Republic of Ireland,Alcoholics Anonymous
12a818d0-6c64-5bbb-a7e9-4073af0179f1,Listowel Third Legacy,20:30,,V31 EC62,52.4504338,-9.4710214,Family Resource Centre,"John B. Keane Road,Listowel,Co. Kerry",,Wednesday,False,False,False,False,,,,Kerry,Republic of Ireland,Republic of Ireland,Alcoholics Anonymous
c943a24e-fbe6-5e07-9307-806d558e41b1,Listowel Third Legacy,11:00,,V31 EC62,52.4504338,-9.4710214,Family Resource Centre,"John B. Keane Road,Listowel,Co. Kerry",,Sunday,False,False,False,False,,Steps,,Kerry,Republic of Ireland,Republic of Ireland,Alcoholics Anonymous
ac605674-e118-5ebf-91bb-ea4c931cda30,Lixnaw,20:30,,V92 N625,52.4055886,-9.6169208,Presentation Convent,"Main Street,Lixnaw,Co. Kerry",,Tuesday,False,False,False,False,,,,Kerry,Republic of Ireland,Republic of Ireland,Alcoholics Anonymous
7c8b30f8-eb34-541b-98ed-eb0a110786f0,Lixnaw,20:30,,V92 N625,52.4055886,-9.6169208,Presentation Convent,"Main Street,Lixnaw,Co. Kerry",,Thursday,False,False,False,False,,Steps,,Kerry,Republic of Ireland,Republic of Ireland,Alcoholics Anonymous
e398e126-55c9-56af-ab2a-a45a1fd69791,Lixnaw,20:30,,V92 N625,52.4055886,-9.6169208,Presentation Convent,"Main Street,Lixnaw,Co. Kerry",,Sunday,False,False,False,False,,,,Kerry,Republic of Ireland,Republic of Ireland,Alcoholics Anonymous
c8330444-e8d5-5807-8546-f37ca731ff8a,Tralee Hope Group,10:00,,V92 X704,52.2683915,-9.7092554,Ozanam House,"9 Day Place,Tralee,Co. Kerry",,Monday,False,False,False,False,,,,Kerry,Republic of Ireland,Republic of Ireland,Alcoholics Anonymous
86369b73-e066-50ed-9f40-f22905444a37,Tralee Hope Group,18:30,,V92 X704,52.2683915,-9.7092554,Ozanam House,"9 Day Place,Tralee,Co. Kerry",,Monday,False,False,False,False,,,,Kerry,Republic of Ireland,Republic of Ireland,Alcoholics Anonymous
c7f095b2-b45c-5028-9daa-005cd0df1a67,Tralee Hope Group,10:00,,V92 X704,52.2683915,-9.7092554,Ozanam House,"9 Day Place,Tralee,Co. Kerry",,Tuesday,False,False,False,False,,,,Kerry,Republic of Ireland,Republic of Ireland,Alcoholics Anonymous
a1fb9acb-57f5-504b-8053-129f7dbf172d,Tralee Hope Group,18:30,,V92 X704,52.2683915,-9.7092554,Ozanam House,"9 Day Place,Tralee,Co. Kerry",,Wednesday,False,False,False,False,,,,Kerry,Republic of Ireland,Republic of Ireland,Alcoholics Anonymous
22530a04-c642-5c02-8222-c16f4a5d0bc7,Tralee Hope Group,10:00,,V92 X704,52.2683915,-9.7092554,Ozanam House,"9 Day Place,Tralee,Co. Kerry",,Thursday,False,False,False,False,,,,Kerry,Republic of Ireland,Republic of Ireland,Alcoholics Anonymous
ee0cdab5-8ffb-51ec-8a89-1bd6d960cb78,Tralee Hope Group,10:00,,V92 X704,52.2683915,-9.7092554,Ozanam House,"9 Day Place,Tralee,Co. Kerry",,Friday,False,False,False,False,,,,Kerry,Republic of Ireland,Republic of Ireland,Alcoholics Anonymous
789e6fd6-c46a-5b7f-b041-de6bed179c38,Tralee Hope Group,18:30,,V92 X704,52.2683915,-9.7092554,Ozanam House,"9 Day Place,Tralee,Co. Kerry",,Saturday,False,False,False,False,,,,Kerry,Republic of Ireland,Republic of Ireland,Alcoholics Anonymous
3845acd9-7ff4-54a8-8c62-d1e0e9d59820,Tralee Hope Group,18:30,,V92 X704,52.2683915,-9.7092554,Ozanam House,"9 Day Place,Tralee,Co. Kerry",,Sunday,False,False,False,False,,,,Kerry,Republic of Ireland,Republic of Ireland,Alcoholics Anonymous
fd56ede4-c5ff-5d4a-bd62-d6854ab8d6b9,Tralee Phoenix Group,13:00,,V92 Y336,52.2723012,-9.7145141,Cuman Iosaef,"Community Centre,Balloonagh,Cahersalee Road,Tralee,Co. Kerry",,Monday,False,False,False,False,,,"No  meetings on Bank Holidays.
Trad. meeting 2nd Monday of month.",Kerry,Republic of Ireland,Republic of Ireland,Alcoholics Anonymous
1c65ff7d-fe48-5775-93f8-fcd71df3be56,Tralee Phoenix Group,13:00,,V92 Y336,52.2723012,-9.7145141,Cuman Iosaef,"Community Centre,Balloonagh,Cahersalee Road,Tralee,Co. Kerry",,Tuesday,False,False,False,False,,,"No  meetings on Bank Holidays.
Trad. meeting 2nd Monday of month.",Kerry,Republic of Ireland,Republic of Ireland,Alcoholics Anonymous
490ae162-d33a-5115-bb1e-526dc052bfda,Tralee Phoenix Group,13:00,,V92 Y336,52.2723012,-9.7145141,Cuman Iosaef,"Community Centre,Balloonagh,Cahersalee Road,Tralee,Co. Kerry",,Wednesday,False,False,False,False,,Steps,"No  meetings on Bank Holidays.
Trad. meeting 2nd Monday of month.",Kerry,Republic of Ireland,Republic of Ireland,Alcoholics Anonymous
3779b71d-f781-5469-9e2c-a06e4574cf2e,Tralee Phoenix Group,13:00,,V92 Y336,52.2723012,-9.7145141,Cuman Iosaef,"Community Centre,Balloonagh,Cahersalee Road,Tralee,Co. Kerry",,Thursday,False,False,False,False,,,"No  meetings on Bank Holidays.
Trad. meeting 2nd Monday of month.",Kerry,Republic of Ireland,Republic of Ireland,Alcoholics Anonymous
1f3363bb-9b86-5f2d-9c8d-575fc5aae248,Tralee Phoenix Group,13:00,,V92 Y336,52.2723012,-9.7145141,Cuman Iosaef,"Community Centre,Balloonagh,Cahersalee Road,Tralee,Co. Kerry",,Friday,False,False,False,False,,,"No  meetings on Bank Holidays.
Trad. meeting 2nd Monday of month.",Kerry,Republic of Ireland,Republic of Ireland,Alcoholics Anonymous
b1ed45a2-bbed-5f06-9ee5-43b444dc4c42,Bray Vevay Group,20:30,,A98 D5Y2,53.1931844,-6.1051322,Our Lady Queen Of Peace Parish Centre,"Putland Road,Bray,Co. Wicklow",,Thursday,False,False,False,False,,,,Wicklow,Republic of Ireland,Republic of Ireland,Alcoholics Anonymous
507654ba-eaf7-5926-b330-16db6e4e154f,Enniskerry Group,20:00,,,53.1940558,-6.1751183,St. Mary's Church,"Enniskerry,Co. Wicklow,CHY7424",,Wednesday,False,False,False,False,,,,Wicklow,Republic of Ireland,Republic of Ireland,Alcoholics Anonymous
65d303e5-877d-5cb3-ba17-8510b587e2d5,Enniskerry Group,20:00,,,53.1940558,-6.1751183,St. Mary's Church,"Enniskerry,Co. Wicklow,CHY7424",,Saturday,False,False,False,False,,,,Wicklow,Republic of Ireland,Republic of Ireland,Alcoholics Anonymous
9cd420cc-5632-5ca4-98ec-45cb22877859,Glenealy Group,20:30,,A67 F858,52.9686658,-6.1443437,Community Hall,"Glenealy,Co. Wicklow",,Wednesday,False,False,False,False,,,,Wicklow,Republic of Ireland,Republic of Ireland,Alcoholics Anonymous
511423cd-33bb-5159-ae7c-ad8d9bec8dab,Laragh,20:30,,,53.00713,-6.30011,Brockagh Centre,"Laragh,Glendalough,Co. Wicklow",,Monday,False,False,False,False,,,,Wicklow,Republic of Ireland,Republic of Ireland,Alcoholics Anonymous
ff1ea8d2-0147-557e-99b2-b5ed00d2fb6a,Airdrie St Edward`S Afternoon,13:00,"2hr ",ML6 9PZ,55.861014,-3.965157,St Edward's Church Hall,"Lady Anne Crescent, Gartlea",,Monday,False,True,False,False,,,,,,Scotland,Alcoholics Anonymous
afc8d296-5f43-5777-a9e6-fc33bc498ea6,Bargeddie Keep It Simple,19:30,1hr 30mins,G69 7RG,55.856264,-4.078071,St Kevins Primary School,Langmuir Rd,,Tuesday,False,False,False,False,,,,,,Scotland,Alcoholics Anonymous
805943bf-5965-5b7a-a507-19d58596f87f,Birgidale Complex,20:00,1hr 40mins,G45 9LW,55.800794,-4.238608,Birgidale Complex,"10 Stravanan St, Castlemilk",,Wednesday,False,True,False,False,,,,,,Scotland,Alcoholics Anonymous
199087a3-956a-57aa-9dc6-29dc1cdcab0a,Cambuslang Monday 12 Steps & 12 Traditions Recovery,19:00,1hr 15mins,G72 7UP,55.810632,-4.1402102,Toil Pitch Pavillion,"21 Hamilton Rd, Cambuslang",,Monday,False,True,False,False,,,,,,Scotland,Alcoholics Anonymous
fc354c1f-f541-573e-8a6a-5bc2bd6f6aa5,Crieff Keep It Simple,19:00,1hr 30mins,PH7 3HR,56.369955,-3.842062,Crieff Cottage Hopsital,"King St, Mtg Is Located In The Day Room. Turn Right After Entering Main Foyer Through The Automatic Doors.",,Sunday,False,True,False,False,,,,,,Scotland,Alcoholics Anonymous
7db29e7c-7162-5aee-821a-70ef21bcfb98,Duntocher Big Book Study,19:30,1hr 30mins,G81 6DL,55.924152,-4.416737,St Mary's Church Hall,Chapel Rd,,Wednesday,False,False,False,False,,,,,,Scotland,Alcoholics Anonymous
2a1338bc-747b-580d-b4aa-65936faa4896,Forfar,20:00,1hr 30mins,DD8 2EG,56.644218,-2.887355,East Old Parish Church,38-40 East High St,,Monday,True,False,False,False,,,,,,Scotland,Alcoholics Anonymous
599dbea6-a762-5e52-8c21-c8b858223290,From The Ashes,19:00,"1hr ",ML12 6QZ,55.676419,-3.49153,Elsrickle Community Hub,"Carnwath Rd, Elsrickle",,Tuesday,False,True,False,False,,,,,,Scotland,Alcoholics Anonymous
1b09329a-c505-5552-9ff1-daccf7f14d96,Kilmarnock New Farm Loch,19:30,1hr 30mins,KA1 3NG,55.5971,-4.482586,Kirkstyle Campus,Carron Ave,,Thursday,False,False,False,False,,,,,,Scotland,Alcoholics Anonymous
c3b1c9a2-7c31-5f4c-8d8f-c98c1ef87b83,Perth Big Book,15:30,"1hr ",PH2 8EH,56.395304,-3.440206,Trinity Church Of The Nazarene,York Pl,,Wednesday,False,True,True,False,,,,,,Scotland,Alcoholics Anonymous
c0d68698-f0a4-5e8b-bf81-212c8b8dfc22,Pollok Peat Rd Recovery,19:00,"2hr ",G53 6DE,55.818732,-4.351351,Priesthill Urc Church,"160 Peat Rd, Pollok",,Tuesday,False,False,False,False,,,,,,Scotland,Alcoholics Anonymous
be413a24-59ea-54de-a3aa-11509becc6a0,Rutherglen Start Your Day,10:00,1hr 30mins,G73 1DU,55.829373,-4.213344,Reuther Hall,Victoria St (Next To Train Stn),,Thursday,False,True,False,False,,,,,,Scotland,Alcoholics Anonymous
dada0da5-2041-570f-aeeb-0f23168158b2,Stepps Odaat,20:00,1hr 45mins,G33 6FH,55.893954,-4.140062,Stepps Cultural Centre,10 Blenheim Ave,,Monday,False,True,False,False,,,,,,Scotland,Alcoholics Anonymous
8ef2041f-56c0-54ab-b52a-5dfa2dc576bf,Aberdeen Big Book Discussion,13:00,1hr 30mins,AB24 5QQ,57.16098,-2.094548,Linksfield Centre,8-10 Linksfield Place,,Monday,False,True,False,False,,,,Aberdeen and District,East of Scotland,Scotland,Alcoholics Anonymous
3ded8a57-6d93-5ec5-acb0-1379ce4b0ec1,Aberdeen Linksfield Centre,20:00,,AB24 5QQ,57.16098,-2.094548,Linksfield Centre,8-10 Linksfield Place,,Saturday,False,True,True,False,,,,Aberdeen and District,East of Scotland,Scotland,Alcoholics Anonymous
06f10411-a877-547f-ab51-bceee307dcbe,Cumbernauld Morning Power Hour,10:00,"1hr ",G67 1AX,55.951181,-3.985054,Muirfield Centre,"South Muirhead Rd, Seafar",,Tuesday,False,True,False,False,,,,Cumbernauld and District,Scotland,Scotland,Alcoholics Anonymous
9d1e70b7-a1fc-5b1d-9b83-9894e7ced41c,Dundee Living Sober,18:00,1hr 30mins,DD1 1PE,56.458575,-2.977262,Jericho House,36 Artillery Ln,,Wednesday,False,False,False,False,,,,Dundee and Area,East of Scotland,Scotland,Alcoholics Anonymous
8669b343-b80c-5d50-b98a-0d4f1d69c7ee,Dundee No 3,12:30,1hr 30mins,DD1 1EN,56.464456,-2.97097,,81 Meadowside,,Monday,False,True,False,False,,,,Dundee and Area,East of Scotland,Scotland,Alcoholics Anonymous
26e0a8b9-903c-546e-8229-a64e03428664,Dundee No3,12:30,1hr 30mins,DD1 1EN,56.464456,-2.97097,,81 Meadowside,,Wednesday,False,True,False,False,,,,Dundee and Area,East of Scotland,Scotland,Alcoholics Anonymous
c5d4a93b-4c0f-5b6a-b988-2450a4214b64,Dundee No3,12:30,1hr 30mins,DD1 1EN,56.464456,-2.97097,,81 Meadowside,,Thursday,False,True,False,False,,,,Dundee and Area,East of Scotland,Scotland,Alcoholics Anonymous
e01ec700-2d2e-5082-844f-d439d6c61e1e,Dundee No3,19:00,1hr 30mins,DD1 1EN,56.464456,-2.97097,,81 Meadowside,,Thursday,False,True,False,False,,,,Dundee and Area,East of Scotland,Scotland,Alcoholics Anonymous
c6dfc044-c962-59a8-a4f4-e9946551dffd,Dundee No3,12:30,1hr 30mins,DD1 1EN,56.464456,-2.97097,,81 Meadowside,,Friday,False,True,False,False,,,,Dundee and Area,East of Scotland,Scotland,Alcoholics Anonymous
23cda872-282e-5dd7-b147-f3dac3a3be98,Dundee No3,19:00,1hr 30mins,DD1 1EN,56.464456,-2.97097,,81 Meadowside,,Friday,False,True,False,False,,,,Dundee and Area,East of Scotland,Scotland,Alcoholics Anonymous
50eb6f8a-4114-520b-bb8e-310503d0fc5c,Dundee No3,12:30,1hr 30mins,DD1 1EN,56.464456,-2.97097,,81 Meadowside,,Saturday,False,True,False,False,,,,Dundee and Area,East of Scotland,Scotland,Alcoholics Anonymous
4195b62b-34bf-5742-b405-2ae4e3e9b765,Dundee No3,19:00,1hr 30mins,DD1 1EN,56.464456,-2.97097,,81 Meadowside,,Saturday,False,True,False,False,,,,Dundee and Area,East of Scotland,Scotland,Alcoholics Anonymous
a91ea26b-1c8a-5030-8e6a-72afa0337f24,Dundee No3,11:00,1hr 30mins,DD1 1EN,56.464456,-2.97097,,81 Meadowside,,Sunday,False,True,False,False,,,,Dundee and Area,East of Scotland,Scotland,Alcoholics Anonymous
7af88e90-d9a3-5e7b-8866-0b00bc91fde3,Dundee No3,12:30,1hr 30mins,DD1 1EN,56.464456,-2.97097,,81 Meadowside,,Tuesday,False,True,False,False,,,,Dundee and Area,East of Scotland,Scotland,Alcoholics Anonymous
a11ca073-589b-5496-a1eb-ad68c7b1cbe8,1St Edinburgh,20:00,1hr 30mins,EH3 9DJ,55.945131,-3.201247,Church Of The Sacred Heart,28 Lauriston St (Enter By Blue Door),,Tuesday,False,True,False,False,,,,Edinburgh and Midlothian,Scotland,Scotland,Alcoholics Anonymous
4bef0c4d-0060-5c65-a8e5-d9041d9cc518,Edinburgh Tribe Within The Tribe,18:00,"1hr ",EH8 8BE,55.950908,-3.184036,The Crannie,9 Cranston St,,Sunday,False,False,False,False,,,,Edinburgh and Midlothian,Scotland,Scotland,Alcoholics Anonymous
28b63e03-1e4b-52a8-a7b5-04f76f47e80d,West End,20:00,1hr 30mins,EH12 5AA,55.94727,-3.215853,Palmerston Place Church,10 Palmerston Place,,Monday,False,False,False,False,,,,Edinburgh and Midlothian,Scotland,Scotland,Alcoholics Anonymous
4633e049-4ddd-5db8-b17f-4d362cd7cce1,West End,20:00,1hr 30mins,EH12 5AA,55.94727,-3.215853,Palmerston Place Church,10 Palmerston Place,,Wednesday,False,False,False,False,,,,Edinburgh and Midlothian,Scotland,Scotland,Alcoholics Anonymous
d23eccff-bccf-5076-8735-3d666bfe190a,West End,13:00,"1hr ",EH12 5AA,55.94727,-3.215853,Palmerston Place Church,10 Palmerston Place,,Wednesday,False,False,False,False,,,,Edinburgh and Midlothian,Scotland,Scotland,Alcoholics Anonymous
cdc6a4d7-54eb-53f6-8d29-64ac726fecc1,West End,13:00,"1hr ",EH12 5AA,55.94727,-3.215853,Palmerston Place Church,10 Palmerston Place,,Thursday,False,False,False,False,,,,Edinburgh and Midlothian,Scotland,Scotland,Alcoholics Anonymous
ff1101dc-e6fd-5b90-a42b-eafb62070a98,West End,20:00,1hr 30mins,EH12 5AA,55.94727,-3.215853,Palmerston Place Church,10 Palmerston Place,,Thursday,False,False,False,False,,,,Edinburgh and Midlothian,Scotland,Scotland,Alcoholics Anonymous
8f77217b-180c-58eb-b9fa-f9f06b21da9e,West End,13:00,"1hr ",EH12 5AA,55.94727,-3.215853,Palmerston Place Church,10 Palmerston Place,,Friday,False,False,False,False,,,,Edinburgh and Midlothian,Scotland,Scotland,Alcoholics Anonymous
ad5476df-0555-53cb-87a6-a63f734805e3,West End,11:00,1hr 15mins,EH12 5AA,55.94727,-3.215853,Palmerston Place Church,10 Palmerston Place,,Saturday,False,False,False,False,,,,Edinburgh and Midlothian,Scotland,Scotland,Alcoholics Anonymous
adcb691a-3a12-5f96-b0d7-757206a6086e,West End,13:00,"1hr ",EH12 5AA,55.94727,-3.215853,Palmerston Place Church,10 Palmerston Place,,Monday,False,False,False,False,,,,Edinburgh and Midlothian,Scotland,Scotland,Alcoholics Anonymous
220a4950-db6d-564a-a2ac-cdf08e912eab,West End,13:00,"1hr ",EH12 5AA,55.94727,-3.215853,Palmerston Place Church,10 Palmerston Place,,Tuesday,False,False,False,False,,,,Edinburgh and Midlothian,Scotland,Scotland,Alcoholics Anonymous
720b2e73-088a-56c1-9478-52da646ad0a5,West End,20:00,1hr 30mins,EH12 5AA,55.94727,-3.215853,Palmerston Place Church,10 Palmerston Place,,Friday,False,False,False,False,,,,Edinburgh and Midlothian,Scotland,Scotland,Alcoholics Anonymous
1ca5bd4d-7e29-5c71-947b-ee0c77973514,West End Step,20:00,1hr 30mins,EH12 5AA,55.94727,-3.215853,Palmerston Place Church,10 Palmerston Place,,Tuesday,False,False,False,False,,,,Edinburgh and Midlothian,Scotland,Scotland,Alcoholics Anonymous
f60082f8-4813-5b34-979d-87aa4a4662fd,Inverkeithing Mediatation & Prayer,20:00,"1hr ",KY11 1LJ,56.03138,-3.397592,Inverkeithing Baptist Church,Church St,,Monday,False,False,False,False,,,,Fife,East of Scotland,Scotland,Alcoholics Anonymous
f31b7415-1393-54e8-b44d-702eba00f72b,Falkirk Carron Afternoon,14:00,1hr 30mins,FK2 8SN,56.022708,-3.789808,Carron Free Church Of Scotland,"Beaumont Drive, New Carron, Temporarily Closed - 07/12/21",,Wednesday,False,True,False,False,,,,Forth Valley,Scotland,Scotland,Alcoholics Anonymous
256f8363-4dfd-51ae-9767-22c708b8b152,Grangemouth Courage To Change Big Book,20:00,1hr 30mins,FK3 9JB,56.014958,-3.716745,Grangemouth Sports Complex,"Community Education Unit,, Abbots Rd",,Tuesday,False,False,False,False,,,,Forth Valley,Scotland,Scotland,Alcoholics Anonymous
dc6113d7-7440-5f39-9edc-dd96adc8c56f,Grangemouth Steps & Traditions,20:00,1hr 30mins,FK3 8JB,56.011548,-3.720613,The Sports Complex,"Swimming Pool, Abbots Rd",,Thursday,False,True,False,False,,,,Forth Valley,Scotland,Scotland,Alcoholics Anonymous
9127be82-cfd1-5ff5-b634-abb83ff7066c,Cambuslang Courage To Change,20:00,1hr 30mins,G72 8PX,55.81348,-4.162311,Kirkhill Church Hall,4 Cairns Rd,,Saturday,False,True,False,False,,,,Glasgow East,Glasgow,Scotland,Alcoholics Anonymous
88eab5a1-f937-5a34-b49a-334adfe9a20a,Auchinairn,20:00,1hr 30mins,G64 1RX,55.896914,-4.226771,,"13 Auchinairn Rd, Bishopbriggs",,Wednesday,False,True,False,False,,,,Glasgow North West,Glasgow,Scotland,Alcoholics Anonymous
2d943a3f-8a51-5193-8de5-2b09f2b157e1,Clydebank Easier And Softer Way,20:00,"1hr ",G81 1BL,55.90173,-4.405902,New Beginning Rms,45B Kilbowie Rd,,Thursday,False,True,False,False,,,,Glasgow North West,Glasgow,Scotland,Alcoholics Anonymous
14eb4f07-d6ff-5949-b8e1-bd36f6068fba,Partick Great Reality,18:00,"1hr ",G12 9AR,55.876893,-4.294114,Kelvinside Hillhead Church,Saltoun St/Observatory Rd,,Tuesday,False,False,False,False,,,,Glasgow North West,Glasgow,Scotland,Alcoholics Anonymous
a4c519ec-1c57-592b-9dd0-2d939b0f9aa5,Ruchill Morning Young People  (Non-Restrictive),11:00,1hr 45mins,G20 8TH,55.886669,-4.283339,Ruchill Parish Church,"15 Shakespeare St, (Opp Mcdonald's Car Park)",,Saturday,True,False,True,False,,,,Glasgow North West,Glasgow,Scotland,Alcoholics Anonymous
eb52ac56-3a57-5041-a4f2-55ad62e7edc9,Inverness Friars St,12:30,1hr 15mins,IV1 1RJ,57.480817,-4.230725,Church Of God,Friars St,,Friday,False,True,False,False,,,,Inverness and District,Highland and Islands,Scotland,Alcoholics Anonymous
b4330721-74d3-5a54-a71c-08ac17ff6144,Inverness Friars St,12:30,1hr 15mins,IV1 1RJ,57.480817,-4.230725,Church Of God,Friars St,,Tuesday,False,True,False,False,,,,Inverness and District,Highland and Islands,Scotland,Alcoholics Anonymous
12e4dc2f-aadc-513b-b396-299662ee676f,Inverness Just Stay,12:30,1hr 15mins,IV1 1RJ,57.480817,-4.230725,Church Of God,Friars St,,Wednesday,False,False,False,False,,,,Inverness and District,Highland and Islands,Scotland,Alcoholics Anonymous
96f761f5-8c7e-5eab-8f7a-7816fd6d570a,Inverness St Ninians,20:00,,IV2 4AN,57.469854,-4.219683,St Ninians Rc Church Hall,Culduthel Rd,,Friday,False,True,False,False,,,,Inverness and District,Highland and Islands,Scotland,Alcoholics Anonymous
0aef682e-69bc-5044-8938-0200e9a0e626,Bellshill,20:00,1hr 15mins,ML4 3DP,55.819006,-4.032501,West Church,Main St (Next To Swimming Baths),,Sunday,True,True,False,False,,,,Lanarkshire,Scotland,Scotland,Alcoholics Anonymous
d6282e36-ae75-5861-b3d7-96873635a703,East Kilbride Beyond Belief,19:30,1hr 30mins,G74 4HG,55.765837,-4.173825,East Mains Baptist Church,12 Maxwell Drive,,Monday,False,False,False,False,,,,Lanarkshire,Scotland,Scotland,Alcoholics Anonymous
d0907d76-8caf-5783-8e07-b8ea7f7ee7fb,East Kilbride Newcomers,20:00,1hr 30mins,G74 4HG,55.765837,-4.173825,East Mains Baptist Church,12 Maxwell Drive,,Thursday,False,True,False,False,,,,Lanarkshire,Scotland,Scotland,Alcoholics Anonymous
5f23ccba-ffe0-5e5d-bb68-8273723464a8,Airdrie Meditation,19:30,1hr 30mins,ML6 6DE,55.866546,-3.975505,Cairnlea Church,127-129 Graham St,,Sunday,False,True,False,False,,,,Monklands,Glasgow,Scotland,Alcoholics Anonymous
8bd5c936-ce5e-53f0-b0c1-f576aacb035d,Dreghorn,20:00,,KA11 4EQ,55.60873,-4.61902,Townend Community Centre,Townfoot,,Wednesday,False,True,False,False,,,,North and East Ayrshire,South West Scotland,Scotland,Alcoholics Anonymous
4c1343be-c764-59b5-a8c1-b627bd7a2c95,Kilmarnock Big Book Study,19:30,1hr 30mins,KA1 1BL,55.609698,-4.499527,East Ayrshire Recovery Hub,3-9 John Finnie St,,Tuesday,False,True,False,False,,,,North and East Ayrshire,South West Scotland,Scotland,Alcoholics Anonymous
ca5fe2cf-32ea-58bd-8df3-9f98cc772a63,Elderslie Afternoon,14:00,"2hr ",PA5 9AZ,55.837998,-4.476073,Elderslie Scout Group Hall,101 Main Rd,,Sunday,False,False,False,False,,,,Paisley and District,South West Scotland,Scotland,Alcoholics Anonymous
6edb7949-4a9e-5e64-b3fa-b0a72a29f0f6,Penarth Step & Tradition,20:00,"1hr ",CF64 2EX,51.437413,-3.177472,Penarth Methodist Church,Woodland Place,,Tuesday,False,True,False,False,,,,,,Wales,Alcoholics Anonymous
fcf7ae2e-d204-507a-b2f6-f182393e1b3f,Swansea Ystalyfera - How It Works,19:00,"1hr ",SA9 2HR,51.765693,-3.786939,Ystalyfera Development Trust,22 Commercial St,,Wednesday,False,False,False,False,,,,,,Wales,Alcoholics Anonymous
f8ecb292-8dd5-5661-a97d-cf1abc765678,Trawsfynydd Surrender,19:30,1hr 30mins,LL41 4UB,52.903225,-3.923235,St Madryn's Church Hall,Trawsfynydd,,Thursday,False,True,True,False,,,,,,Wales,Alcoholics Anonymous
3804d18a-38a0-5ad3-ae37-32ec6025fa8c,Cardiff,20:00,"1hr ",CF5 1LQ,51.479728,-3.206686,Canton Uniting Church,Theobald Rd.,,Friday,False,True,False,False,,,,Cardiff and District,Wales and Borders,Wales,Alcoholics Anonymous
61554274-ac9a-5d16-aee2-6fb2bd6600c1,Cardiff Lunchtime,13:00,"1hr ",CG5 1LQ,51.4818086,-3.2057011,Canton Uniting Church,Theobald Rd,,Friday,False,True,False,False,,,,Cardiff and District,Wales and Borders,Wales,Alcoholics Anonymous
2b06edba-a10f-5a9a-9d00-6f4869f313ee,Cardiff Theobald Road,13:00,"1hr ",CF5 1LQ,51.479728,-3.206686,Canton Uniting Church,Theobald Rd.,,Thursday,False,False,False,False,,,,Cardiff and District,Wales and Borders,Wales,Alcoholics Anonymous
374ec4ff-698a-532a-a6a9-59be219e91f6,Cardiff Theobald Road,13:00,"1hr ",CF5 1LQ,51.479728,-3.206686,Canton Uniting Church,Theobald Rd.,,Monday,False,True,False,False,,,,Cardiff and District,Wales and Borders,Wales,Alcoholics Anonymous
86f4d570-6208-513b-82d5-6dddecc779ff,Cardiff Young Persons,18:30,"1hr ",CF10 3QN,51.488406,-3.177461,Cardiff University Students Union,"Park Place, Room 3E",,Friday,False,True,False,False,,,,Cardiff and District,Wales and Borders,Wales,Alcoholics Anonymous
09c22103-1731-5239-b463-8efb3603cb66,Bangor,19:30,1hr 30mins,LL57 1UL,53.228043,-4.123812,Bwyd Da Bangor,275 High St,,Monday,False,True,True,False,,,,North West Wales,Wales and Borders,Wales,Alcoholics Anonymous
0502212f-9e20-5571-bfcb-34de1a0b3147,Bridgend Cornelly,19:30,"1hr ",CF33 4LB,51.520986,-3.705013,North Cornelly Methodist Church,5 Heol Fach,,Thursday,False,True,False,False,,,,Swansea and District,Wales and Borders,Wales,Alcoholics Anonymous
d88dfeaf-51ed-5237-948c-4f01b31dcce1,Llanelli There Is A Solution,19:30,"1hr ",SA15 3DQ,51.686416,-4.151195,The Salvation Army,Sunninghill Terrace,,Monday,False,False,False,False,,,,Swansea and District,Wales and Borders,Wales,Alcoholics Anonymous
ce06f77a-7349-58db-b651-f82bc14f9c3d,Port Talbot St Marys Big Book,18:00,"1hr ",SA12 6DZ,51.596385,-3.787361,St Mary's Centre,"St Mary's Church, St Mary's Pl",,Sunday,False,True,False,False,,,,Swansea and District,Wales and Borders,Wales,Alcoholics Anonymous
a220a1c0-3565-58fc-8737-eb2cca6405a7,Swansea Christ Church Beginners,19:30,"1hr ",SA1 3UE,51.614806,-3.952169,Christ Church Hall,"Rodney St, Sandfields",,Sunday,False,True,False,False,,,,Swansea and District,Wales and Borders,Wales,Alcoholics Anonymous
30694e7b-2a59-57de-b670-f663aaf53d50,A New Way Of Life,19:00,1hr 30mins,TN33 0AN,50.914555,0.489741,St Mary’S Church,"Upper Lake,Battle",,Tuesday,False,False,False,True,This meeting is open and anyone may attend.,"In-person,Open,Speaker",,,,England,Cocaine Anonymous
60ad60a2-ff57-52c8-976a-df6ec7318a20,A Vision For You,19:00,1hr,PL1 2AQ,50.368,-4.140121,Unitarian Church,Notte St,,Thursday,False,True,True,True,This meeting is open and anyone may attend.,"In-person,Open,Speaker,Wheelchair Access","This meeting is temporary shut on the 28th of March, and will resume back to normal the following week
Chit system
Open meeting on request",,,England,Cocaine Anonymous
75c2ef67-1b92-57ff-af5b-6a3c29469649,Big Book Audio,19:00,1hr,SP2 7RG,51.068999,-1.798819,United Reformed Church,30 Fisherton St,,Friday,False,False,False,False,This meeting is closed; only those who have a desire to stop using may attend.,"In-person,12 Steps & 12 Traditions,Big Book,Closed,Literature,Newcomer,Speaker,Step Meeting,Tradition Study",,,,England,Cocaine Anonymous
f13b7595-65f7-5620-9f07-809e11c06f1d,Big Book Study & Speaker Meeting,19:30,1hr,CH65 0AT,53.278858,-2.901932,Trinity Methodist Church,Whitby Rd,,Thursday,False,False,True,True,This meeting is open and anyone may attend.,"In-person,Big Book,Discussion,Open,Speaker","Chit
On site parking
To access the meeting enter through the black gate on the far right hand side of building.
Big Book Study, with a speaker every fourth week.",,,England,Cocaine Anonymous
55fd689b-c0fd-584e-96f2-16e7d4f6e125,CA Murton,18:00,1hr 30mins,SR7 9BX,54.815242,-1.381096,Glebe Centre Durham Place Murton Co.Durham SR7 9BX,"Durham Place,Murton,Seaham",,Monday,False,False,True,True,This meeting is open and anyone may attend.,"In-person,Newcomer,Open,Speaker","Chit
On site parking",,,England,Cocaine Anonymous
d2a309a3-079b-5c8a-a569-67f325a39b73,Cocaine Anonymous,19:00,1hr 30mins,CW12 4BA,53.1623,-2.21457,Nelson Room,"Trinity Methodist Church, Wagg St",,Wednesday,False,False,False,False,,"In-person,12 Steps & 12 Traditions,Big Book,Step Meeting",On-site parking,,,England,Cocaine Anonymous
f756541f-86b2-590c-8bd2-498e789adc85,Cocaine Anonymous,18:00,1hr,CT16 1PF,51.126138,1.314205,The Beehive,Stembrook St,,Wednesday,False,False,True,False,This meeting is closed; only those who have a desire to stop using may attend.,"In-person,Big Book,Child-Friendly,Closed,Discussion,Women","CHIT Supported
Car park(s) nearby",,,England,Cocaine Anonymous
92ae9e9d-5c9f-5acc-87f2-ecc7f5ff6016,Cocaine Anonymous,19:30,1hr 15mins,PE30 1PH,52.757889,0.401812,The Purfleet Trust,"Austin Fields,King's Lynn",,Friday,False,False,True,False,,"In-person,Big Book,Child-Friendly,Newcomer,Speaker","Chit
On site parking
Please use side entrance off of carpark",,,England,Cocaine Anonymous
3729e116-ec78-5bd0-906b-37e8d5460bf4,Cocaine Anonymous,18:30,1hr,NG24 2DP,53.086749,-0.796398,"St Leoanard's Church, 86 Lincoln Road,Newark NG24 2DP,","86 Lincoln Rd,Newark-On-Trent,Newark",,Friday,False,True,False,True,This meeting is open and anyone may attend.,"In-person,Big Book,Literature,Newcomer,Open,Speaker,Wheelchair Access",On site parking,,,England,Cocaine Anonymous
1b1ae29e-4298-5d9e-a519-494abaeb05a7,Cocaine Anonymous Aylesbury,19:00,1hr 15mins,HP21 7UE,51.805316,-0.785616,Church Of The Holy Spirit,71A Camborne Ave,,Friday,False,False,True,True,This meeting is open and anyone may attend.,"In-person,Child-Friendly,Open,Speaker","Chit system
No dogs are allowed in the meeting",,,England,Cocaine Anonymous
ac3f9e42-1a0b-5adc-8263-48a4f9cc2366,Goffs Oak Gratitude Newcomers,19:30,1hr 30mins,EN7 5SN,51.712795,-0.090419,Goffs Oak Methodist Church,"Newgatestreet Rd,Goff's Oak,Waltham Cross",,Tuesday,False,False,False,False,,"In-person,Newcomer",On site parking,,,England,Cocaine Anonymous
089dbb8b-b025-5600-b061-e4fb40bdfd69,Happy Hour,17:00,1hr,PL1 2AQ,50.368,-4.140121,Unitarian Church,Notte St,,Sunday,False,True,True,True,This meeting is open and anyone may attend.,"In-person,Newcomer,Open,Speaker,Wheelchair Access","Chit
On site parking
Rotating format - share, topic, share, ask it basket - no pets/no children",,,England,Cocaine Anonymous
0b30b948-993d-5a4f-a365-4e2a234ac45d,Milton Keynes Recovery Rocks,20:00,1hr,MK11 1JQ,52.054599,-0.848307,York House,"London Rd, Stony Stratford",,Wednesday,False,False,False,False,,In-person,Car park(s) nearby,,,England,Cocaine Anonymous
ce2ac806-e1a4-5131-8ad7-ad8c7b0087fc,New Way Of Life,19:30,1hr 30mins,TN33 0AN,50.914555,0.489741,St Mary’S Church,"Upper Lake,Battle",,Tuesday,False,False,False,True,This meeting is open and anyone may attend.,"In-person,Online,Newcomer,Open","Zoom link: <a href='tel:08000053902' target='_blank'>tel:08000053902</a>
Christmas & New Years Information:
24/12/2024: OPEN
31/12/2024: OPEN",,,England,Cocaine Anonymous
9eb7beb1-1e79-56bf-b887-a6abda349564,Open H&I Hastings,17:30,1hr,TN34 1NY,50.855252,0.581115,"Thrift House, 13 Wellington Pl, Hastings TN34 1NY","21 Wellington Square,Hastings",,Monday,False,False,False,True,This meeting is open and anyone may attend.,"In-person,Newcomer,Open,Speaker",,,,England,Cocaine Anonymous
8e403d37-d903-5af3-be04-e7e435b6e340,Open H&I Step 1 RSCH,19:00,1hr,BN2,50.835201,-0.0802082,"Seminar Room, Level 9, Thomas Kemp Tower","Eastern Rd,Kemptown,Brighton And Hove,Brighton",,Wednesday,False,False,False,True,This meeting is open and anyone may attend.,"In-person,Open","Christmas & New Years Information:
25/12/2024: OPEN",,,England,Cocaine Anonymous
bc42e1b3-1bc0-532d-8148-247f622b5a82,Principles & Experience Strength And Hope,19:30,1hr 30mins,BN10 8RE,50.790903,0.009155,Peacehaven Evangelical Free Church Hall,Entrance On Mayfield Ave,,Tuesday,False,False,False,True,This meeting is open and anyone may attend.,"In-person,Online,Literature,Newcomer,Open","Zoom link: <a href='tel:08000053902' target='_blank'>tel:08000053902</a>
Principles meeting &
Experience Strength and Hope once a month
Entrance at top of Mayfield Avenue",,,England,Cocaine Anonymous
6cd48520-bfe6-549f-bb26-35cc48d7bc91,Rise And Shine,07:30,1hr,BN22 7RY,50.784262,0.304544,St Andrews Parish Hall,"Seaside,Eastbourne",,Saturday,False,False,False,True,This meeting is open and anyone may attend.,"In-person,Online,Big Book,Newcomer,Open,Speaker",Zoom link: <a href='tel:08000053902' target='_blank'>tel:08000053902</a>,,,England,Cocaine Anonymous
f2347f11-1d7d-519b-a707-1df079208c54,Road To Recovery,17:00,1hr 30mins,EN6 4LN,51.707189,-0.117826,"Life Church Cuffley, King James Avenue, Cuffley, EN6 4LN","King James Ave,Cuffley,Potters Bar",,Sunday,False,True,False,True,This meeting is open and anyone may attend.,"In-person,Open,Wheelchair Access",On site parking,,,England,Cocaine Anonymous
4a2a5808-1bca-55ce-a996-31af241239fb,Salisbury Newcomers Meeting,19:00,1hr 40mins,SP1 1BA,51.069338,-1.797005,St Thomas’S Church,"St Thomas's Square,St Thomas Square,Salisbury",,Sunday,False,True,False,True,This meeting is open and anyone may attend.,"In-person,Online,Literature,Newcomer,Open,Speaker,Wheelchair Access","Zoom link: <a href='https://zoom.us/j/927747358' target='_blank'>https://zoom.us/j/927747358</a>
Hybrid meeting
Zoom Meeting ID: 927 747 358
No password needed",,,England,Cocaine Anonymous
cf4af1be-969c-581a-bc46-28758239a29e,Steps & Traditions,18:30,1hr,BN1,50.876786,-0.1262901,St Michaels & All Angels,"Victoria Rd,Brighton,Brighton And Hove,Brighton",,Tuesday,False,True,False,True,This meeting is open and anyone may attend.,"In-person,Online,12 Steps & 12 Traditions,English,Newcomer,Open,Speaker,Tradition Study,Wheelchair Access","Zoom link: <a href='tel:08000053902' target='_blank'>tel:08000053902</a>
Christmas & New Years Information:
24/12/2024: OPEN",,,England,Cocaine Anonymous
61928dfe-6e26-5d2c-8ed0-9b149cee67b6,The Steps We Took,19:30,1hr,BN17 5EG,50.809923,-0.543474,Littlehampton United Church,1 High St,,Tuesday,False,False,False,True,This meeting is open and anyone may attend.,"In-person,Online,Newcomer,Open","Zoom link: <a href='tel:08000053902' target='_blank'>tel:08000053902</a>
Christmas & New Years Information:
24/12/2024: OPEN
31/12/2024: OPEN",,,England,Cocaine Anonymous
f58fc08b-edac-5d59-8066-7a910f813b30,There Is A Solution-Skegby,19:30,1hr 15mins,NG17 3DX,53.143044,-1.25678,"Skegby Methodist Church,","Methodist Church,153 Mansfield Rd,Skegby,Sutton-In-Ashfield",,Wednesday,False,False,True,True,This meeting is open and anyone may attend.,"In-person,Big Book,Child-Friendly,Newcomer,Open,Speaker,Step Meeting","New Meeting: Starts 08/05/2024
Parking on site
CHIT System",,,England,Cocaine Anonymous
53db123d-c133-5497-a455-24b6b252b43e,There's Hope In Hackbridge,17:00,1hr 15mins,SM6 7HF,51.380618,-0.155967,Hackbridge Christian Spiritualist Church,"Hackbridge Hall,London Rd,Hackbridge,Wallington",,Saturday,False,True,False,True,This meeting is open and anyone may attend.,"In-person,Open,Wheelchair Access",,,,England,Cocaine Anonymous
798f7d56-15a7-5dfd-99d7-fcecb3c6055a,We Are Not A Glum Lot,13:00,1hr 15mins,LU1,51.8621011,-0.4174763,Strathmore Avenue Methodist Church,"43 Strathmore Ave,Luton",,Monday,False,False,False,True,This meeting is open and anyone may attend.,"In-person,Open",,,,England,Cocaine Anonymous
ecb6f847-2160-54e9-8b61-aec249cc447d,We Can Recover Open H&I,12:30,1hr,BN2 3FT,50.837064,-0.126843,"CGL, Richmond House","D'aubigny Rd,Brighton And Hove,Brighton",,Monday,False,True,False,True,This meeting is open and anyone may attend.,"In-person,Online,Newcomer,Open,Speaker,Wheelchair Access","Zoom link: <a href='tel:08000053902' target='_blank'>tel:08000053902</a>
Open H&I Brighton CGL",,,England,Cocaine Anonymous
29b08e59-f038-5f8c-91d5-305fe4da576e,Well In CA,19:30,1hr 30mins,AL8 6SP,51.799006,-0.215513,Friends Meeting House,109 Handside Lane,,Wednesday,False,False,False,True,This meeting is open and anyone may attend.,"In-person,Candlelight,Open",,,,England,Cocaine Anonymous
c3ba9bbd-88a1-55f4-a503-5c8ff26f8897,Cocaine Anonymous Ballymena,19:00,1hr,BT42 2BQ,54.857088,-6.276532,Carson Project,"176 Queen St,Ballymena",,Sunday,False,False,False,False,This meeting is closed; only those who have a desire to stop using may attend.,"In-person,Closed",Please use back entrance,Antrim,Northern Ireland,England,Cocaine Anonymous
7f00b285-604d-5682-8a35-bc442f577c1d,The Bridge From Ship To Shore,19:30,1hr 30mins,BT4 1AF,54.598614,-5.899243,Skainos Centre,"239 Newtownards Road,Belfast,Co. Antrim",,Wednesday,False,False,False,False,,"In-person,Newcomer,Speaker",Doors open at 19:00,Antrim,Northern Ireland,England,Cocaine Anonymous
c0c7f0d7-781b-5ad0-84c1-96ddbd4711aa,Cocaine Anonymous,20:00,2hrs,BT61 7QX,54.35116,-6.65796,Missionaries Of Charity,"19A Cathedral Road,Armagh,Co. Armagh",,Thursday,False,False,False,False,This meeting is closed; only those who have a desire to stop using may attend.,"In-person,Closed",On site parking,Armagh,Northern Ireland,England,Cocaine Anonymous
4cf60ad3-71ec-5a77-818f-11557e5e251b,Birmingham Newcomer Meeting,19:30,1hr,B5 5TH,52.477386,-1.890563,The Warehouse,"The Warehouse,54-57 Allison St,Birmingham",,Tuesday,False,False,False,True,This meeting is open and anyone may attend.,"In-person,Open",Doors open at 7pm,Birmingham,Midlands,England,Cocaine Anonymous
55b19f6a-744a-5027-ac72-0d5fc076ddf3,Entire Abstinence,20:00,1hr 15mins,B37 6HY,52.490786,-1.751338,St. Antonys Church,"Oakthorpe Dr,Birmingham",,Saturday,False,False,False,False,,"In-person,Big Book",,Birmingham,Midlands,England,Cocaine Anonymous
1fe61293-5532-5139-9e05-5265077cb6bb,The Way Out,20:15,1hr,B91 3QE,52.413698,-1.78105,St Augustins Catholic Church,"1 Herbert Rd,Solihull",,Wednesday,False,False,False,True,This meeting is open and anyone may attend.,"In-person,Big Book,Newcomer,Open",,Birmingham,Midlands,England,Cocaine Anonymous
c5ed9244-82f1-5618-a8ed-1c288be07769,Hope Faith And Courage,07:00,1hr 5mins,BH1 4NB,50.731159,-1.838081,"""R"" Hub","Station Approach,Bournemouth",,Wednesday,False,True,True,True,This meeting is open and anyone may attend.,"In-person,Online,Open,Wheelchair Access","Zoom link: <a href='https://zoom.us/j/3402659813' target='_blank'>https://zoom.us/j/3402659813</a>
Zoom Meeting ID: 340 265 9813
No password needed
Chit system
Doors open 06:30",Bournemouth District,South West,England,Cocaine Anonymous
f2bbd031-948a-51df-bce4-59bf97f80309,Experience Strength & Hope,18:30,1hr,BN3 3PB,50.831232,-0.166001,Vicarage Office,"All Saints Church, Wilbury Rd",,Saturday,False,False,False,False,,In-person,,Brighton Area,South East,England,Cocaine Anonymous
d4006d5a-3e84-57b3-85f6-4a505693219c,Prayer And Meditation,18:30,1hr,BN1 1UF,50.823502,-0.139568,Brighton Unitarian Church,"New Rd,Brighton",,Wednesday,False,False,False,False,,"In-person,11th Step Meditation,Meditation","Christmas & New Years Information:
25/12/2024: CLOSED",Brighton Area,South East,England,Cocaine Anonymous
2344a7e2-121d-5338-9aa8-0c9bd13788dc,Grounded In A Power Greater,20:00,1hr,BS16,51.4938018,-2.4945293,"The Scout Hut, Fishponds Baptist Church","Downend Rd,Bristol",,Wednesday,False,False,False,True,This meeting is open and anyone may attend.,"In-person,12 Steps & 12 Traditions,Discussion,Open",,Bristol and District,South Midlands,England,Cocaine Anonymous
a4dab1d7-8035-5a96-bb0e-1007500471bf,Newcomers Into Action,13:00,1hr,BS2 0JT,51.455986,-2.579186,St Philips,"25 Midland Rd,St Philip's,Bristol",,Tuesday,False,False,False,True,This meeting is open and anyone may attend.,"In-person,Open,Speaker","Car parks nearby
Room opens for fellowship at 12.30pm",Bristol and District,South Midlands,England,Cocaine Anonymous
53b2072d-3eb7-56bf-9d75-3544147db751,A Vision Of Recovery (Women),19:00,1hr,M20 2ZD,53.422731,-2.255864,Christ Church,"Darley Ave,Manchester",,Friday,False,False,False,False,,"In-person,11th Step Meditation,Child-Friendly,Speaker,Women","The meeting is at the rear of the church
Women-only Child-friendly
Unity at 6.30-7 pm & a 10-minute comfort break in the meeting
Meetings schedule
1st Fri = Step 11 Meditation
2nd Fri = General shares
3rd Fri = Main share
4th Fri = General shares",Cheshire East,North West,England,Cocaine Anonymous
95c5e60c-c6c7-5ae9-834c-ddfce41d7baf,Friday Night Hyde,19:00,1hr 30mins,SK14 1JY,53.446746,-2.076116,CGL - 1St Floor,"Haughton Thornley Med Centre,Thornley St,Hyde",,Friday,False,False,False,False,,"In-person,Newcomer",On site parking,Cheshire East,North West,England,Cocaine Anonymous
a7fef9ca-5797-581d-bceb-c4b802caddee,We Can Recover,19:00,1hr 30mins,SK4 5AF,53.430969,-2.179124,St Thomas The Apostle,"396 Wellington Rd N,Stockport",,Wednesday,False,False,True,True,This meeting is open and anyone may attend.,"In-person,Discussion,Newcomer,Open","Main share on first Wednesday of the month
Chit system
Street Parking",Cheshire East,North West,England,Cocaine Anonymous
07f747dd-1460-5d7a-af1d-a58c55292159,Cocaine Anonymous,19:30,1hr,TR10,50.1619109,-5.1521553,Town Hall,"Higher Market St,Penryn",,Thursday,False,False,True,False,,"In-person,Big Book,Newcomer,Speaker","Chit
Car park nearby
Please be COVID aware
Bring your own tea, coffee and biscuits as we are not allowed to use the kitchens",Cornwall,South West,England,Cocaine Anonymous
9f866762-9976-5331-9de6-1a5d494a6ac0,Cocaine Anonymous,20:00,1hr,CV4 8DJ,52.393754,-1.573818,Stephens Church,"Charter Ave,Coventry",,Thursday,False,True,True,False,This meeting is closed; only those who have a desire to stop using may attend.,"In-person,11th Step Meditation,Big Book,Closed,Discussion,Literature,Newcomer,Wheelchair Access","Chit
Street parking",Coventry and Warwickshire,Midlands,England,Cocaine Anonymous
8a0d1246-d96d-56dd-8fc5-8492059a952f,The Fourth Dimension,19:00,1hr 15mins,DE1 2SX,52.913213,-1.463719,"Saint Andrews House,","201 London Rd,Derby",,Monday,False,False,False,True,This meeting is open and anyone may attend.,"In-person,Big Book,Literature,Open",,Derbyshire,Midlands,England,Cocaine Anonymous
eb67d232-c278-520f-9c68-d2c18dad74b7,Archway To Freedom - Step And Discussion Meeting,20:00,1hr 30mins,SG13 7DZ,51.798102,-0.070038,Hertford Methodist Church,Ware Rd,,Tuesday,False,True,False,True,This meeting is open and anyone may attend.,"In-person,Big Book,Open,Step Meeting,Wheelchair Access","Physical meeting for 15 persons with the following requirements; Face Masks Mandatory, Temperatures taken, First name and Telephone Number for NHS Track and Trace",East Herts or West Essex,Eastern,England,Cocaine Anonymous
50241ed7-e4cf-562e-bd2b-bd716b14f2b6,Cocaine Anonymous,18:30,1hr 15mins,EN8 7ED,51.692535,-0.033485,Christ Church Methodist,"High St,Waltham Cross",,Friday,False,False,False,True,This meeting is open and anyone may attend.,"In-person,Open",,East Herts or West Essex,Eastern,England,Cocaine Anonymous
df0f6096-c2f5-5af1-ab40-457073f08da1,Cocaine Anonymous,19:30,1hr 30mins,SG12 7BS,51.811159,-0.029368,Southern Maltings,"Kibes Ln,Ware",,Saturday,False,False,True,True,This meeting is open and anyone may attend.,"In-person,Open","Chit
On site parking",East Herts or West Essex,Eastern,England,Cocaine Anonymous
48206ed9-fa7a-5085-82b8-115226aaaca6,Out From Under,20:00,1hr 30mins,SG13 7DZ,51.798102,-0.070038,Hertford Methodist Church,Ware Rd,,Thursday,False,False,False,True,This meeting is open and anyone may attend.,"In-person,Open",,East Herts or West Essex,Eastern,England,Cocaine Anonymous
d961d82c-30c5-55a0-af3e-6352a32d640f,"The No Half Measures Mandem's Saturday Morning Bacon,Sausage Eggs,Hash Browns, Black Pudding, Beans, Toast And Vital Spiritual Experiences Meeting",09:00,1hr 30mins,SG13 7DZ,51.798102,-0.070038,Hertford Methodist Church,Ware Rd,,Saturday,False,False,True,False,,"In-person,11th Step Meditation,12 Steps & 12 Traditions,Breakfast,Newcomer",Chit,East Herts or West Essex,Eastern,England,Cocaine Anonymous
5549a109-53ac-58cd-b177-436ac4304e2d,Cocaine Anonymous Blackburn,19:30,1hr 30mins,BB1 5AX,53.748097,-2.480457,Community Hub CVS,"35 Railway Rd,Blackburn",,Wednesday,False,False,False,True,This meeting is open and anyone may attend.,"In-person,Big Book,Discussion,Literature,Newcomer,Open,Speaker,Young People",Street parking,East Lancs,North West,England,Cocaine Anonymous
87712554-e250-5ab9-bafb-2590418eda55,12&12 Book Study,18:30,1hr,BN21 3UH,50.770469,0.28035,Lift House,"Cgl, 6 St Leonards Rd",,Friday,False,False,False,True,This meeting is open and anyone may attend.,"In-person,12 Steps & 12 Traditions,English,Literature,Newcomer,Open,Speaker,Step Meeting,Tradition Study","Reading from 12 & 12 book steps and traditions. One week step , one week tradition , one week step, one week tradition
&
Once a month - first Friday of the month ESH chair meeting",East Sussex,South East,England,Cocaine Anonymous
386a1e99-d96d-5be9-8c43-00f5bb945fd7,Eastbourne Big Book Study,19:30,1hr,BN21 3UH,50.770469,0.28035,Lift House,"Cgl, 6 St Leonards Rd",,Thursday,False,False,False,False,,"In-person,Big Book","Christmas & New Years Information:
26/12/2024: OPEN",East Sussex,South East,England,Cocaine Anonymous
95c114c1-110a-5934-aff1-88ba661c486a,"New Beginnings, Women’S, Theys & Gays",18:30,1hr,BN21 3UH,50.770469,0.28035,Lift House,"Cgl, 6 St Leonards Rd",,Wednesday,False,False,False,True,This meeting is open and anyone may attend.,"In-person,LGBTQ,Newcomer,Open","Christmas & New Years Information:
25/12/2024: OPEN",East Sussex,South East,England,Cocaine Anonymous
091f0bb9-48e3-53c3-a9d1-522a48019ce4,Open H&I Eastbourne,17:30,1hr,BN21 3UH,50.770469,0.28035,Lift House,"Cgl, 6 St Leonards Rd",,Thursday,False,False,False,True,This meeting is open and anyone may attend.,"In-person,English,Newcomer,Open","Christmas & New Years Information:
26/12/2024: CLOSED",East Sussex,South East,England,Cocaine Anonymous
8fc78a48-3135-5e10-b84e-7264e9685f43,Friday Honeypoy Hive Of Recovery,19:30,1hr 30mins,SS14 2JZ,51.575187,0.46446,Living World Community Church,6 Honeypot Lane,,Friday,False,False,False,True,This meeting is open and anyone may attend.,"In-person,Open",,Essex,Eastern,England,Cocaine Anonymous
3c5b92bd-e090-5303-af0e-60a0e323f81a,"Hope, Faith & Courage",20:00,1hr 30mins,CM6 3GG,51.859461,0.417733,Flitch Green Community Hall,"Tanton Rd,Little Dunmow,Dunmow",,Monday,False,False,True,True,This meeting is open and anyone may attend.,"In-person,Newcomer,Open,Speaker","Chit
On site parking",Essex,Eastern,England,Cocaine Anonymous
1f4f1b8b-0387-56a8-bd0d-e9102930772b,Cocaine Anonymous,19:30,1hr 30mins,CB4 1RW,52.221482,0.14684,Chesterton Methodist Church,"Green End Rd,Cambridge",,Friday,False,False,False,True,This meeting is open and anyone may attend.,"In-person,Big Book,Open,Speaker",On site parking,Fenland,Eastern,England,Cocaine Anonymous
fe294c35-4548-5cb7-bea0-82aba8e9712b,Peterborough Share Meeting,19:30,1hr 30mins,PE1 1DY,52.569314,-0.242184,Aspire House,"1St Floor, 102-104 Bridge St, (Aspire House Is Opp Peterborough Magistrates Ct)",,Tuesday,False,False,True,False,,"In-person,Step Meeting","Chit System
Step Study & Speaker meeting
doors open at 6pm for tea Coffee & Unity
Meeting 7.30pm till 9pm with refreshment and convenience break
Parking is on the side road by Fletton cemetery or Fletton surgery",Fenland,Eastern,England,Cocaine Anonymous
5f27917a-d6d2-5fa2-8e6d-cf7d2250dff7,Cocaine Anonymous,19:30,1hr,HU3 1XH,53.749752,-0.347666,Trafalgar House,41-45 Beverley Rd,,Wednesday,False,False,True,True,This meeting is open and anyone may attend.,"In-person,Discussion,Newcomer,Open,Speaker","Chit
Street parking",Hull and East Riding,North East,England,Cocaine Anonymous
c75a736b-f740-570d-b98b-6e063e34a3d3,Cocaine Anonymous - Hull,10:30,1hr 30mins,HU3 1XH,53.749752,-0.347666,Trafalgar House,41-45 Beverley Rd,,Saturday,False,False,False,False,,"In-person,Big Book,Child-Friendly,Literature,Newcomer",Street parking,Hull and East Riding,North East,England,Cocaine Anonymous
b14bc3b7-9241-50ff-ba1f-8b5f955cf0b1,"""There Is A Solution"" - Meeting Of Cocaine Anonymous",19:45,1hr 15mins,HP3 8SF,51.7305315,-0.4157206,Holy Trinity Church,Bedmond Rd,,Monday,False,False,False,False,,"In-person,Candlelight,Speaker","On site parking
Doors open at 7:30 for unity",Lea Valley,Eastern,England,Cocaine Anonymous
3d27875d-00a6-54fd-ba33-81706498f731,A Common Solution,20:15,1hr 15mins,AL10 0UR,51.76485,-0.226526,CRI Building,"St Martins House,14 The Common,Hatfield",,Thursday,False,False,False,False,This meeting is closed; only those who have a desire to stop using may attend.,"In-person,Closed",,Lea Valley,Eastern,England,Cocaine Anonymous
88c120e9-672e-531b-b60c-001c240c6c05,Candlelight Meeting,19:15,1hr 15mins,AL1 2PX,51.740036,-0.348424,St Stephens Church,"Watling St,St Albans",,Thursday,False,False,False,False,,In-person,,Lea Valley,Eastern,England,Cocaine Anonymous
b28f3829-037a-5d8e-9620-49e4b35fb99c,Dens,19:00,1hr,HP2 7AZ,51.768992,-0.44805,Dens - The Elms,Redbourne Rd,,Thursday,False,False,False,True,This meeting is open and anyone may attend.,"In-person,Open,Speaker",,Lea Valley,Eastern,England,Cocaine Anonymous
3a4698bc-4466-5161-ba4d-73c7a2ccba5e,"Experience, Strength And Hope Meeting",20:00,1hr 30mins,WD17 1JU,51.664194,-0.399226,Spectrum / CGL,"18 Station Rd,Watford",,Wednesday,False,False,True,True,This meeting is open and anyone may attend.,"In-person,Newcomer,Open","Chit
On site parking
Maximum 30 people as per Government guidelines",Lea Valley,Eastern,England,Cocaine Anonymous
9852de82-f532-5a87-be09-ec74f23fc036,St Paul's Wednesday,18:45,1hr,HP2 5QN,51.764154,-0.456803,St Paul's Church,"Solway, Highfield",,Wednesday,False,False,False,True,This meeting is open and anyone may attend.,"In-person,Open,Speaker",On site parking,Lea Valley,Eastern,England,Cocaine Anonymous
ef0d78ad-e5c0-5e01-a728-779c6cf3d790,St. Albans Newcomer's Meeting,20:00,1hr 30mins,AL2 1QA,51.719853,-0.290607,St Peters Church,Riverside,,Tuesday,False,False,False,True,This meeting is open and anyone may attend.,"In-person,Open,Speaker","We are able to have up to 30 members
no need to book in just turn up",Lea Valley,Eastern,England,Cocaine Anonymous
4d42f2b1-c867-52d5-8143-81b188d346ad,Watford Good Orderly Direction,20:00,1hr 30mins,WD18,51.6484434,-0.4172582,Holy Rood Church,"Exchange Rd,Watford",,Monday,False,False,False,False,,"In-person,Speaker",Street parking,Lea Valley,Eastern,England,Cocaine Anonymous
52892037-fcdb-5621-a0df-64dbd0825b2b,Watford Newcomers,20:00,1hr 30mins,WD17 1JU,51.664194,-0.399226,Spectrum / CGL,"18 Station Rd,Watford",,Friday,False,False,False,True,This meeting is open and anyone may attend.,"In-person,Open,Speaker",,Lea Valley,Eastern,England,Cocaine Anonymous
6d543189-0ff8-5cf5-b608-d0b7bd704f4d,CA Spalding,19:30,1hr,PE11 2XP,52.783915,-0.152706,"Pentecostal Church, 10 Haverfield Road, Spalding, PE11 2XP","10 Haverfield Rd,Spalding",,Sunday,False,False,False,False,,"In-person,Big Book",On site parking,Lincolnshire,Midlands,England,Cocaine Anonymous
bbea9619-92be-5025-9ccf-46ef73516a65,"Hope, Faith And Courage",18:00,1hr 30mins,LN1 1XG,53.229716,-0.543454,Double Impact,30 Newland,,Sunday,False,False,True,True,This meeting is open and anyone may attend.,"In-person,Online,Open,Speaker","Zoom link: <a href='https://us02web.zoom.us/j/3861741063?pwd=Z0Ezak5JV1VSYWdIMjNWai81Q1Mzdz09' target='_blank'>https://us02web.zoom.us/j/3861741063?pwd=Z0Ezak5JV1VSYWdIMjNWai81Q1Mzdz09</a>
Meeting ID: 386 174 1063
Passcode: CA
Chit
Car park(s) nearby",Lincolnshire,Midlands,England,Cocaine Anonymous
9c897856-2336-53e7-8c2c-7d7d3a35bfcd,Back To Basics,11:30,1hr 45mins,L5 7QP,53.433513,-2.984935,Kirkdale Neighbourhood Community Centre (The Gordon),"238A Stanley Rd,Kirkdale,Liverpool",,Monday,False,False,False,False,,In-person,,Liverpool City,North West,England,Cocaine Anonymous
a80d1260-68a5-5fa7-9b28-78d663bba148,Cocaine Anonymous,19:30,1hr,L1 9EF,53.402231,-2.972902,Baltimore Buildings,"Baltimore Buildings,17 Rodney St,Liverpool",,Thursday,False,False,False,True,This meeting is open and anyone may attend.,"In-person,Open",Street parking,Liverpool City,North West,England,Cocaine Anonymous
2709b347-d72e-5524-b7ae-4cb568765aaf,"Hope, Faith & Courage Meeting",19:00,1hr 15mins,L17 8UU,53.381854,-2.944654,Old Police Station,"80 Lark Ln,Liverpool",,Sunday,False,False,True,True,This meeting is open and anyone may attend.,"In-person,Discussion,Newcomer,Open","Chit
Street parking
Hope, Faith and Courage meeting",Liverpool City,North West,England,Cocaine Anonymous
8fc8c789-b923-5af1-b7d0-91883654297d,Never Too Young To Recover,17:00,1hr,L1 9EF,53.402231,-2.972902,Baltimore Buildings,"Baltimore Buildings,17 Rodney St,Liverpool",,Sunday,False,False,False,False,,"In-person,Big Book,Newcomer,Speaker,Tradition Study","1st and 2nd weeks of the month are Big Book Study, 3rd week is Traditions, 4th week is a Main Share",Liverpool City,North West,England,Cocaine Anonymous
15ed64c3-4129-5ee7-bfe8-1ba08ef137cd,Saturday Solution Group,10:00,1hr,L5 7QP,53.433513,-2.984935,Kirkdale Neighbourhood Community Centre (The Gordon),"238A Stanley Rd,Kirkdale,Liverpool",,Saturday,False,True,True,False,This meeting is closed; only those who have a desire to stop using may attend.,"In-person,Big Book,Closed,Cross Talk Permitted,Discussion,Literature,Newcomer,Wheelchair Access","Chit system supported
Open meeting on request",Liverpool City,North West,England,Cocaine Anonymous
e0808b80-8ce9-5bc0-8ece-54df80831408,The Sisters Afterward (Womens),09:45,1hr,L1 4JN,53.402155,-2.981007,The Brink,"15-21 Parr St,Liverpool",,Friday,False,False,False,True,This meeting is open and anyone may attend.,"In-person,Big Book,Child-Friendly,Open,Women","Street parking
Doors open 9.15am for fellowship and tea & coffee",Liverpool City,North West,England,Cocaine Anonymous
59f5d00e-585d-5d8f-8452-fb7605ea3274,Inspire,18:15,1hr,SM2 5JG,51.3415952,-0.2044415,Inspire,"Orion House, 19 Cedar Rd",,Tuesday,False,False,False,False,,In-person,"This is an open H&I meeting - please note that there is no parking onsite and members are not permitted to use the on-site parking area.""",London Croydon Epsom and Sutton,London (South),England,Cocaine Anonymous
fde73163-a761-52ec-ac7e-6abdedbcde99,The Addicts & Alcoholics Group Of Cocaine Anonymous,19:00,1hr,BR6 0NE,51.373787,0.09828,Orpington Village Hall,"311 High St.,Orpington",,Wednesday,False,False,False,False,,"In-person,12 Steps & 12 Traditions,Big Book,Speaker,Step Meeting",,London North Kent,London (South),England,Cocaine Anonymous
e9245a0d-3178-5cf0-a4c9-fe79076f7c04,Womens Meeting Of Cocaine Anonymous,19:00,1hr 30mins,BR1 3RE,51.411309,0.013486,Regency House,"Regency House,33-49 Farwig Ln,Bromley",,Wednesday,False,False,True,False,,"In-person,12 Steps & 12 Traditions,Literature,Women","Chit
Street parking",London North Kent,London (South),England,Cocaine Anonymous
5118340f-5d7c-5a48-9849-4538a201f85a,The Priory H&I Meeting,19:00,1hr 15mins,SW15 5JJ,51.462539,-0.251509,Chapel Room,"The Priory Hospital, Priory Lane",,Monday,False,False,False,True,This meeting is open and anyone may attend.,"In-person,Open",On site parking,London South West,London (South),England,Cocaine Anonymous
e05c1c1c-b30e-56d4-8527-a527b64eb11b,Cocaine Anonymous,19:00,1hr,M9 0RA,53.533768,-2.222328,Higher Blackley Community Centre,"Victoria Ave,Manchester",,Sunday,False,True,False,False,This meeting is closed; only those who have a desire to stop using may attend.,"In-person,12 Steps & 12 Traditions,Closed,LGBTQ,Newcomer,Wheelchair Access,Young People",Street parking,Manchester,North West,England,Cocaine Anonymous
269f6a16-d82c-587e-b4d5-0520feb2480a,Chertsey CA,19:15,1hr 5mins,B37,51.3925226,-0.5038949,St Peter's Church,"5,Chertsey",,Saturday,False,False,False,True,This meeting is open and anyone may attend.,"In-person,Open,Speaker",,Mid Surrey,South East,England,Cocaine Anonymous
98640069-5e92-5888-943a-f08463555d47,Lifeworks H&I Meeting,19:30,1hr,GU22 8LB,51.302778,-0.536092,Life Works,"The Grange, High St, Old Woking",,Wednesday,False,True,False,True,This meeting is open and anyone may attend.,"In-person,Open,Speaker,Wheelchair Access",,Mid Surrey,South East,England,Cocaine Anonymous
5199453d-69dd-5bb4-94b3-aee45dc96cf3,Primrose Lodge H&I Cocaine Anonymous,19:00,1hr 15mins,GU3 3RF,51.277059,-0.609126,Primrose Lodge,"Worplesdon Rd,Guildford",,Friday,False,False,True,False,,In-person,"Chit
Car parks nearby",Mid Surrey,South East,England,Cocaine Anonymous
4bfbcf76-e4c2-58f6-a798-4b7ee12a7bd2,There Is A Solution,19:00,1hr,MK6 3DD,52.019187,-0.720413,Tinkers Bridge Meeting Place,"Marshworth,Tinkers Bridge,Milton Keynes",,Monday,False,False,False,True,This meeting is open and anyone may attend.,"In-person,Newcomer,Open,Speaker","Open meeting, children welcome
Book study last Monday of the month",Milton Keynes,Eastern,England,Cocaine Anonymous
e79e811f-76b0-5923-9014-fdb2c6b4acb3,Cocaine Anonymous,19:30,1hr 30mins,NR7 8TR,52.65252,1.309815,Diamond Centre,"School Ln, Sprowston",,Friday,False,False,False,False,,"In-person,Literature,Newcomer,Speaker",,North East Anglian,Eastern,England,Cocaine Anonymous
6740034b-dcbe-50d4-a321-a9462f602dee,A Light In The Dark,19:00,1hr 30mins,SG1,51.9049501,-0.202641,Hampson Park Community Centre,"Hampson Park,Stevenage",,Monday,False,False,False,True,This meeting is open and anyone may attend.,"In-person,12 Steps & 12 Traditions,Discussion,Literature,Open,Speaker,Tradition Study",Max 25 people,North Herts and North Beds,Eastern,England,Cocaine Anonymous
02c8f030-30ba-5743-b659-0e0aee77261c,A Program Of Action,19:30,1hr,MK40 4GP,52.12914,-0.50858,Great Denham Community Hall,"86 Saxon Way,Bedford",,Tuesday,False,False,False,False,,In-person,,North Herts and North Beds,Eastern,England,Cocaine Anonymous
cdb3bf1a-989c-5b74-be46-5f573ed5af1a,Archway To Freedom,19:30,1hr 30mins,SG6 3EG,51.978443,-0.224534,Resolve House,"70 Openshaw Way,Letchworth Garden City",,Wednesday,False,False,False,False,,"In-person,Speaker",Parking On Site,North Herts and North Beds,Eastern,England,Cocaine Anonymous
060f14ce-124a-5d91-8c19-d780e878aa8d,Blazing The Trail To Recovery,19:30,1hr,MK40 2BY,52.141095,-0.476674,Quaker House,5 Lansdowne Rd,,Thursday,False,False,False,False,,In-person,Room capacity 15 people. Attendees are asked to adhere to social distancing measures and where a mask. Sanitiser at venue. No refreshments.,North Herts and North Beds,Eastern,England,Cocaine Anonymous
c9322004-1f01-5446-aa8b-26719344d85b,Cocaine Anonymous,11:00,1hr 30mins,SG1 3LS,51.908103,-0.202798,Methodist Church,"High St Old Town, (Side Door, Small Hall)",,Saturday,False,True,True,True,This meeting is open and anyone may attend.,"In-person,Open,Wheelchair Access","Chit system
Please use the front entrance of the building facing the road. Limited Parking on site, extra parking available in front of the Coach and Horses Pub and on the nearby streets in the old town.",North Herts and North Beds,Eastern,England,Cocaine Anonymous
9233397d-acda-5b58-b175-3ab6735a17b4,Hope Faith And Courage,19:30,1hr,SG1 3EJ,51.91401,-0.209846,Springfield House,"High St,Stevenage",,Wednesday,False,False,False,True,This meeting is open and anyone may attend.,"In-person,Open",,North Herts and North Beds,Eastern,England,Cocaine Anonymous
ce5418c3-5454-5853-bc8c-bad65f6533b5,Newcomers 12 Step Experiences,19:30,1hr 30mins,SG5 2PE,51.959007,-0.29227,Westmill Community Centre,"John Barker Pl,Hitchin",,Thursday,False,False,True,False,,"In-person,11th Step Meditation",Chit system,North Herts and North Beds,Eastern,England,Cocaine Anonymous
398f706e-1a84-52e1-b507-9d36bab25670,Newcomers Meeting,17:00,1hr 45mins,SG1 1UP,51.90155,-0.197652,Friends Meeting House,21 Cuttys Lane,,Sunday,False,False,True,False,,"In-person,Newcomer","Chit
On site parking
Please check back here for updates and call the helpline on 0800 612 0225 if you require support now.",North Herts and North Beds,Eastern,England,Cocaine Anonymous
3fd2ae46-8e5b-5033-9cd0-67a27f8b089b,Stevenage CA,19:30,1hr 30mins,SG1,51.9049501,-0.202641,Hampson Park Community Centre,"Hampson Park,Stevenage",,Friday,False,False,False,True,This meeting is open and anyone may attend.,"In-person,Open",On site parking,North Herts and North Beds,Eastern,England,Cocaine Anonymous
dc12b0f6-b287-56f0-a279-ca46abc7efc1,Topic Meeting,19:30,1hr 30mins,RM14 1AE,51.559643,0.251055,Upminster Methodist Church,"2 Hall Ln,Upminster",,Thursday,False,False,False,True,This meeting is open and anyone may attend.,"In-person,Open,Speaker","Format: Speaker meeting
Time: 7:30 PM – 9:00 PM
Room open at 7:15 PM for fellowship",North Thames,Eastern,England,Cocaine Anonymous
c969f3ba-212c-5d5d-a7a0-3cd07860040c,Sunday Night CA,19:00,1hr,LA14 1XL,54.113546,-3.232794,Lakeland House,"Abbey Rd,Barrow-In-Furness",,Sunday,False,False,True,False,,"In-person,12 Steps & 12 Traditions,Big Book,Discussion,Literature,Newcomer,Speaker","Street parking
Chit",North West,North West,England,Cocaine Anonymous
807d6076-2874-54c5-a155-c0759a4fadc2,Cocaine Anonymous,20:30,1hr,LS25 1NR,53.792797,-1.378301,"Parish Centre, St Mary's Church","Church Ln,Garforth,Leeds",,Friday,False,False,False,True,This meeting is open and anyone may attend.,"In-person,Big Book,Discussion,Literature,Newcomer,Open,Speaker","On site parking available after 8.15 (another group finishes at 8 and the car park traffic is one way)
Doors open 8.15
Meeting start date Friday 17th December
Open for Christmas and New Year's Eve",North Yorkshire,North East,England,Cocaine Anonymous
2bdcce2d-416d-5b8a-8e10-fceb300b1b93,Cocaine Anonymous - Ask It Basket,18:30,1hr,YO24 4LJ,53.955709,-1.126127,Health Care Center,"2 Oak Rise,Acomb,York",,Thursday,False,False,True,True,This meeting is open and anyone may attend.,"In-person,Open","Chit
Onsite parking",North Yorkshire,North East,England,Cocaine Anonymous
d9d1ce2a-2321-5129-bdb3-c695d1747727,We Can Recover,20:00,1hr,HG1 5PP,53.991142,-1.530849,Friends Meeting House (Upstairs),12A Queen Parade,,Wednesday,False,False,True,False,This meeting is closed; only those who have a desire to stop using may attend.,"In-person,Big Book,Closed,Speaker",This meeting supports the CHIT system.,North Yorkshire,North East,England,Cocaine Anonymous
6ca6fcca-31e5-565f-be6f-59ba0a087234,12 Steps To Freedom,19:00,1hr 15mins,NN8 4HP,52.302329,-0.696799,Daylight Centre Fellowship,10 High St Place,,Friday,False,False,False,True,This meeting is open and anyone may attend.,"In-person,Open",Doors open at 18:30,Northamptonshire,Midlands,England,Cocaine Anonymous
3a71fb43-58ed-5c98-8290-59799df4cb97,Big Book Study / Main Share,19:00,1hr 15mins,NN1 2NQ,52.242183,-0.897926,Northampton & District Mind,6-7 Regent Square,,Thursday,False,False,True,True,This meeting is open and anyone may attend.,"In-person,Big Book,Open,Speaker","Alternative weeks of book study and a main share.
Room opens at 18:30 meeting starts at 19:00.
Chit
Street parking",Northamptonshire,Midlands,England,Cocaine Anonymous
4dd6a464-04b1-5cd1-8ea5-977a44741c01,"Hope, Faith And Courage",19:30,1hr 30mins,NN17 1EE,52.495413,-0.697288,Our Lady's Catholic Church,"77 Occupation Rd,Corby",,Wednesday,False,True,False,False,,"In-person,Big Book","Room will open 15 mins before at 19:15
The meeting room, is the small room on the right hand side of the church (next to the house that's joined to the church).
You know you're in the right place if you see the wheelchair ramp into the building.",Northamptonshire,Midlands,England,Cocaine Anonymous
6b26a1a2-4434-596a-8463-6b03760c491f,"Hope, Faith And Courage (Recovery, Share Meeting)",18:30,1hr 30mins,NN1 2NQ,52.242183,-0.897926,Northampton & District Mind,6-7 Regent Square,,Sunday,False,False,False,False,,In-person,Street parking,Northamptonshire,Midlands,England,Cocaine Anonymous
fbd8c009-b35d-5991-b4e3-9b626d1ad846,"Hope, Faith And Courage Share Meeting",19:00,1hr,NN10 9TA,52.291998,-0.606665,"Rushden Mission Church, NN10 9TA","159 Wellingborough Rd,Rushden",,Monday,False,False,False,False,,"In-person,Speaker",Onsite parking,Northamptonshire,Midlands,England,Cocaine Anonymous
b0405379-4aee-5c88-b4dd-b036c0f63f21,There Is A Solution Big Book Study,19:00,1hr 30mins,NN15 7AA,52.397333,-0.710289,Christ The King Church,"Deeble Rd,Kettering",,Tuesday,False,True,True,True,This meeting is open and anyone may attend.,"In-person,Big Book,Literature,Open,Speaker,Wheelchair Access","Chit
On site parking
Last Tuesday of each month will be a share meeting
Doors open at 6.30pm
Meeting starts 7.00 pm
Finish 8.30 pm",Northamptonshire,Midlands,England,Cocaine Anonymous
cd38ec74-959c-5121-b132-067e0066c31f,12 Step Meeting,18:00,1hr,LE11 1PL,52.775517,-1.20373,Fearon Hall Rectory,"Fearon Hall,Rectory Rd,Loughborough",,Saturday,False,False,True,False,,"In-person,Step Meeting","Chit
On site parking",Nottinghamshire or Leicestershire,Midlands,England,Cocaine Anonymous
86b015eb-747f-5bbd-9856-ee86162cf71e,Cocaine Anonymous,18:30,1hr,LE1 6AF,52.63342,-1.131456,Methodist Church,Bishop St (Side Entrance).,,Sunday,False,False,False,False,,"In-person,Step Meeting",Car park(s) nearby,Nottinghamshire or Leicestershire,Midlands,England,Cocaine Anonymous
e10eef94-64b2-5d79-aa37-82c5824784e5,Cocaine Anonymous,19:30,1hr,NG5 2EN,52.978756,-1.150777,Methodist Church,Devon Drive,,Wednesday,False,False,False,False,,"In-person,Newcomer,Speaker",Street parking,Nottinghamshire or Leicestershire,Midlands,England,Cocaine Anonymous
67e218b4-c9f5-52f9-a944-1c07105ea11d,Cocaine Anonymous Newcomers Meeting,19:30,1hr 15mins,NG17 1ES,53.122839,-1.267337,St. John's Methodist Church,"44 Brook St,Sutton-In-Ashfield",,Thursday,False,False,False,False,,"In-person,Newcomer",,Nottinghamshire or Leicestershire,Midlands,England,Cocaine Anonymous
ac495121-9c44-5af5-9a2f-4d2c84f72a87,Cocaine Anonymous Oakham,19:30,1hr,LE15 6AY,52.670623,-0.73329,Oakham Baptist Church,"Melton Rd,Oakham",,Tuesday,False,True,False,False,,"In-person,Literature,Newcomer,Speaker,Wheelchair Access","Car park(s) nearby
Room Open at 7pm for Unity. Parking is free behind the Church also street parking nearby. 2 minutes from the. Is stops and train station. Open for Unity 30 minutes before the meeting free hot drinks available, Literature available",Nottinghamshire or Leicestershire,Midlands,England,Cocaine Anonymous
42fe6d94-72e6-5e90-8168-71232d849035,Cocaine Anonymous Topic Monday,19:30,,NG17 1ES,53.122839,-1.267337,St. John's Methodist Church,"44 Brook St,Sutton-In-Ashfield",,Monday,False,False,False,True,This meeting is open and anyone may attend.,"In-person,Discussion,Open",,Nottinghamshire or Leicestershire,Midlands,England,Cocaine Anonymous
db4803aa-abad-586b-9792-892c9f02bce6,I Can’T We Can,19:30,1hr,LE1 3PL,52.636977,-1.127381,The Stairway Project,68 Humberstone Gate,,Friday,False,False,False,False,,"In-person,Speaker",,Nottinghamshire or Leicestershire,Midlands,England,Cocaine Anonymous
4c8bec70-a23d-5fdb-9875-128603bcac83,There Is A Solution,18:30,1hr 15mins,NG2 7PQ,52.933661,-1.132523,Room 5,"The Methodist Church, Musters Rd, West Bridgford",,Sunday,False,False,False,False,,"In-person,11th Step Meditation,12 Steps & 12 Traditions,Newcomer","Street parking
Venue is on the Corner of Patrick Road & Musters Road.
If attending in person the following must be adhered to: 2m social distancing, face masks are compulsory, attend responsibility. If you are unwell or displaying symptoms on the day please do not attend the church and participate online instead.",Nottinghamshire or Leicestershire,Midlands,England,Cocaine Anonymous
5ef4fb42-17bf-50ed-a252-5e29fd75e2dc,We Do Recover,19:30,1hr,LE11 1PL,52.775517,-1.20373,Fearon Hall Rectory,"Fearon Hall,Rectory Rd,Loughborough",,Wednesday,False,False,False,False,,"In-person,Newcomer",,Nottinghamshire or Leicestershire,Midlands,England,Cocaine Anonymous
2be968f4-730a-52a7-a919-1215fe42988a,Cocaine Anonymous,19:30,1hr,ST4 2HG,53.001749,-2.16144,Fenton Baptist Church,"Victoria Rd,Fenton,Stoke-On-Trent",,Thursday,False,False,False,True,This meeting is open and anyone may attend.,"In-person,Newcomer,Open",Street parking,Potteries and District,Midlands,England,Cocaine Anonymous
d3756aec-4b6c-5081-855b-1ef70305bcce,Cocaine Anonymous Stafford,19:30,1hr,ST16,52.8176047,-2.1273888,Stafford Quakers,"Foregate St,Stafford",,Tuesday,False,False,True,False,This meeting is closed; only those who have a desire to stop using may attend.,"In-person,Big Book,Closed,Discussion,Speaker",Chit,Potteries and District,Midlands,England,Cocaine Anonymous
85ec0657-e935-5898-999e-72687f3bde52,Cocaine Anonymous Hope Faith & Courage,18:00,1hr,GL50 4EZ,51.906404,-2.076702,St Paul’S Church,"St Paul's Rd,Cheltenham",,Saturday,False,True,False,False,,"In-person,Newcomer,Wheelchair Access",Doors open at 17:30 for fellowship.,Severn,South Midlands,England,Cocaine Anonymous
26a2335a-669c-55eb-b0c9-0add2cad9a67,HOPE FAITH COURAGE,19:30,1hr,GL1 5AN,51.856285,-2.244159,Elim Church,"Park End Rd,Gloucester",,Tuesday,False,False,True,True,This meeting is open and anyone may attend.,"In-person,Newcomer,Open,Speaker","Chit System.
On site Parking.",Severn,South Midlands,England,Cocaine Anonymous
a821b835-6c4f-59fe-965e-aab7db1ace7b,Stroud Experience Strength & Hope Meeting,19:00,1hr,GL5 1AP,51.74558,-2.215723,"The Shambles,","The Shambles,High St,Stroud",,Wednesday,False,False,False,False,,"In-person,12 Steps & 12 Traditions,Newcomer,Step Meeting","The Shambles, Stroud, GL5 1AP
Car Park Church St, GL5 1JL",Severn,South Midlands,England,Cocaine Anonymous
c017ba5c-b7df-5ba2-b1f5-2ee92226458d,Sunday Living In The Solution,18:30,1hr,GL1 5PT,51.852576,-2.250266,City Church Hall,"Seymour Rd,Gloucester",,Sunday,False,False,False,True,This meeting is open and anyone may attend.,"In-person,Open,Speaker",,Severn,South Midlands,England,Cocaine Anonymous
480cdb84-98bd-54ca-9332-aefd9d3ef61e,Glastonbury Candlelit,19:30,1hr,BA6 9DZ,51.147984,-2.713253,United Reform Church,High St,,Monday,False,False,False,False,This meeting is closed; only those who have a desire to stop using may attend.,"In-person,Big Book,Candlelight,Closed,Speaker",,Somerset,South West,England,Cocaine Anonymous
c6004d07-1f28-5ad0-afcd-d0660a5d3e5b,Big Book Study And Step Share Meeting,19:00,1hr 15mins,LU1 3ET,51.877373,-0.41185,Central Baptist Church,"52A Park St,Luton",,Tuesday,False,False,True,False,,"In-person,Big Book","Chit
Onsite parking",South Bedfordshire,Eastern,England,Cocaine Anonymous
5684ba68-e149-5993-9988-22ab75e8589e,Cocaine Anonymous,19:30,1hr 30mins,LU1 3ET,51.877373,-0.41185,Central Baptist Church,"52A Park St,Luton",,Wednesday,False,False,False,False,,"In-person,Speaker",,South Bedfordshire,Eastern,England,Cocaine Anonymous
1dfdd4dc-e987-5abe-9073-cde65e00218b,Cocaine Anonymous,09:00,1hr 15mins,LU2 7SF,51.908311,-0.411627,Bushmead Community Hub,"Hancock Dr,Luton",,Saturday,False,False,False,False,,"In-person,Online,Speaker","Zoom link: <a href='https://us02web.zoom.us/j/83281912779' target='_blank'>https://us02web.zoom.us/j/83281912779</a>
To join via hybrid
Meeting ID
832 8191 2779
No password
Link: https://us02web.zoom.us/j/83281912779",South Bedfordshire,Eastern,England,Cocaine Anonymous
e85fa8fc-f9bf-5407-9d4a-855391f494bb,Dark Side Of The Spoon - Cocaine Anonymous,19:30,1hr 15mins,LU1 3ET,51.877373,-0.41185,Central Baptist Church,"52A Park St,Luton",,Monday,False,False,True,False,,"In-person,Newcomer,Speaker",Supports the CHIT System,South Bedfordshire,Eastern,England,Cocaine Anonymous
6539f89b-6982-5284-861c-0dcf05c7cdf2,Have You A Sufficient Substitute?,19:30,1hr 30mins,LU4 0SW,51.901939,-0.497524,"Lewsey Farm Community Centre,","Landrace Rd,Luton",,Thursday,False,False,False,True,This meeting is open and anyone may attend.,"In-person,Open,Speaker",Car park(s) nearby,South Bedfordshire,Eastern,England,Cocaine Anonymous
dba95656-4cf4-5d37-bd21-d9eac8b3f5b7,Share Meeting,19:00,1hr,MK45 1JP,51.99747,-0.497213,Sacred Heart Catholic Church,"The Presbytery,Pope Cl,Flitwick,Bedford",,Thursday,False,False,False,False,,"In-person,Speaker",On site parking,South Bedfordshire,Eastern,England,Cocaine Anonymous
aa03a357-e96c-5e39-9194-d598e71e7522,WE CAN RECOVER,19:00,1hr 30mins,LU3,51.9201357,-0.4483668,St Andrews Church,"Blenheim Cres,Luton",,Sunday,False,False,True,False,,"In-person,Speaker","Xmas Eve & New Years Eve only
Zoom Meeting ID: 683 816 4272
Password: Luton1
Chit
Street parking
Doors open at 6:30pm, meeting starts top of the hour at 7pm until 8:30pm.",South Bedfordshire,Eastern,England,Cocaine Anonymous
3efb609b-6d13-59ae-843e-2151efa99f8f,Our Primary Purpose,19:30,1hr 30mins,IP2 8BX,52.050825,1.153487,Saint Mary's At Stoke,"Stoke St,Ipswich",,Thursday,False,False,False,False,,"In-person,Online,Speaker","Zoom link: <a href='https://zoom.us/j/88622967544?pwd=NmtNYTBGUnh0Z3RKcTZoTUNNcmhGUT09' target='_blank'>https://zoom.us/j/88622967544?pwd=NmtNYTBGUnh0Z3RKcTZoTUNNcmhGUT09</a>
Zoom Meeting ID: 886 2296 7544
Passcode: 208827
Room opens at 19:00 GMT
Tradition 7 – https://paypal.me/CAIpswich
On site parking",South East Anglian,Eastern,England,Cocaine Anonymous
b7ee8640-4b5a-50a0-9ad0-d626473f04f3,Cocaine Anonymous Building A New Life,12:15,1hr,OX4 4HF,51.726077,-1.23079,Rosehill Community Centre.,"Carole’S Way,Oxford",,Friday,False,False,True,False,,"In-person,Big Book,Child-Friendly,Speaker","Chit
On site parking",South Midlands,South Midlands,England,Cocaine Anonymous
e7a247c8-7040-54f3-b570-911b847fd38e,CA Barnsley Back-To-Basics,19:30,1hr 15mins,S70 2NZ,53.553236,-1.488938,"Mclintocks Building, Side Entrance","Mclintocks Bldg,Summer Ln,Barnsley",,Friday,False,False,False,True,This meeting is open and anyone may attend.,"In-person,Discussion,Literature,Newcomer,Open,Speaker",Street parking,South Yorkshire and North East Derbyshire,North East,England,Cocaine Anonymous
c2767b7a-59f1-5565-a310-bf5ae418579c,CA Barnsley Step &Amp; Tradition Meeting,19:00,1hr 30mins,S75 2RL,53.560704,-1.514754,Church Of Saint Thomas,"Church St,Gawber,Barnsley",,Tuesday,False,False,False,True,This meeting is open and anyone may attend.,"In-person,12 Steps & 12 Traditions,Discussion,Literature,Newcomer,Open,Speaker,Step Meeting,Tradition Study",On site parking,South Yorkshire and North East Derbyshire,North East,England,Cocaine Anonymous
87dd4fa4-25c6-55fc-b011-cc96a4c9818c,I Am Grateful,10:00,1hr 15mins,S7 2DL,53.352039,-1.489781,St Oswald's & St Peter's Church,Bannerdale Rd,,Sunday,False,False,False,False,This meeting is closed; only those who have a desire to stop using may attend.,"In-person,Closed,Discussion",Street parking,South Yorkshire and North East Derbyshire,North East,England,Cocaine Anonymous
ad423ff3-482d-53e1-95f4-c6e305eb652b,Women Living Clean,19:30,1hr 30mins,S6 4GS,53.406913,-1.508697,Carmel Care Centre,172 Dykes Hall Rd,,Wednesday,False,False,True,False,,"In-person,Big Book,Speaker,Women","Chit
On site parking
** Closed on 25th December but open on 1st January 2025 **",South Yorkshire and North East Derbyshire,North East,England,Cocaine Anonymous
bab95bcd-0551-5d5e-b311-e311b4773b6f,Design For Living,19:00,1hr,PO5 4EY,50.7953159,-1.0863527,Somerstown Central Community Hub,"Winston Churchill Ave,Portsmouth",,Friday,False,False,True,True,This meeting is open and anyone may attend.,"In-person,12 Steps & 12 Traditions,Discussion,Literature,Newcomer,Open,Speaker",Chit system,Southdown,South East,England,Cocaine Anonymous
4a3b9403-cac5-5373-9404-cf8d7d228ad0,Women Do Recover,19:30,1hr 15mins,PO9 1BE,50.85207,-0.980611,The Pallant Centre,St Faith's Church,,Wednesday,False,False,False,False,,"In-person,Women",,Southdown,South East,England,Cocaine Anonymous
e33991d1-35bf-59a2-b84b-e6f3b794779d,Steps To Freedom,19:30,1hr,HR4 9AP,52.055361,-2.717204,St Francis Xavier Church,"19 Broad St,Hereford",,Sunday,False,False,False,True,This meeting is open and anyone may attend.,"In-person,Candlelight,Open,Speaker,Step Meeting",Street parking,Welsh Borders,Wales and Borders,England,Cocaine Anonymous
28329a54-00b9-59fc-b295-1e4606a68be4,A Common Solution,19:30,1hr 30mins,TN9 1SG,51.192593,0.272476,Christchurch United Reform Church,"High St,Tonbridge",,Monday,False,False,True,True,This meeting is open and anyone may attend.,"In-person,Open,Speaker","Chit system
Please use the rear entrance by Sainsbury's carpark.",West Kent,South East,England,Cocaine Anonymous
bd32efc2-d5fd-5d6b-b545-a1b7649f3101,A New Freedom,19:30,1hr,TN9 1SG,51.192593,0.272476,Christchurch United Reform Church,"High St,Tonbridge",,Thursday,False,True,False,True,This meeting is open and anyone may attend.,"In-person,Big Book,Open,Wheelchair Access","Please use the rear entrance by Sainsbury's carpark.
Step Chair last Thursday of the month",West Kent,South East,England,Cocaine Anonymous
dfe273c7-0169-53c8-ad3e-75d7deaf720d,Experience Strength & Hope,19:30,1hr 30mins,BN11 1QY,50.813165,-0.374284,Christ Church,Portland Rd,,Thursday,False,False,False,False,,In-person,"Christmas & New Years Information:
26/12/2024: OPEN",West Sussex,South East,England,Cocaine Anonymous
15619c00-81ee-54c0-a92a-16df4ddd8a25,Freedom From Addiction,17:30,1hr,BN11 4HB,50.817889,-0.382254,St Matthews Church Hall,"103 Tarring Rd, Corner With Shakespeare Rd",,Saturday,False,False,False,True,This meeting is open and anyone may attend.,"In-person,Open,Speaker",,West Sussex,South East,England,Cocaine Anonymous
ed23a690-af6e-5d25-bcf6-780363da38ae,Horsham Big Book Study,19:30,1hr 30mins,RH12 1SL,51.062617,-0.333182,Friends Meeting House,Worthing Rd (Opp Sainsbury's),,Friday,False,False,False,False,,"In-person,Big Book",,West Sussex,South East,England,Cocaine Anonymous
7f9caf33-2c31-5114-8ed5-b199d0d5b866,Step One H & I Meeting Worthing,19:30,1hr,BN11 2DH,50.816691,-0.363429,Sanctuary Room,"North Wing - Ground Flr (Rear Entrance) Hospital, Lyndhurst Rd",,Tuesday,False,False,False,False,,"In-person,Newcomer","Christmas & New Years Information:
24/12/2024: OPEN
31/12/2024: OPEN",West Sussex,South East,England,Cocaine Anonymous
94b8c0ad-af5d-5b4b-a19a-d1829986feac,Womens Big Book Study,19:00,1hr,RH11 9BA,51.097032,-0.205563,Broadfield Community Centre,"Broadfield Community Centre,Broadfield Barton,Crawley",,Thursday,False,False,False,False,,"In-person,Big Book,Women","Christmas & New Years Information:
26/12/2024: OPEN",West Sussex,South East,England,Cocaine Anonymous
b79aee35-bf1c-5145-a009-2fa7bd1277f5,Unity In Recovery,13:30,1hr,BD22 8EF,53.839871,-1.9891857,Pennybank House Above T Venebles Bookshop,"2-4 West Ln,Haworth,Keighley",,Thursday,False,False,False,False,This meeting is closed; only those who have a desire to stop using may attend.,"In-person,Closed,Discussion,Step Meeting",Street parking,West Yorkshire,North East,England,Cocaine Anonymous
04493cd8-0f78-5b82-89f8-65ee45c994e1,Safe & Protected Trowbridge Newcomers Meeting,19:00,1hr,BA14 8SF,51.323696,-2.20412,St Thomas Church (New Rooms),St Thomas Rd,,Monday,False,False,False,False,,"In-person,Speaker",,Wiltshire and Bath,South Midlands,England,Cocaine Anonymous
206d3676-3baf-5ea2-8930-8a53c6352376,C.A. Ballyjamesduff,19:30,,A82F 3F6,53.8636485,-7.2070893,WOLIM Cavan,"Apostolic Centre, Crossrule, Ballyjamesduff, Co. Cavan",,Thursday,False,False,False,False,,Beginners / Newcomers Meeting,,,,Ireland,Cocaine Anonymous
e0757f8e-07ae-5a4e-9296-c2d6ce22d51c,C.A. Drimnagh,19:30,,D12E DN2,53.5315562,-1.0900952,St John Bosco Youth Centre,"Davitt Rd, Goldenbridge, Drimnagh, Dublin 12",,Monday,False,False,False,False,,Beginners / Newcomers Meeting,,,,Ireland,Cocaine Anonymous
66a03250-4a8c-5baa-b9ac-895efc8d8aa0,C.A. Dungarvan,20:00,,,52.0878913,-7.6210391,St Vincent's De Paul,"Emmet St, Dungarvan",,Wednesday,False,False,False,False,,Beginners / Newcomers Meeting,,,,Ireland,Cocaine Anonymous
15374e56-1b99-5543-b939-909437da4d0a,C.A. Dunshaughlin,20:00,,A85W 886,53.5127078,-6.5300903,Pastoral Centre (Behind The Church),"Main St, Dunshaughlin",,Friday,False,False,False,False,,Beginners / Newcomers Meeting,,,,Ireland,Cocaine Anonymous
fcb499c9-3c22-5e3b-8f8b-d01a7bb05bbc,C.A. Kildare Town,20:00,,R51W 997,53.155603,-6.9111762,Aras Bhríde,"Kildare Parish Centre, Bride Road, Kildare Town, Co. Kildare",,Wednesday,False,False,False,False,,Beginners / Newcomers Meeting,,,,Ireland,Cocaine Anonymous
eba83261-bf0d-50d9-a86e-3a861243c8c7,C.A. Limerick,20:00,,V945 25K,52.663839,-8.6267299,The Life Centre,"Henry Street, Limerick",,Monday,False,False,False,False,,Beginners / Newcomers Meeting,,,,Ireland,Cocaine Anonymous
8018cc51-fec9-5ac6-8ed4-8d4720f5c596,C.A. Limerick,20:00,,V945 25K,52.663839,-8.6267299,The Life Centre,"Henry Street, Limerick",,Thursday,False,False,False,False,,Beginners / Newcomers Meeting,,,,Ireland,Cocaine Anonymous
b70e54f4-7438-54ac-9c34-ff3ae56a91fa,C.A. Newbridge,20:00,,,53.1802057,-6.8104535,Newbridge Family Resource Centre,"Dara Park, Moorfield, Newbridge, Co. Kildare",,Tuesday,False,False,False,False,,Beginners / Newcomers Meeting,,,,Ireland,Cocaine Anonymous
22a7b59d-c3cf-526c-8f5e-2f30692eed28,C.A. Newbridge,20:00,,,53.1802057,-6.8104535,Newbridge Family Resource Centre,"Dara Park, Moorfield, Newbridge, Co. Kildare",,Friday,False,False,False,False,,Beginners / Newcomers Meeting,,,,Ireland,Cocaine Anonymous
092c8663-e738-521f-9cc4-0d5beb812135,C.A. Wexford,20:00,,Y35A H70,40.0548134,-75.2420722,Aiseiri Treatment Centre,Roxborough,,Tuesday,False,False,False,False,,Open H&I Meeting,,,,Ireland,Cocaine Anonymous
65373eaf-da5f-5de7-87ab-5bb9799b8f56,C.A. Belfast,20:00,,BT12 6EN,54.588061,-5.97004,St. John's Parochial House,"446-448 Falls Road,Belfast,Co. Antrim",,Thursday,False,False,False,False,,Beginners / Newcomers Meeting,,Antrim,Northern Ireland,Ireland,Cocaine Anonymous
487f4a42-deb7-5cef-8110-5804c4cb962f,C.A. Common Journey,19:00,,BT42 2BQ,54.857088,-6.276532,Carson Project,"176 Queen St, Ballymena , Co. Antrim, Northern Ireland, UK",,Sunday,False,False,False,False,,Beginners / Newcomers Meeting,,Antrim,Northern Ireland,Ireland,Cocaine Anonymous
12798236-f8c2-582c-a50f-d2b5fcdbb037,There Is A Solution (East Belfast),19:30,,BT4 1AF,54.598614,-5.899243,Skainos Centre,"239 Newtownards Road,Belfast,Co. Antrim",,Wednesday,False,False,False,False,,Beginners / Newcomers Meeting,,Antrim,Northern Ireland,Ireland,Cocaine Anonymous
088e7f06-1c38-5f2e-90b2-8a8aeb298f63,C.A. Ballincollig,20:00,,P31P V20,51.8898468,-8.5886058,The Carraig Centre,"Ballincollig, Old Quarter",,Tuesday,False,False,False,False,,Beginners / Newcomers Meeting,,Cork,Republic of Ireland,Ireland,Cocaine Anonymous
2c0bc8c1-530a-5cf4-8c5d-2e4f56810f16,C.A. Bandon,20:00,,P72E 862,51.7442283,-8.7368113,St Patrick's Church,"St Patrick's Quay, Cloghmacsimon, Bandon, Co. Cork",,Monday,False,False,False,False,,Speaker Meeting,,Cork,Republic of Ireland,Ireland,Cocaine Anonymous
94664d1a-de6d-5b3b-a21c-a26bdcc40536,C.A Ushers Street,19:00,,,53.3445019,-6.2844291,Robert Emmet Building,"Ushers Street, Oliver Bond, Dublin 8",,Wednesday,False,False,False,False,,Beginners / Newcomers Meeting,,Dublin,Republic of Ireland,Ireland,Cocaine Anonymous
8127ca08-7eca-54c6-a7d0-9ddf9f17510c,C.A. Aungier St.,20:00,,D02T 258,53.34013,-6.2660164,Carmelite Centre,"Aungier Street, Dublin 2",,Wednesday,False,False,False,False,,Big Book Study Meeting,,Dublin,Republic of Ireland,Ireland,Cocaine Anonymous
28e78f61-b8e5-5ff3-b03b-304e05cd0892,C.A. Blackrock,20:30,,A94Y 3X7,53.3010469,-6.1761059,Urban Junction,"42 Main St, Blackrock, Co. Dublin",,Friday,False,False,False,False,,Beginners / Newcomers Meeting,,Dublin,Republic of Ireland,Ireland,Cocaine Anonymous
56dc9c83-0f2f-55e2-b837-9cec4ed4d5a0,C.A. Neilstown,19:30,,D22E 2Y2,53.3445434,-6.3948707,North Clondalkin Library,"1 Liscarne Cl, Rowlagh, Dublin",,Thursday,False,False,False,False,,Beginners / Newcomers Meeting,,Dublin,Republic of Ireland,Ireland,Cocaine Anonymous
2a0ae3eb-3c7f-52e8-8cfe-472b944d5c0a,C.A. Rutland,19:00,,D16Y V04,53.2859134,-6.326429,Rutland Centre,"Knocklyon Rd, Dublin 16",,Saturday,False,False,False,False,,Open H&I Meeting,,Dublin,Republic of Ireland,Ireland,Cocaine Anonymous
e43fe4d4-b878-57cb-8337-f6aa5a2f7b8f,C.A. Oz House,15:30,,H91V 3PV,53.2720078,-9.0513204,Ozanam House,"Room 3, St. Augustine Street, Galway",,Monday,False,False,False,False,,Big Book Study Meeting,,Galway,Republic of Ireland,Ireland,Cocaine Anonymous
5412fbb7-427c-588e-a660-f7c3173d4cd7,C.A. Oz House,10:00,,H91V 3PV,53.2720078,-9.0513204,Ozanam House,"Room 3, St. Augustine Street, Galway",,Friday,False,False,False,False,,12 Steps & 12 Traditions Study Meeting,,Galway,Republic of Ireland,Ireland,Cocaine Anonymous
ee87c5c4-7de0-56f5-80e6-02daca299144,Magic Mondays,20:00,1hr 30mins,G73 1DU,55.829373,-4.213344,Reuther Hall,Victoria St (Next To Train Stn),,Monday,False,False,False,True,,"In-person,Newcomer,Open",,,,Scotland,Cocaine Anonymous
a34b8171-5c01-56fb-a6d9-b471a7fe5ff8,Quaker House (Kelso),19:30,"1hr ",TD5,55.5353449,-2.3583213,Quaker House,"Abbey Row, Kelso",,Thursday,False,False,False,True,,"In-person,Newcomer,Online,Open",,,,Scotland,Cocaine Anonymous
0bd58fe4-1015-5eee-a3e1-e70927a23f29,Reaching Out,17:30,"1hr ",PH2,56.357329,-3.4341242,Trinity Nazarene Church,"York Pl, Perth",,Tuesday,False,False,False,True,,"In-person,Newcomer,Open",,,,Scotland,Cocaine Anonymous
abfeae59-92f8-5b47-92d7-eeea6aec288a,Stirling Mondays: There Is A Solution,19:30,"1hr ",FK8 1RW,56.130934,-3.956173,Kildean Business And Enterprise Hub,"Kildean Business And Enterprise Hub, Drip Rd, Stirling",,Monday,False,False,False,True,,"In-person,Newcomer,Open",,,,Scotland,Cocaine Anonymous
02c29f83-4b9b-5427-8966-a98052dd57b4,Kirkcaldy Town,17:30,"1hr ",KY1 1XN,56.111147,-3.163447,DAPL Building,"13 Wemyssfield, Kirkcaldy",,Thursday,False,False,False,True,,"In-person,Newcomer,Open",,Fife,East of Scotland,Scotland,Cocaine Anonymous
4b85b2fd-4fd2-5f1b-838a-99b700bff229,There Is A Solution,20:00,"1hr ",ML2 8BG,55.771625,-3.919134,South Wishaw Parish Church,"E Academy St, Wishaw",,Thursday,False,False,False,False,,In-person,,Lanarkshire,Scotland,Scotland,Cocaine Anonymous
99a589aa-50d1-5c96-b809-2a8ce726ea66,Steps To Freedom,19:30,1hr 30mins,KA3 7SH,55.61839,-4.477829,St Matthew's RC Church,"St Matthews Presbytery, Grassyards Rd, Kilmarnock",,Friday,False,False,False,True,,"In-person,Newcomer,Open",,North and East Ayrshire,South West Scotland,Scotland,Cocaine Anonymous
ff5aede2-1740-5bd2-ac37-18126d9fe5ed,Just For Today,19:30,1hr 30mins,PA3 3ST,55.850793,-4.513044,East Fulton Primary School,"Gilmartin Rd, Linwood, Paisley",,Thursday,False,False,False,True,,"In-person,Newcomer,Open",,Paisley and District,South West Scotland,Scotland,Cocaine Anonymous
6f1d733f-17ab-5838-9fb1-e1affce4a7ff,Step Meeting,19:00,1hr,CF23 5AS,51.492222,-3.151818,Parkminster United Reform Church,"Minster Rd,Cardiff,Roath",,Tuesday,False,False,True,False,This meeting is closed; only those who have a desire to stop using may attend.,"In-person,Closed,Step Meeting","Chit system
Street Parking",,,Wales,Cocaine Anonymous
8aff6bc7-710e-539d-97c1-a621d879a233,Step Share Meeting,19:00,1hr 15mins,CF23 5AS,51.492222,-3.151818,Parkminster United Reform Church,"Minster Rd,Cardiff,Roath",,Saturday,False,False,False,False,,"In-person,Big Book",Up to 25 people face to face,,,Wales,Cocaine Anonymous
4e4ecef3-493b-5ee5-abba-8a1aaf1e648c,Spirit OF Freedom,19:00,1hr,CF11 6SR,51.472395,-3.189546,Cornwall Street Baptist Church,"Cornwall St,Cardiff,Grangetown",,Thursday,False,False,True,False,This meeting is closed; only those who have a desire to stop using may attend.,"In-person,Online,Closed,Speaker","Zoom link: <a href='https://us02web.zoom.us/j/83784648417?pwd=ZE5MTk1RSzFQWFRwb2haUy9EOEhrZz09' target='_blank'>https://us02web.zoom.us/j/83784648417?pwd=ZE5MTk1RSzFQWFRwb2haUy9EOEhrZz09</a>
Closed Meeting
CHIT Supported
Cornwall Street Baptist Church Rutland Street Entrance Grangetown CF11 6SR
Street parking
w3w:///fine.hooks.goal
Zoom Meeting ID : 837 8464 8417
Password : 551260",Cardiff and District,Wales and Borders,Wales,Cocaine Anonymous
a6dd2248-3a70-52d3-a510-13dc08025953,"Hope, Faith & Courage Meeting",17:30,1hr,LL29 7UU,53.296218,-3.73626,St Joseph's Community Centre,6 Brackley Ave,,Saturday,False,False,False,True,This meeting is open and anyone may attend.,"In-person,Open",On site parking,North East Wales,North West,Wales,Cocaine Anonymous
ae136cd4-877c-5170-a402-6678e75fd5f3,Step Study,19:30,1hr 30mins,SY23 1JH,52.41311,-4.087393,Merched Y Wawr,"Vulcan St,Aberystwyth",,Wednesday,False,False,False,False,,"In-person,Online,Big Book,Newcomer,Step Meeting","Zoom link: <a href='https://zoom.us/j/83745851785' target='_blank'>https://zoom.us/j/83745851785</a>
ZOOM ID: 83745851785
PASSWORD: 244405
Contact/Cyswllt: Nick 07455 431177",West Wales,Wales and Borders,Wales,Cocaine Anonymous
ab86877d-2488-5c57-98a5-c9870ab5a450,A Spiritual Principle A Day,18:00,1hr 15mins,SP2 7RG,51.068999,-1.798819,United Reformed Church,30 Fisherton St,,Saturday,False,True,False,False,Open to addicts only,"Beginner/Newcomer,Discussion/Participation,Spiritual Principle A Day","Venue Info: Entrance through the side gate if the door closed please ring bell
Bus Routes: R1
Travel Comment: The venue is a 5-10-minute walk from the station.",,,England,Narcotics Anonymous
b2f463d8-66e6-582f-b8c8-f1775f93eb52,East Finchley Just For Today,20:00,"1hr ",N2 0TH,51.591788,-0.174814,Holy Trinity Church,77 Church Lane,,Monday,False,False,False,True,Open to all on request,"Candlelight,Just For Today Book Study,No pets,No children","Venue Info: Parking on Trinity Avenue, to rear of Church, and walk through well lit Churchyard. Enter through main church doors
This is a just-for-today meeting and a chair the last Monday of the Month
Bus Routes: 143
Travel Comment: The venue is a 10-minute walk from East Finchley Station.",,,England,Narcotics Anonymous
a4807399-7845-57c6-a583-a45dfd61fe9b,East Finchley Meeting,20:00,"1hr ",N2 0TH,51.591788,-0.174814,Holy Trinity Church,77 Church Lane,,Thursday,False,False,False,True,Open to all on request,"Candlelight,Living Clean Study,Step Working Guide Study,No pets,No children","Venue Info: Parking available to the rear of the church, on Trinity Road. Use front entrance then find the meeting upstairs.No pets please.
Speaker meeting on the last Thursday of the month
Bus Routes: 143
Travel Comment: The venue is a 10-15 minute walk from the station.",,,England,Narcotics Anonymous
50d801d2-4a59-5537-99ac-26af3948da89,From Haverhole To Have A Go,18:30,"1hr ",CB9 0JB,52.084498,0.443427,"Small Room, Chalkstone Community Centre","Millfields Way,Haverhill",,Monday,False,True,False,True,Open to all,"Children Welcome,Just For Today Book Study,Speaker,No pets,Share meeting,Parking Available,Spiritual Principle A Day","Venue Info: Meeting May Change Room Inside the Venue.
The Format of the Meeting is the Just for Today Reading or the Spiritual Principle a Day Reading. 
Last Monday of the Month - Main Share. 
Fellows Bringing Children, Please Can they be Accompanied at all Times and Wearing Headphones.
Travel Comment: Parking is Limited Outside the Venue. There is a Small Car Park as you Turn into the Road of the Venue.",,,England,Narcotics Anonymous
adfe80e4-7069-5728-b06e-d32c18acbd88,Happy Mondays,19:00,1hr 30mins,B44 0QN,52.543199,-1.879046,Christ The King Rc Church,124 Warren Farm Rd,,Monday,False,True,False,True,Open to all on request,Speaker,Bus Routes: 33,,,England,Narcotics Anonymous
d84f9648-f846-55c9-bae3-d55f464daedb,Haverhill Just For Today NA,19:30,1hr 30mins,CB9 0JB,52.084498,0.443427,Chalkstone Community Centre,"Millfields Way,Haverhill",,Friday,False,False,False,True,Open to all,"Beginner/Newcomer,Candlelight,Children Welcome,Just For Today Book Study,Speaker,No pets,Share meeting,Parking Available",The Format of the Meeting is the Just for Today Reading and a Main Share.,,,England,Narcotics Anonymous
38dedd1b-0a2e-5deb-8b30-528a17296fd1,Just For Today,13:15,1hr 30mins,CT9 1LB,51.385811,1.382713,"Suite 1, Forward Trust - Mill Lane House","Mill Lane,Margate",,Monday,False,True,False,False,Open to addicts only,"Just For Today Book Study,No pets,Venue unavailable on public holidays,No children,Parking Available","Venue Info: Preferred Entrance is via the Fire Escape Stairs at the Side of Mill Lane Car Park in Herbert Place.Although Anyone with Mobility Needs and Requires Lift - Buzz the Entry Phone to Gain Access at the Front of Mill Lane House Level One - Forward Trust Floor.
The Format of the Meeting is Just for Today Reading.
Bus Routes: 8,8A,34
Travel Comment: Train Station is 10 Minutes Walk",,,England,Narcotics Anonymous
b5d56253-5a27-5553-9442-f708628c3849,Late Night Wednesday,20:00,1hr 30mins,BB18 5AA,53.916403,-2.187062,Majestic Church,Albert Rd,,Wednesday,False,False,False,True,Open to all on request,"Speaker,Topic","Venue Info: Green door entry front of church off the town square. Disability access
This meeting will be a topic meeting. With a main share every 3d week",,,England,Narcotics Anonymous
98703269-2bae-5f76-817d-4e1b7fbd28f3,NA Launceston,12:30,"1hr ",PL15 9DQ,50.630632,-4.358868,Childrens Integrated Learning Centre,Coronation Park,,Saturday,False,True,False,True,Open to all on request,"Children Welcome,Format Varies,Parking Available,Pets Welcome",Topics/Discussions/Rotating Format,,,England,Narcotics Anonymous
f9105735-7ea5-5fb5-a9c0-d3a8e8604dfd,New Meeting Starting 1St Dec 2024 After 8S ( Living In The Solution),19:00,1hr 15mins,BR3 5JE,51.408406,-0.024145,Methodist Church,Bromley Rd,,Sunday,False,False,False,True,Open to all on request,"Speaker,Share meeting","Venue Info: Wesley Hall is through the alleyway to the side of the church off Bromley Road. No access to the hall from Bevington Road
Experiences of long term recovery
Bus Routes: 54, 162, 227, 354 & 356
Travel Comment: Meeting is a 4 minute walk from Beckenham Junction Train Station",,,England,Narcotics Anonymous
7e274909-b933-53e7-a0b4-88f2ca6866c4,Paignton's JFT,18:30,"1hr ",TQ4 5JX,50.434726,-3.568199,"Side Room - Entrance On Totnes Road, The Nature Nook","1-5 Totnes Road,Paignton",,Wednesday,False,False,False,True,Open to all on request,Just For Today Book Study,"Venue Info: Venue is located where Dartmouth and Totnes Road meet in Paignton town centre. (Venue is opposite Tesco express atm) entrance Totnes Road side 🫶
The Meeting is Open for Fellowship at 18:00
PLEASE NOTE: THE VENUE IS AN OPERATIONAL PET STORE - ALTHOUGH THE MEETING IS HELD IN THE SIDE ROOM, USE OF THE TOILET IS ONLY VIABLE THROUGH THE PET SHOP, IF YOU HAVE A FOBIA OF REPTILES, BIRDS, SMALL MAMMALS ETC. PLEASE CONSIDER THIS BEFORE ATTENDING 🫶 (The side room has its own entrance / exit, pet shop only accessed for toilet use, should it be required)
Bus Routes: Get to Paignton town centre
Travel Comment: Less than a minute walk from Paignton train and / or bus station (train and bus station opposite one another)",,,England,Narcotics Anonymous
982fe20c-4e35-57d6-94b3-204ba7a52684,Sheerness Friday,19:00,"1hr ",ME12 1HH,51.441212,0.763307,"The Abbey Room, 1St Floor Above The Cafe, Sheppey Healthy Living Centre","Royal Road,Sheerness",,Friday,False,True,False,True,Open to all,"Speaker,Chit/MAC,No pets,Parking Available","Venue Info: Meeting on 1st Floor above Café - manned reception and greeter.
Travel Comment: 5 Minute walk from train station",,,England,Narcotics Anonymous
feb036ef-0a7c-5e96-b4ef-c4678d8844bd,Step & Tradition,19:30,1hr 30mins,SP8 4DZ,51.040104,-2.276977,Reach Drug And Alcohol Services Building,"Woodcock Court,Queen Street,Gillingham",,Monday,False,True,False,True,Open to all on request,"Beginner/Newcomer,Basic Text,Speaker,Step,Tradition,Parking Available","Venue Info: Ring the Bell if the Front Door is Shut, Small Cosy Meeting at the Back of the Building. Free Parking Opposite if Needed.
Closed Meeting Although Open on Request.
The Meeting Alternates Between a Share and Readings from Various NA Literature.
Travel Comment: Gillingham train station 5- 10 min walk",,,England,Narcotics Anonymous
0c9b0bef-6854-52af-a70f-4cda6206a072,The Greatest Gift,19:00,1hr 30mins,PL1 3HN,50.369485,-4.157106,HQ Business Centre,"235 Union Street,Plymouth",,Wednesday,False,True,False,True,Open to all on request,"Children Welcome,Literature Study,Speaker,Topic,Format Varies,Share meeting,Parking Available","Venue Info: Meeting Room is on the First Floor. There is a Lift for Wheelchair Accessibility.
The Format of Meeting is a Rolling Format, Main Chairs on Experience, Strength and Hope, Topic and Literature.",,,England,Narcotics Anonymous
a95f7829-4d89-5b28-a082-d27c8ba240d0,Whitehaven NA,19:00,1hr 30mins,CA28 9AN,54.54271,-3.597879,"Main Room, Unit B4","UNIT B4, HAIG ENTERPRISE PARK,WHITEHAVEN,Whitehaven",,Thursday,False,True,False,True,Open to all on request,"Beginner/Newcomer,Basic Text,Speaker,Step,Tradition,Share meeting,Book Study,Spiritual Principle A Day",Venue Info: Use door at main entrance,,,England,Narcotics Anonymous
520d0242-9ae0-5d04-b39c-ae8179b8e40f,Workington NA,19:00,1hr 30mins,CA14 3BG,54.642511,-3.546779,"Main Hall, Christ Central Church","Bridge Centre,Central Square,Workington",,Tuesday,False,True,False,False,Open to addicts only,"Beginner/Newcomer,Basic Text,Children Welcome,Discussion/Participation,Speaker,Share meeting,Parking Available,Pets Welcome","Venue Info: Enter Building Through Double Doors at Front, into the Foyer Area. Meeting Held in Main Room Through Doors on the Right.
The Meeting Format Varies Each Week",,,England,Narcotics Anonymous
93c4735b-7127-5827-acad-d9431a3a221a,Brothers And Sisters In Arms,19:30,"1hr ",B27 6HG,52.451343,-1.818717,Acocks Green Baptist Church,39 Yardley Rd,,Tuesday,False,True,False,False,Open to addicts only,"Speaker,Chit/MAC,Share meeting","Venue Info: The Venue is 50 meters from Acocks Green Police Station. The entrance to the meeting is on Alexander Road off of Yardley Road
This is an Experience, Strength and Hope Speaker Meeting, it is a mixed meeting and men and women are both welcome
Bus Routes: 11A,11C,4
Travel Comment: The Venue is a 2 Minute's Walk from the Acock Green Station. The 11a and 11c Run alongside the Venue and Yardley Road. Should Fellow get the Number 4 Bus, get off at Acocks Green village and the Venue is a 10 minute Walk to the venue.",Birmingham,Midlands,England,Narcotics Anonymous
68a16cc3-0249-579c-85bc-f641bbdbf472,Coming Home,11:30,1hr 30mins,B10 0PR,52.470231,-1.866041,"Meeting Room, All Saints Church","172 Herbert Road,Small Heath,Birmingham",,Wednesday,False,True,False,True,Open to all on request,"Children Welcome,Living Clean Study,Speaker,Step,Topic,Share meeting","The Format of the Meeting 
Week 1 - Experience, Strength & Hope Share 
Week 2 - Living Clean Reading
Week 3 - Step Share
Week 4 - Topic Share",Birmingham,Midlands,England,Narcotics Anonymous
1e8a3da0-53b5-5440-9d86-7e0dc3097be6,"Fox Hollies Meeting, ""We Do Recover""",19:30,1hr 30mins,B27 7UL,52.445417,-1.829275,Acocks Green Christian Centre,"100 Westley Road,Acocks Green",,Monday,False,True,False,True,Open to all on request,"Beginner/Newcomer,Speaker,Chit/MAC,Share meeting,Parking Available","Venue Info: Rear of 100.Small drive way near the Westley Arms Hotel, continue to bottom of the driveway and the venue will be in front of you. Parking facilities available
Bus Routes: 4,11,31
Travel Comment: The venue is a 10-15 minute walk from Acocks Green Station.",Birmingham,Midlands,England,Narcotics Anonymous
80607a42-e89b-53e8-a5d7-d110a3bcf78a,Jazebe Birmingham,19:00,1hr 30mins,B16 8RW,52.478121,-1.922717,Ladywood Church,"184 Vincent Street,Ladywood,Birmingham",,Sunday,False,True,False,False,Open to addicts only,"Beginner/Newcomer,Speaker,No pets,Share meeting,No children,Parking Available","The Format of the Meeting is Experience, Strength & Hope Every Week.",Birmingham,Midlands,England,Narcotics Anonymous
b15d6767-8779-524a-af99-89a7e9ec2092,Just For Friday,12:30,1hr 30mins,B9 4DY,52.475965,-1.880982,Sifa 48-52 Allcock St,Birmingham,,Friday,False,True,False,True,Open to all,Beginner/Newcomer,"Bus Routes: All Buses heading city centre
Travel Comment: This Meeting is in Birmingham Clean Air Zone, Clean Air Zone Charges apply.",Birmingham,Midlands,England,Narcotics Anonymous
63fe5e1d-ecd4-5652-90ca-ef0ce000c6ab,Just For Today Thursdays,11:00,1hr 30mins,B12 9AH,52.456983,-1.885448,"Back Building, The Old Print Works","498-506 Moseley Road,Balsall Heath,Birmingham",,Thursday,False,False,False,True,Open to all,"Beginner/Newcomer,Children Welcome,Living Clean Study,Speaker,No pets","Venue Info: It's the Back Building Right Hand Side Down the Drive, Knock Window Anytime after 12.30 Onwards.
Week 1- Speaker meeting
Week 2- Spiritual principle a day reflections
Week 3- Step meeting
Week 4- Tradition meeting
Week 5- Just for today reflections
Bus Routes: 50",Birmingham,Midlands,England,Narcotics Anonymous
e1de579b-afd1-5185-bb8b-16466e7bcadb,LGBTQIA+ All Inclusive Meeting,19:00,1hr 15mins,B1 1EQ,52.47472,-1.899677,"LGBT Centre Cafe, Birmingham LGBT Centre","38-40 Holloway Circus Birmingham,Birmingham",,Friday,False,True,False,True,Open to all on request,"Beginner/Newcomer,LGBT+,Format Varies,Share meeting","All service positions currently available.
Travel Comment: 5 minute walk from New Street Station7 minute walk from Moor Street Station",Birmingham,Midlands,England,Narcotics Anonymous
5c20bd61-f134-5861-ac63-f0cd9759512e,Saturday Night Survival,18:00,1hr 30mins,B27 6HE,52.45122,-1.820351,Arthur Moor Hall,"2B Alexander Road,Acocks Green,Birmingham",,Saturday,False,True,False,True,Open to all,"Format Varies,Share meeting",,Birmingham,Midlands,England,Narcotics Anonymous
793122d4-eeff-5032-9c15-4088c5cb0606,Together We Can,19:30,1hr 30mins,B90 3AG,52.411437,-1.827224,"The Lounge, The Bridge","234 Stratford Road,Shirley,Solihull",,Tuesday,False,True,False,True,Open to all on request,"Speaker,Chit/MAC,No pets,Share meeting,Parking Available","Venue Info: The bridge is located in Shirley Park.Parking available on Stratford Road also venue has a limited amount of parking.
1hr 30 minute meeting. 10 minute comfort break at 8.15pm
Smoking not permitted (smokers have to go to other side of carpark)
Bus Routes: 4A,5,6",Birmingham,Midlands,England,Narcotics Anonymous
83fb85ca-c613-5929-9e57-5c8d9a98a43e,West Midlands Serenity,19:00,"1hr ",B33 9QY,52.481919,-1.78379,"St Richards Vicarage, Hallmoor Rd, Birmingham B33 9QY, St Richards Church","Hallmoor Road,Birmingham",,Tuesday,False,True,False,False,Open to addicts only,"Basic Text,No children","Venue Info: Back door to enter into meeting access point
To start on the 7th January 25
Bus Routes: 97 and 14",Birmingham,Midlands,England,Narcotics Anonymous
7bee78c0-7c15-5165-95c8-ee46442f66c3,Saturday Women's,11:00,1hr 15mins,DY9 8BQ,52.463514,-2.115167,Atlantic House,Dudley Rd,,Saturday,False,True,False,True,Open to all,"Beginner/Newcomer,Children Welcome,Speaker,Format Varies,Women,Parking Available","Venue Info: Use the main entrance if meeting has started, knock on the window far left on the building. Sometimes using a satnav takes you further up the road, the venue is behind the JAM building
Last meeting of the month finishes 15 minute early to allow time for group conscience
Bus Routes: 7, 9",Black Country,Midlands,England,Narcotics Anonymous
de6c0fe9-7cbe-5ff3-9999-3cdbd11e8c0c,Thursday Lye,19:00,1hr 30mins,DY9 8BQ,52.463514,-2.115167,Atlantic House,Dudley Rd,,Thursday,False,True,False,True,Open to all on request,"Speaker,No pets,Share meeting,No children,Parking Available",Travel Comment: The venue is a 5-minute walk from the station.,Black Country,Midlands,England,Narcotics Anonymous
9a2bb7cf-09ad-50d2-9811-d0e358eb16d6,Truth In Lye,18:30,1hr 15mins,DY9 8BQ,52.463514,-2.115167,Atlantic House,Dudley Rd,,Monday,False,True,False,False,Open to addicts only,"Beginner/Newcomer,Basic Text,Just For Today Book Study,Speaker,Step,No pets,Share meeting,No children,Parking Available","The Format of the Meeting Varies, Step or Experience, Strength & Hope Share. Literature Reading. or Ask it Basket. 
Service Dogs Allowed at Meeting.
Bus Routes: 9, 7",Black Country,Midlands,England,Narcotics Anonymous
925dbd0f-bf41-560a-9a68-a092a1887e0c,Blackpool Tuesday Night It Works,19:00,1hr 30mins,FY1 4AT,53.810671,-3.045941,Ibbison Court Community Centre,Blackpool Central Drive,,Tuesday,False,False,False,True,Open to all on request,"Beginner/Newcomer,Speaker,Share meeting",,"Blackpool, Fylde and Wyre",North West,England,Narcotics Anonymous
c28cf783-3d26-54c4-b5cc-b7192913164e,Friday Evening St Annes Meeting,19:30,"1hr ",FY8 2EA,53.757567,-3.02587,Parish Rooms,2A Oxford Rd,,Friday,False,False,False,False,Open to addicts only,Speaker,,"Blackpool, Fylde and Wyre",North West,England,Narcotics Anonymous
6dbfab95-971f-5969-a253-b61a26c50f34,Just For Today,17:00,"1hr ",BH6 5AG,50.728124,-1.816725,Trinity Methodist Church,"84 Southbourne Road,Southbourne,Bournemouth",,Friday,False,True,False,True,Open to all,"Children Welcome,Just For Today Book Study,Chit/MAC,No pets,Share meeting,Parking Available",Just For Today Reading,Bournemouth District,South West,England,Narcotics Anonymous
8362dc50-a491-5989-87d3-79373ded1e23,Newcomers,19:30,1hr 30mins,BH8 8BX,50.731951,-1.852658,Springbourne Library,"297A Holdenhurst Road,Bournemouth",,Wednesday,False,True,False,True,Open to all,"Beginner/Newcomer,Children Welcome,Literature Study,Speaker,No pets,Share meeting","Venue Info: Doors Open from 7pmFellows Bringing Children, Please Can they be Supervised and Wearing Headphones.
The Format of the Meeting Alternates from an Experience, Strength & Hope Main Chair and NA Literature.",Bournemouth District,South West,England,Narcotics Anonymous
58b48836-f43c-5368-94a7-7abbaf10c66e,Monday Just For Today,19:30,1hr 30mins,BN3 4BB,50.830841,-0.190143,"Main Hall, St Philip's Church","71 New Church Road,Hove",,Monday,False,True,False,False,Open to addicts only,"Just For Today Book Study,Share meeting","Venue Info: Meeting is now in the Main Hall, not the Vestry.
Just For Today reading. Round Robin Sharing.",Brighton Area,South East,England,Narcotics Anonymous
4fa962ba-6a4a-5890-ab21-4f0ba9a7ae81,Saturday - Living Clean,13:30,1hr 15mins,BN1 4SB,50.83035,-0.134737,Kennedy Street Recovery Hub,"St Peters Place,Brighton",,Saturday,False,False,False,False,Open to addicts only,"Children Welcome,Living Clean Study","Living Clean Reading
Child Friendly Meeting
Travel Comment: The venue is next to Pelicano Cafe.",Brighton Area,South East,England,Narcotics Anonymous
ec95da40-9e04-56a8-a339-7f88fdb80ee9,SPAD,13:30,1hr 30mins,WA15 0NU,53.36559,-2.331965,Priory Hospital,"Rappax Rd, Hale",,Saturday,False,True,False,False,Open to addicts only,"No children,Spiritual Principle A Day",,Cheshire East,North West,England,Narcotics Anonymous
71e48eb7-6a72-5af9-8ce9-b69f93b07bc1,Spiritual Principle A Day,13:30,1hr 30mins,WA15 0NU,53.36559,-2.331965,Priory Hospital,"Rappax Rd, Hale",,Saturday,False,True,False,False,Open to addicts only,"Literature Study,No pets,No children,Spiritual Principle A Day","Venue Info: Round the back of the building.
No smoking/vaping on site. No children.",Cheshire East,North West,England,Narcotics Anonymous
46fd785c-cdde-5b52-872d-a653e979a16d,Step & Traditions,13:30,1hr 30mins,M15 5DD,53.460456,-2.251226,"Training Seminar Room, Kath Locke Centre","123 Moss Lane East,Hulme,Manchester",,Monday,False,True,False,False,Open to addicts only,"Basic Text,Step,Tradition,No pets,Venue unavailable on public holidays,Share meeting,No children,Book Study,Parking Available","The Format of the Meeting is Reading the Steps & Traditions and Sharing Back. 
Closed on All Public and Bank Holidays
Bus Routes: 85, 86
Travel Comment: From Piccadilly Bus Station. Get off at Loreto College, Meeting Inside Red Brick Building Behind the Old Church",Cheshire East,North West,England,Narcotics Anonymous
0dd4d296-fe7b-5888-ae77-58e1eb0fc3ed,Amersham TGIF (Thank God It's Friday),19:30,1hr 15mins,HP6 5DR,51.67757,-0.606307,St Michaels Church Hall,70 Sycamore Rd,,Friday,False,True,False,True,Open to all,"Candlelight,Children Welcome,Just For Today Book Study,No pets,Book Study,Parking Available","Venue Info: The Church is in the Heart of the New Town on the High Street. Parking can be Found Behind the Church. The Entrance to the Parking Area is Next to Domino's Pizza to the Right of the Church.The meeting room is located in a building behind the church, accessible from the car park.
A Great Way to Start Your Weekend",Chiltern and Thames,South Midlands,England,Narcotics Anonymous
db0e8930-c48d-5c87-aa12-fb3ff2bb3ccd,Early Bird Meeting,19:00,1hr 30mins,SL6 8BY,51.522098,-0.711361,D A A T,"Resilience,Unit 13 Reform Road,Maidenhead",,Tuesday,False,True,False,True,Open to all on request,Living Clean Study,"Living Clean book study 2 weeks a month, ask it basket one a month and chair 2nd Tuesday of every month.",Chiltern and Thames,South Midlands,England,Narcotics Anonymous
5e4e1b95-0eea-5221-8877-4b2160212044,Life On Lifes Terms,19:30,1hr 30mins,SL1 1PJ,51.506702,-0.594621,St Marys Church,Church St,,Saturday,False,False,False,True,Open to all on request,"Beginner/Newcomer,Chit/MAC,Share meeting","Venue Info: Door to the side of the Church
This is a non-smoking/vape meeting that has a weekly experience, strength, and, hope share.
MAC Friendly Meeting",Chiltern and Thames,South Midlands,England,Narcotics Anonymous
808ed999-aa5c-5628-a73a-3a20d85545a1,Slough Sunday Spiritual Principles Book Study,19:30,"1hr ",SL1 1PJ,51.506702,-0.594621,St Marys Church,Church St,,Sunday,False,False,False,True,Open to all on request,"Literature Study,Spiritual Principle A Day",Venue Info: Enter through small gate off Church Street. Vestry wooden door ten yards on right,Chiltern and Thames,South Midlands,England,Narcotics Anonymous
9958ad7d-2fb2-5873-9913-73e23a564b98,Truro Wednesday Night,19:00,1hr 30mins,TR1 2EJ,50.261492,-5.051456,"Main Room, Western House","Tabernacle Street,Truro",,Wednesday,False,True,False,True,Open to all on request,"Just For Today Book Study,Parking Available","Venue Info: Building in Tabernacle Street Car Park. Room through main doors.
Open on request. Format to be decided as meeting reopening after Covid.
Bus Routes: Any buses to Truro
Travel Comment: Park in Tabernacle Street car park, or if full, Lemon Street multi storey. Bus park 5 mins walk and trains 10 mins.",Cornwall,South West,England,Narcotics Anonymous
3e90303f-c0df-560b-8697-07a743af66da,Durham Tuesday Meeting,18:00,"1hr ",DH1 4BG,54.778093,-1.586554,United Reform Church,"Waddington Street,Durham",,Tuesday,False,False,False,True,Open to all on request,"Beginner/Newcomer,Speaker",Travel Comment: About 5 mins walk from both Durham mainline railway station and main Durham City bus interchange,Durham and Cleveland,North East,England,Narcotics Anonymous
6b9ec59e-bfe9-5c8b-8d4d-0412cd39b7c9,Freedom Meeting,19:00,1hr 30mins,DL14 6AH,54.653851,-1.677958,Bishop Auckland Baptist Church,"22 Cockton Hill Road,Bishop Auckland",,Monday,False,True,False,True,Open to all on request,"Literature Study,Speaker,Topic,Format Varies,No pets,Share meeting,No children,Parking Available","The Format of the Meeting Varies from an Experience, Strength & Hope Chair, Literature or Topic Reading.",Durham and Cleveland,North East,England,Narcotics Anonymous
0c4eec15-0daf-5724-914b-0f097294002c,Middle Of The Boat Wednesday's,19:00,1hr 30mins,DL3 6AR,54.532114,-1.557125,Baptist Church Centre,"Corporation Road,Darlington",,Wednesday,False,True,False,True,Open to all on request,"Beginner/Newcomer,Basic Text,Children Welcome,LGBT+,Share meeting","Venue Info: Entrance is on the back of the baptist church facing out onto corporation road
Travel Comment: There is places to park in the side streets around the centre",Durham and Cleveland,North East,England,Narcotics Anonymous
47232763-fe10-57c3-9f06-d86ca0ec46f6,Middlesbrough Sunday Night Meeting,18:00,1hr 30mins,TS6 6PH,54.579502,-1.1735414,,"South Bank Baptist Church,Redcar Road East,Middlesbrough",,Sunday,False,True,False,True,Open to all on request,"Children Welcome,Speaker,Share meeting,Parking Available",,Durham and Cleveland,North East,England,Narcotics Anonymous
4010e093-2dd1-5afb-b539-9c974212c93f,Middlesbrough Women’S,10:30,1hr 15mins,TS3 6LD,54.572348,-1.213372,"Nivan Room, Trinity Centre","The Market Place,North Ormesby,Middlesbrough",,Saturday,False,True,False,True,Open to all on request,"Children Welcome,Meditation,Women,Share meeting,Parking Available,Spiritual Principle A Day","Child Welcoming Meeting. Guided Meditation and Just for Today or Spiritual Principle a Day Reading/Share.
Smoking/Vaping Round the Back of the Building as Requested by the Venue.",Durham and Cleveland,North East,England,Narcotics Anonymous
24b1156d-e4f3-5ddf-9eea-6d70b611bd06,Sunday Night The Lie Is Dead,18:15,1hr 30mins,DH1 4BG,54.778093,-1.586554,"Main Room, United Reformed Church","Waddington Street,Durham",,Sunday,False,False,False,False,Open to addicts only,"Speaker,Share meeting",,Durham and Cleveland,North East,England,Narcotics Anonymous
28041c8b-fba3-5a6c-9bbb-6f96cb80fde0,The Saturday Solution,10:30,1hr 30mins,TS10 4BQ,54.604905,-1.070893,Westmorland Community Centre,Westmorland Rd,,Saturday,False,True,False,True,Open to all on request,"Literature Study,Speaker,Step,Topic,Parking Available","Week 1 - Main Share 
Week 2 - Topic Share Back 
Week 3 - Step Study 
Week 4 - Reading of NA Literature",Durham and Cleveland,North East,England,Narcotics Anonymous
ddf2ceac-7fd3-51f8-93bf-988882cb7fe2,Hearts In Herts,19:45,1hr 15mins,EN11 8BE,51.755533,-0.015014,"The Meeting Room, Bollescroft Community Centre","Spotlight Car Park, Cock Lane,Hoddeston",,Tuesday,False,False,False,True,Open to all,"Children Welcome,Speaker,Share meeting,Parking Available,Pets Welcome","Venue Info: White Building at the Bottom of the ""Spotlight' Car Park. Car Park is Free.
The Format of the Meeting is an Experience, Strength & Hope Every Week.
Fellows Bringing Children, Please can they be Supervised and Ideally Wearing Headphones.
Bus Routes: 310, 310A
Travel Comment: Venue is 17 Minutes Walk from Station.",East Herts or West Essex,Eastern,England,Narcotics Anonymous
2cc48e42-51dc-579d-b1c9-1191c4399e40,Bacup Tuesday,19:00,1hr 15mins,OL13 0AL,53.701883,-2.201707,"Upstairs Room, Trinity Baptist Church","Bankhouse Lane,Bacup",,Tuesday,False,False,False,True,Open to all,"Children Welcome,Literature Study,Speaker,Format Varies,No pets,Share meeting","Venue Info: There is a Free Car Park on Oldbank Road.
The Format of the Meeting Varied from a Experience. Strength & Hope Main Share or Reading the NA Literature. 
Fellows bringing Children, Please Can they be Supervised and Wearing Headphones.
Bus Routes: 484",East Lancs,North West,England,Narcotics Anonymous
0487f659-62c9-5256-a7ec-a6e57b0bb65f,Keep It Basic - Mens Literature Meeting,20:00,"1hr ",BL6 6RF,53.598642,-2.52938,"Upstairs, Ridgmont House","Chorley Old Road,Horwich",,Monday,False,False,False,True,Open to all on request,"Basic Text,No pets,No children,Book Study","Venue Info: Doors open at 7.30pm - main front door, ring bell if closed.If using google maps / sat nav use Ridgmont House not postcodeOff Chorley Old Road opposite Curleys cafe/fisheries, within the cemetery grounds.There is car parking on site and on the small road leading into the building.What 3 words location;ground.aboard.charminglyThe building is not Wheel Chair Friendly but the group will help where we can!
Basic text literature meeting and main share once a month.
Bus Routes: 125, 912, 516, 914",East Lancs,North West,England,Narcotics Anonymous
b6c74b07-99a8-55f7-a0ba-f30dab172c89,Saturday Morning Meeting,10:00,1hr 30mins,BB5 1EB,53.753288,-2.362347,"Dining Room, Maundy Relief","Abbey Street,Accrington",,Saturday,False,False,False,True,Open to all on request,"Format Varies,Pets Welcome","Venue Info: Opposite the Maundy Furniture Shop
Main share on the first week of each month
Bus Routes: 464
Travel Comment: Free parking is available behind the venue.464-, the bus stop is slightly before the meeting venue. The venue is a 5-minute walk from the Accrington Station.",East Lancs,North West,England,Narcotics Anonymous
1b0e9a26-ce62-5618-b446-13fe3971c3e4,Freedom In Forest Gate,19:30,1hr 30mins,E7 8BD,51.546437,0.027379,"Church Hall, Emmanuel Parish Church","Romford Road,Forest Gate,London",,Thursday,False,True,False,True,Open to all,"Beginner/Newcomer,Basic Text,Children Welcome,Literature Study,Share meeting,Book Study","Venue Info: The meeting can be accessed from the Main Entrance via the Gate The venue is opposite Iceland and Barclays Bank and also near Mcdonalds
We have chairs every week. 
In rotation: 
Experience, strength and hope chair. 
Step chair. 
Topic/Literature chair.
Bus Routes: 25,86,425,330,325,58",East London,London (North),England,Narcotics Anonymous
189c5b51-3bd5-5f78-ae0e-b4bf2f0e6c85,SOS Spirituality On Sea,19:00,1hr 30mins,SS1 1PQ,51.540172,0.705205,Aspirations,"134A London Road,Southend On Sea",,Saturday,False,True,False,True,Open to all on request,Format Varies,Every Saturday. Doors open at 18.15 for Tea and Coffee,Essex,Eastern,England,Narcotics Anonymous
34212ce6-d211-5f00-9426-a9f5712fb2fb,Hastings Wednesday,19:30,1hr 30mins,TN37 6LA,50.856344,0.560116,Clifton Centre,"1 Stainsby St,Saint Leonards-On-Sea",,Wednesday,False,True,False,True,Open to all on request,"Children Welcome,Just For Today Book Study,Speaker,Step,Tradition,Share meeting,Book Study","The Format of the Meeting 
Week 1 - Reading NA Step and Share Back 
Week 2 - Reading NA Tradition and Share Back 
Week 3 - Reading JFT Reading and Share Back 
Week 4 - Experience, Strength & Hope Main Chair",Hastings and Rother,South East,England,Narcotics Anonymous
498b2a08-cd8b-56bd-8ec7-4fa3d67c3d81,Spilsby Friday Feeling,18:30,1hr 30mins,PE23 5DU,53.173879,0.093635,"Main Front Room, New Life Centred","Church Street,Spilsby",,Friday,False,True,False,True,Open to all,"Candlelight,Venue unavailable on public holidays,Share meeting,Parking Available","Venue Info: There is a Free Car Park at the Back of the Building.
The Format of the Meeting is Reading from literature and topic meeting. Main share once a month
Bus Routes: Stagecoach 56",Lincolnshire,Midlands,England,Narcotics Anonymous
a153c601-fc84-5daa-a637-616c7b623b9b,Croxteth Meeting,20:15,1hr 15mins,L11 9AZ,53.451611,-2.903752,"Ante Room, Queen Of Martyrs Church","Stonebridge Lane,Liverpool",,Wednesday,False,True,False,False,Open to addicts only,"Speaker,Share meeting,Parking Available",,Liverpool City,North West,England,Narcotics Anonymous
9c54829d-d3c4-59be-82d1-b1a97ccbaef9,Tuesday Morning Group,10:30,1hr 15mins,L1 5PS,53.4012414,-2.98219,"2Nd Floor, 'We Are With You' - Building","36 Henry Street,Liverpool",,Tuesday,False,True,False,True,Open to all on request,"Basic Text,Literature Study,Format Varies,No pets","Venue Info: Ring Buzzer at the door for entry.
Bus Routes: 82,86,80",Liverpool City,North West,England,Narcotics Anonymous
c187a185-73c9-51bd-8289-bc0ceddd534d,Widnes Thursday Main Share Or Basic Text,19:30,1hr 30mins,WA8 7QU,53.3626,-2.732197,St Paul's Church,Victoria Sq,,Thursday,False,True,False,True,Open to all,"Beginner/Newcomer,Basic Text,Speaker,Format Varies,Share meeting,Parking Available",Venue Info: Hall at rear of BuildingVenue opens approx. 7.00pm,Liverpool City,North West,England,Narcotics Anonymous
5975c306-37c5-57ca-98da-f3de2bcab218,Wish You Were Here,12:30,1hr 30mins,L5 1UW,53.429471,-2.96228,Christ Church Hall,Hartnup St,,Thursday,False,False,False,True,Open to all on request,"Living Clean Study,Questions & Answers,Speaker,Share meeting,Book Study",,Liverpool City,North West,England,Narcotics Anonymous
aa724c75-6385-5764-b806-627b5d259882,NA Lunch Time Step Meeting,13:00,"1hr ",SW1X 0BD,51.496596,-0.1622,St Columba's Church Of Scotland,Pont St,,Monday,False,True,False,True,Open to all,"Speaker,Step,Chit/MAC,Parking Available","Venue Info: Library can be found by turning right after entering church's main door.
Bus Routes: 14,414,319,74",London Chelsea,London (North),England,Narcotics Anonymous
ff06fc5d-2cf1-5361-8b12-b78539b6bcc5,Pont Street,13:00,"1hr ",SW1X 0BD,51.496596,-0.1622,St Columba's Church Of Scotland,Pont St,,Wednesday,False,False,False,False,Open to addicts only,Speaker,"Travel Comment: C1, 137, 452, 19, 22",London Chelsea,London (North),England,Narcotics Anonymous
3c107bc2-6e73-5eb0-a48b-551f13e3d078,Finsbury Park Friday Night,19:30,1hr 30mins,N4 3LD,51.565812,-0.113454,St Mark's Church,"1A Moray Road,Finsbury Park,London",,Friday,False,True,False,True,Open to all on request,"Basic Text,Candlelight,Speaker,Step,Chit/MAC,No pets,Share meeting,Timer,Parking Available","Venue Info: Enter through main doors at the front of the Church on Tollington Park
Occasionally the church need the area we use and will allocate us another room in another part of the church but this will be signposted.",London North,London (North),England,Narcotics Anonymous
a13e65fa-f71e-5b86-857a-4cfaf72025be,South Islington Shy Sharers,15:00,"1hr ",N1 8AL,51.534115,-0.103111,"Basement, Next To St John The Evangelist","39 Duncan Terrace,Islington,London",,Wednesday,False,False,False,True,Open to all,"Basic Text,Children Welcome,Just For Today Book Study,Speaker,No pets,Share meeting","Venue Info: Down the Steps Next to the Red Door.
The Meeting Format is the Just for Today Reading and Share Back. 
First Wednesday of the Month an Experience, Strength and Hope Main Chair. 
Please Note that this is the Same Venue where Previous Meetings were Held up Until the Pandemic of 2020.",London North East,London (North),England,Narcotics Anonymous
940aa1c9-51a4-5ed0-b61f-77dd0a28692b,Sunday Women's Meeting,17:30,1hr 30mins,N16 7UY,51.556236,-0.074222,St. Paul's Church & Hall,"184 Stoke Newington Road,Stoke Newington,London",,Sunday,False,True,False,True,Open to all,"Beginner/Newcomer,Candlelight,Speaker,Women","Venue Info: Junction of Stoke Newington High Street and Amhurst Road.Entrance at rear - up the steps
Open to all those who identify as women",London North East,London (North),England,Narcotics Anonymous
67764e25-12b4-529e-91f0-b0b79bcae338,Thornhill Thursdays,13:15,"1hr ",N1 1BQ,51.540034,-0.114416,St Andrews Church,Thornhill Sq,,Thursday,False,False,False,True,Open to all on request,"Speaker,No pets,Share meeting","Venue Info: Entrance is ia the small blue door at the side of the church which is accessible from Bridgeman Road.The meeting room is to the left of the kitchen. Blue door is closed 5 minutes after the meeting has started. Please ring the bell for access to the meeting from 13:20 pm onwards.As per venue guidelines only assistance animals (Guide Dogs and Care Animals) are permitted in the meeting.
Experience, strength & hope meeting.
Bus Routes: 29,91,253,259",London North East,London (North),England,Narcotics Anonymous
a8b747fb-8fb6-532b-9bc4-1ef57c6b0683,Kilburn - Alternate Step And Just For Today Meeting,11:30,1hr 15mins,NW6 4TA,51.540659,-0.195882,"Ground Floor, Latin America House","10 Kingsgate Place,Kilburn,London",,Sunday,False,True,False,True,Open to all,"Speaker,Step,Format Varies,No pets,Share meeting","Venue Info: Green door close to Brazilian Restaurant, off Kingsgate Road, please knock on the door.
The meeting alternates weekly between a Step and Experience Strength and Hope share.
Bus Routes: 16, 31, 328, 32, 316, 332
Travel Comment: Kilburn Park(Bakerloo), Kilburn Overground, Kilburn (Jubilee)",London North West,London (North),England,Narcotics Anonymous
32cf6dab-ec1b-50f2-94c0-3c81175c5942,Venture Centre 12:00 Sunday,12:00,"1hr ",W10 5YB,51.522731,-0.210001,"Club Room, Venture Centre","103A Wornington Road,North Kensington,London",,Sunday,False,True,False,False,Open to addicts only,"Children Welcome,Share meeting,Pets Welcome","Venue Info: Meeting moved to a new venue from 24.12.2023Entrance is on Faraday Road
Bus Routes: 23, 52, 452, 70, 228
Travel Comment: The venue is a 7-minute walk from Ladbroke Grove Station",London North West,London (North),England,Narcotics Anonymous
98b051be-cd3c-58d4-8a12-c99d51e4b711,Brixton Harbour,18:30,"1hr ",SW9 8RR,51.465031,-0.102954,The Harbour,245 Coldharbour Lane,,Friday,False,True,False,False,Open to addicts only,"Children Welcome,Speaker,Chit/MAC,Share meeting,Pets Welcome","Venue Info: Ring Doorbell at Front or Wheelchair Access at Side.
The Format of the Meeting is an Experience, Strength & Hope Chair Every Week. 
We are Now a MAC Agreeable Meeting.
Travel Comment: 10 Minutes Walk from Brixton.2 Minutes Walk from Loughborough Junction. Many Buses",London South,London (South),England,Narcotics Anonymous
059f7957-12e4-56ae-b974-98447623797a,Lusófonos Em Londres,18:30,1hr 30mins,SW9 8RR,51.465031,-0.102954,The Harbour,245 Coldharbour Lane,,Saturday,False,True,False,True,Open to all on request,"Candlelight,Just For Today Book Study,Literature Study,Speaker,Share meeting,Spiritual Principle A Day","Detalhes do Formato da Reuniao abaixo:
Partilha 1x por mês ( poderá ser alterado se tivermos visitas de língua Portuguesa)
Passo 1x por mês
Tópico 1x por mês
Princípio espiritual por dia 1x por mês
Bus Routes: 245, P5, 45",London South,London (South),England,Narcotics Anonymous
76d06a2c-8c04-5fe4-8226-71ddbce9c49f,Saturday Night On The Green,19:30,1hr 30mins,SE5 7HG,51.476756,-0.091207,"Hall, The Salvation Army","105 Lomond Grove,Southwark,London",,Saturday,False,True,False,True,Open to all,"Speaker,Parking Available","The Meeting Starts on Saturday the 2nd of April 2022
Bus Routes: 176, 171, 68, 40, 35,12, 185, 484",London South,London (South),England,Narcotics Anonymous
4fc72bc0-c081-5a33-a2ee-525d8f801205,Tooting Thursday,19:15,1hr 15mins,SW17 9NQ,51.424796,-0.165509,"Church Main Hall, Tooting United Reformed Church","Rookstone Road,Tooting,London",,Thursday,False,True,False,True,Open to all on request,"Children Welcome,Speaker,Chit/MAC,Share meeting,Pets Welcome","Venue Info: 30 Meters Down Rookstone Road on Left. Coming from Mitcham Road. Glass Doors. This Venue is Closed When There are Elections.
The Format of the Meeting is an Experience, Strength & Hope Main Chair Every Week.
Fellows with Children Please Can they be Supervised and Wearing Headphones. Dogs Please Can they Stay on a Lead.
Travel Comment: 5 Minutes Walk from Tooting Broadway Tube",London South,London (South),England,Narcotics Anonymous
6e2bda37-c0d7-5f6a-8892-1355da8be7d4,Candlelit In Catford,19:30,1hr 30mins,SE6 4XE,51.443181,-0.032143,Trinity United Reformed Church,"Faversham Road,Catford,London",,Wednesday,False,False,False,False,Open to addicts only,"Speaker,No pets,Parking Available",,London South East (East),London (South),England,Narcotics Anonymous
2c2b41f2-3242-5299-a60a-5122927ddb1b,Hither Green,19:30,1hr 30mins,SE13 6QE,51.452551,-0.007096,St Swithun's Church,"191 Hither Green Lane,Hither Green,London",,Thursday,False,False,False,True,Open to all on request,"Beginner/Newcomer,Share meeting","Venue Info: Rear of St Swithun's Church, Entrance off St Swithun's Road
Please - No smoking on church property.",London South East (East),London (South),England,Narcotics Anonymous
308846c8-2b78-53c9-b810-2de313f39aeb,Heston Sunday,11:00,"1hr ",TW5 0QU,51.484135,-0.372442,"Upstairs Meeting Room, Heston 7Th Day Adventist Church","178 Heston Road,Heston,Hounslow",,Sunday,False,False,False,False,Open to addicts only,"Beginner/Newcomer,Basic Text,Speaker,Format Varies,No pets,Share meeting","Venue Info: Use side entrance door on Heston Road. Do not use main church entrance
Steps 1,2 & 3 Basic text reading
4th week Chair/Speaker
Bus Routes: 111, 120",London South Middlesex,London (North),England,Narcotics Anonymous
edd86d82-f7b0-5467-a76d-84950d76bbc9,Kingston Karma,18:30,"1hr ",KT2 6AB,51.416268,-0.298827,Swinnerton Hall,"62 Gibbon Road,Kingston Upon Thames",,Sunday,False,True,False,True,Open to all,"Beginner/Newcomer,Children Welcome,Speaker,No pets","Venue Info: Next to St Luke's Church. Doors open at 18:00.
The venue has confirmed that its regulations no longer allow pets apart from guide dogs",London South West,London (South),England,Narcotics Anonymous
0ed8a351-d849-5a9b-800c-de6323e814a2,All You Need Is Love,19:30,1hr 30mins,W3 9NW,51.507759,-0.271846,"Back Hall, St Mary's Church","Unit 1,The Mount, High St,London",,Thursday,False,True,False,True,Open to all,"Basic Text,Candlelight,Speaker,Step,Topic,No pets,Share meeting,Timer,Book Study",Venue Info: Side door on the right of the main church door. Ring the bell if the door is closed.,London Westway,London (North),England,Narcotics Anonymous
b1428529-8b9a-520c-800e-b2d13ede4b88,"Don't Tell Me, Show Me",19:00,"1hr ",W10 6LP,51.518728,-0.218354,"Basement Side Entrance, St Helen's Church","St Helen's Gardens,North Kensington,London",,Tuesday,False,False,False,True,Open to all on request,"Beginner/Newcomer,Basic Text,Literature Study,Step,Tradition,No pets,Venue unavailable on public holidays,Share meeting,No children,Timer,Book Study","Venue Info: Basement , side entrance .
Meeting opens for fellowship 6:30 > Then Reading Chapters From The BasicText.",London Westway,London (North),England,Narcotics Anonymous
f49b8d8c-e45c-551a-8d39-d350408fc909,FARSI Ladbroke Group,17:00,1hr 30mins,W10 6LP,51.518728,-0.218354,St Helen's Church,"Helen Gardens,Ladbroke,London",,Sunday,False,True,False,False,Open to addicts only,"Speaker,Share meeting,Parking Available",,London Westway,London (North),England,Narcotics Anonymous
aec3ba21-fa3c-5a93-80e6-5fbefc718d12,Friday At The Den,13:00,"1hr ",W10 6LP,51.518728,-0.218354,"The Den, St Helen's Church","St Helen's Gardens,North Kensington,London",,Friday,False,False,False,True,Open to all,"Speaker,Share meeting","Venue Info: The venue is on the junction of St Helens Gardens & St Quintin Avenue - down the steps at the side of the church to the basement.
The meeting has an experience, strength, and, hope format.
Bus Routes: 7,23,52,70,295,316,",London Westway,London (North),England,Narcotics Anonymous
b58906d6-ae01-51ee-9598-46ffebc5ad60,Ladbroke Grove Afternoon Group,13:00,1hr 15mins,W10 6LP,51.518728,-0.218354,"The Den, St Helen's Church","St Helen's Gardens,North Kensington,London",,Thursday,False,False,False,True,Open to all on request,Topic,Venue Info: junction of St Helens Gardens & St Quintin Avenue,London Westway,London (North),England,Narcotics Anonymous
5d5b3348-0bd6-5594-aaea-2720dd760476,Living Clean,19:30,"1hr ",W10 6JG,51.516214,-0.21435,"Upstairs Room, Bay 20 - Maxilla Community Space","71 St. Marks Road,North Kensington,London",,Wednesday,False,False,False,True,Open to all on request,"Living Clean Study,No children","Venue Info: Underneath the Westway flyover on St.Marks Road, adjacent to Maxilla Park.
no creche here
Bus Routes: 295,316
Travel Comment: The venue is a 3-4-minute walk from either of the stations.",London Westway,London (North),England,Narcotics Anonymous
88ab270d-1441-54dc-bb4c-f836035c02e4,Newcomer's Meeting,13:00,"1hr ",W11 3DB,51.511924,-0.200754,,"59A Portobello Rd, Upstairs Above Farm Girl Café, Tube: Notting Hill Gate.",,Sunday,False,False,False,True,Open to all,"Speaker,Chit/MAC","Venue Info: Walk through the Farm Girl cafe courtyard straight ahead through the door and up the stairs.
Bus Routes: 52, 452, 23",London Westway,London (North),England,Narcotics Anonymous
7785f161-baea-52bf-9c87-db747b69a778,Newcomers,19:00,"1hr ",W11 3DB,51.511924,-0.200754,,"59A Portobello Rd, Upstairs Above Farm Girl Café, Tube: Notting Hill Gate.",,Thursday,False,False,False,True,Open to all,"Beginner/Newcomer,No pets",Venue Info: Past the Cafe,London Westway,London (North),England,Narcotics Anonymous
64181549-a52a-51d2-a2b6-e36c5f2356f9,Steps And Recovery,19:30,1hr 30mins,W10 6LP,51.518728,-0.218354,"The Den, St Helen's Church","St Helen's Gardens,North Kensington,London",,Thursday,False,False,False,False,Open to addicts only,"Beginner/Newcomer,Candlelight",Venue Info: junction of St Helens Gardens & St Quintin Avenue,London Westway,London (North),England,Narcotics Anonymous
3b9ae420-7a52-50c4-a4ff-4e85d48a0d0e,The Den Tuesday 1Pm Step Meeting,13:00,1hr 15mins,W10 6LP,51.518728,-0.218354,"Basement, St Helen’S Church","St Helen's Gardens,North Kensington,London",,Tuesday,False,False,False,True,Open to all on request,"Basic Text,Step,Share meeting",Venue Info: Entrance on St Quintin Avenue.,London Westway,London (North),England,Narcotics Anonymous
1ca954ff-4bda-51ea-b43a-f7e39ec5e32c,Wednesday Night Acton Men’S Step Meeting,20:00,1hr 15mins,W3 9NW,51.507759,-0.271846,"Back Room, St Mary’S Church Acton","Unit 1, The Mount, High Street,Acton,London",,Wednesday,False,True,False,False,Open to addicts only,"Basic Text,Men,Step,No pets,No children","Venue Info: Opposite the main doors of Morrisons - ring the bell at the door to the right of the main church.
The room is right at the back within the building.
Bus Routes: 207, 218, 70, E3, 266",London Westway,London (North),England,Narcotics Anonymous
6cc791e9-123f-5514-aa3f-31142f6b7dd5,"West London Women's ""Living Clean"" - UKNA Meetings",13:30,"1hr ",W11 2RW,51.514869,-0.198241,"Main Room (Ground Floor), Westbourne Grove Church","Corner Of Westbourne Grove, Ledbury Road,Notting Hill,London",,Thursday,False,True,False,False,Open to addicts only,"Beginner/Newcomer,Children Welcome,LGBT+,Living Clean Study,Women,No pets,Venue unavailable on public holidays,Share meeting","Venue Info: Ask for NA meeting at reception but an NA greeter will be there and the main room is right opposite the entrance.
Alternate every other week between the Living Clean & Step Working Guides reading.
Bus Routes: 23 , 31 , 328 , 36 , 7
Travel Comment: It is 10 minutes from the train or tube station; otherwise, buses stop up the road on Westbourne Grove (1 minute walk).",London Westway,London (North),England,Narcotics Anonymous
be706325-59a5-5c3a-b0e5-afb981f8acdc,Salford Women's Meeting,18:30,"1hr ",M7 2HD,53.50409,-2.265096,Share Cafe,"316 Great Clowes Street,Salford",,Tuesday,False,False,False,True,Open to all,"Beginner/Newcomer,Basic Text,Children Welcome,Women","This is an open meeting and is child friendly
Bus Routes: 97, 98, 99",Manchester,North West,England,Narcotics Anonymous
64a1f638-1f8b-5471-bfac-cb9b08786dd6,Living Clean Kirkby,19:30,1hr 30mins,L33 7RX,53.471324,-2.866973,CGL,"Unit 7 Deacon Park,Moorgate Road,Kirkby",,Thursday,False,True,False,True,Open to all on request,"Speaker,Share meeting",,Merseyside and South West Lancs,North West,England,Narcotics Anonymous
ca96ac2f-24f5-51a8-b130-5743d5c9ca97,Saturday Serenity,16:00,1hr 15mins,GU22 8LB,51.302778,-0.536092,Life Works,"The Grange, High St, Old Woking",,Saturday,False,True,False,True,Open to all,"Beginner/Newcomer,Children Welcome,Just For Today Book Study,Speaker,No pets,Share meeting,Parking Available","Venue Info: The Room Can be Found by Going to the Side Entrance of the Venue. The Car Park is at the Back of the Venue.
The Format of the Meeting Alternates from the Just for Today Reading and an Experience, Strength & Hope Main Chair.
Bus Routes: 462, 463",Mid Surrey,South East,England,Narcotics Anonymous
80c90f13-d578-51da-b552-1ca49805723a,12 Monkeys,18:00,1hr 15mins,NR2 1QQ,52.627323,1.29229,"Earth Room, St Peter Mancroft Church","Hay Hill,Norwich",,Tuesday,False,False,False,True,Open to all,"Beginner/Newcomer,No children","Venue Info: Entrance at rear and right side of church
Bus Routes: Any bus to city centre
Travel Comment: Parking nearby in Pay and Dispay carparks",North East Anglian,Eastern,England,Narcotics Anonymous
b7ff4536-10af-5610-9bc0-4e3840a77300,The Weekend Group,19:30,1hr 30mins,NR2 1EW,52.629447,1.291252,Quaker Meeting House,Upper Goat Ln,,Friday,False,False,False,True,Open to all,Topic,Ask it Basket format,North East Anglian,Eastern,England,Narcotics Anonymous
595ef01f-5bd2-5f75-b476-6e582166dec9,The Weekend Group,17:00,1hr 30mins,NR2 1EW,52.629447,1.291252,Quaker Meeting House,Upper Goat Ln,,Saturday,False,False,False,True,Open to all,"Children Welcome,Literature Study,Speaker,Share meeting,Parking Available",Venue Info: Meeting is Upstairs in the Gallery.,North East Anglian,Eastern,England,Narcotics Anonymous
b441e0cd-6c84-5890-b40c-069cc42aa3cf,Living Clean,18:45,1hr 30mins,LA1 1TX,54.048385,-2.806412,Friends Meeting House,23 Meeting House Lane,,Sunday,False,True,False,True,Open to all on request,Living Clean Study,Venue Info: Located next to the train station.,North West,North West,England,Narcotics Anonymous
374f4b57-8463-5fe2-98d3-fcd3c6151945,Sunday Night Preston Meeting,19:30,1hr 30mins,PR1 7NB,53.769351,-2.712371,Plungington Community Centre,"Brook Street,Preston",,Sunday,False,True,False,False,Open to addicts only,"Speaker,Share meeting",,North West,North West,England,Narcotics Anonymous
dcc67dcd-ed93-5f10-a03e-8003580ddac5,Nasze Northampton Polish Meeting,19:45,1hr 30mins,NN1 1RA,52.236654,-0.899294,The Bridge,63C Gold St,,Wednesday,False,False,False,False,Open to addicts only,Meditation,"Venue Info: On the corner, door is hidden behind the shop a little bit. The red door next to the mobile phones shop.
Travel Comment: Car park pay and display Commercial Street",Northamptonshire,Midlands,England,Narcotics Anonymous
dd5d4af0-6a43-58b8-a759-4093f880184d,Tuesday Night Duston,19:30,1hr 15mins,NN5 6TQ,52.250248,-0.947209,St Francis Church,"Eastfield Road,Northampton",,Tuesday,False,True,False,True,Open to all,"Literature Study,Speaker,No pets,Share meeting,Parking Available","Mixed format, speaker once a month and literature study other times.",Northamptonshire,Midlands,England,Narcotics Anonymous
c3967bdf-48cd-5bec-8b31-8ae27bdaf0ce,Tuesday Night Duston Meeting,19:30,1hr 15mins,NN5 6TQ,52.250248,-0.947209,"Duston & Upton Parish (Cofe Churches),","St Francis Church,Eastfield Road,Duston",,Tuesday,False,True,False,True,Open to all,"Basic Text,Speaker,Topic,Format Varies,Share meeting,Book Study,Parking Available",Venue Info: Knock on door if the meeting has started for entry.,Northamptonshire,Midlands,England,Narcotics Anonymous
b07280ba-88ce-50d2-ac64-d1e67ac342ec,We Do Recover,19:30,1hr 15mins,NN1 1RA,52.236654,-0.899294,The Bridge,63C Gold St,,Monday,False,False,False,True,Open to all on request,"Candlelight,Chit/MAC,No pets",Venue Info: Go Through the Front Door and up the Stairs to the Top Floor. Meeting Room on the Right.,Northamptonshire,Midlands,England,Narcotics Anonymous
d6b9a9a0-ee43-5fb4-b5d1-725b16dd940a,Living Clean,19:30,"1hr ",DE7 8NJ,52.987317,-1.310816,"Derwent Room, Cantelupe Centre","St Mary’S Church Yard,Market Place,Ilkeston",,Tuesday,False,True,False,True,Open to all,"Children Welcome,Living Clean Study,No pets,Share meeting","Every Week a Short Reading from the Living Clean Book.
Bus Routes: 2
Travel Comment: Parking Available 100 Yards away at Pimlico Car Park DE7 8AAThe Parking will be Free because it is after 18:00pm.",Nottinghamshire or Leicestershire,Midlands,England,Narcotics Anonymous
56f95745-190a-59f7-a9a0-52f161e8f500,Loughborough Thursday,19:30,"2hr ",LE11 1TG,52.77246,-1.204883,"Millennium Suite, Loughborough Baptist Church","Baxter Gate,Loughbough",,Thursday,False,True,False,True,Open to all on request,"Candlelight,Just For Today Book Study,Share meeting,Illness,No children,Book Study,Parking Available","Venue Info: Entrance in between Revelation and Baxter store, There is a car park with a barrier Ballard the meet and greet person can Lower.
The Meeting format is Just for Today, with a Main Share once a Month .",Nottinghamshire or Leicestershire,Midlands,England,Narcotics Anonymous
7b2d435e-f61b-5f0e-993b-6d86e81860bf,Nottingham 7:30Pm Group,19:30,1hr 30mins,NG1 5AE,52.954407,-1.15725,St Barnabus Cathedral Hall,Off Derby Rd,,Thursday,False,False,False,True,Open to all,"Just For Today Book Study,Chit/MAC,No pets","Venue Info: The meeting venue is on the corner of College Street and Wellington Circus behind the cathedral
No dogs allowed in the building or in the Cathedral grounds except guide dogs. If you have a guide dog then if possible please contact the venue in advance.",Nottinghamshire or Leicestershire,Midlands,England,Narcotics Anonymous
4cd9c470-a678-565d-9bda-7c7624092fe4,Step Meeting,19:30,1hr 30mins,NG1 5AE,52.954407,-1.15725,St Barnabus Cathedral Hall,Off Derby Rd,,Monday,False,True,False,True,Open to all,"Beginner/Newcomer,Basic Text,Children Welcome,Step,Step Working Guide Study,No pets,Share meeting","Venue Info: The meeting venue is on the corner of College St & Wellington Circus behind the cathedral. Wheelchair access is available on request. Please turn up by 7.15pm or contact in advance
No dogs allowed in the building or in the Cathedral grounds except guide dogs. If you have a guide dog then if possible please contact the venue in advance.",Nottinghamshire or Leicestershire,Midlands,England,Narcotics Anonymous
03f04f9a-de2f-5f7c-a06e-6db9044f9641,Basic Text Book Study,19:30,1hr 30mins,BH12 4DY,50.737879,-1.921714,"Room 2, Bourne Community Hub","Northmere Road,Poole",,Monday,False,True,False,False,Open to addicts only,"Basic Text,No pets","Open to all on the 4th Monday of the month
Bus Routes: 7B, 16, 17
Travel Comment: The Bourne Community Hub is not far from McDonald's on Alder Hills",Poole and District,South West,England,Narcotics Anonymous
7a98ce7d-383b-5bb1-810b-ecd22056f040,JFT Or Speaker,19:30,1hr 30mins,ST5 1EJ,53.013375,-2.22164,"Main Hall, Congregational Church","King Street,Newcastle-Under-Lyme",,Thursday,False,False,False,False,Open to addicts only,"Format Varies,No pets,No children","Venue Info: Doors Open at 7.00pm
The Format of the Meeting Varies, JFT Reading or Step/ESH Chair.",Potteries and District,Midlands,England,Narcotics Anonymous
50fce030-bac4-5d25-a51c-083662f33295,Friday Freedom,19:30,"1hr ",GL1 1UA,51.8625295,-2.2385908,Friends Meeting House,"Greyfriars,Gloucester",,Friday,False,False,False,True,Open to all,Speaker,"All welcome, In Loving service
Bus Routes: 94 straight to Gloucester city centre",Severn,South Midlands,England,Narcotics Anonymous
d905d1b1-6d9e-515d-abb2-add90322de0f,The Living Clean Mens Meeting,19:00,"1hr ",GL50 1TH,51.896901,-2.076396,The Isbourne,"2 Wolseley Terrace,Cheltenham",,Thursday,False,False,False,True,Open to all,Living Clean Study,,Severn,South Midlands,England,Narcotics Anonymous
07a3266f-2678-52c1-a84d-a445c6ad8db3,Thursday Night Survivors Meeting,19:30,1hr 15mins,GL1 5PT,51.852576,-2.250266,City Church Gloucester,"The Chapel,Seymour Road,Gloucester",,Thursday,False,False,False,True,Open to all on request,"Format Varies,Parking Available",,Severn,South Midlands,England,Narcotics Anonymous
8343e800-e916-53f0-9afc-e767ce3d7af9,Saturday Night Meeting,19:00,"1hr ",TF1 3BX,52.704343,-2.518933,Strickland House,"The Lawns, Wellington",,Saturday,False,True,False,True,Open to all on request,"Beginner/Newcomer,Basic Text,Speaker,Share meeting,Parking Available",Just For Today Reading,Shropshire,Wales and Borders,England,Narcotics Anonymous
cc0c9982-0ecf-5456-9ca3-b1af430c79ad,A New Way,18:30,"1hr ",BA10 0EB,51.111798,-2.452903,Bruton Community Hall,Silver St,,Thursday,False,False,False,True,Open to all,"Speaker,Topic,Share meeting,Pets Welcome",Venue Info: The Green Door,Somerset,South West,England,Narcotics Anonymous
931cbdcd-8957-5447-a4b1-745b92424bff,Living Clean Study / Share,19:00,1hr 30mins,BS23 3SJ,51.331294,-2.965121,St Andrews Church,68 Lonsdale Ave,,Tuesday,False,False,False,False,Open to addicts only,"Living Clean Study,Share meeting",,Somerset,South West,England,Narcotics Anonymous
cedb7a64-2207-5e48-a8e9-30a2ddb3ba79,Themed Meeting,18:00,1hr 30mins,BS23 3SJ,51.331294,-2.965121,St Andrews Church,68 Lonsdale Ave,,Friday,False,False,False,False,Open to addicts only,"Speaker,Topic,Share meeting","Venue Info: Back of Healthy Living Centre
This is a themed meeting
Bus Routes: 3",Somerset,South West,England,Narcotics Anonymous
264cbff5-757d-5997-990a-e90a3fad50c0,Primary Purpose,19:30,1hr 40mins,TQ1 4BX,50.470036,-3.535815,St Mary Magdalene Church Hall,Union St,,Thursday,False,True,False,True,Open to all on request,"Beginner/Newcomer,Speaker,Format Varies,Parking Available",Bus Routes: No 12 from Paignton/Brixham,South Devon,South West,England,Narcotics Anonymous
fec329b8-1888-5108-b91b-7e40a87dc7f6,Totnes Men's Group,10:00,"1hr ",TQ9 5RP,50.431045,-3.685409,Totnes United Free Church,"56 Fore Street,Totnes",,Saturday,False,False,False,False,Open to addicts only,"Literature Study,Men,Meditation,No pets,Share meeting,Spiritual Principle A Day","Venue Info: Lefthand Side Gate of Main Entrance - Follow Passageway to the Very End (1 Minutes Walk) To Courtyard and Double Doors at Rear of Church. Unfortunately, No Pets/Dogs Allowed in the Venue.The Meeting Room Switches Every First Saturday of the Month. Will be Signposted.
The Meeting Format is the Spiritual Principle a Day Reading, Meditation and Sharing Back.
Bus Routes: Gold (Torquay, Plymouth) - No. 7 (Exeter)
Travel Comment: 10 Minutes Walk from Train Station - Town Car Parks Nearby.",South Devon,South West,England,Narcotics Anonymous
987e3aa9-2737-5895-86eb-e5c860271ee2,Totnes Tuesday Group,19:30,1hr 30mins,TQ9 5RP,50.431045,-3.685409,"To The Rear Of The Church, Totnes United Free Church","56 Fore Street,Totnes",,Tuesday,False,True,False,True,Open to all,"Literature Study,Speaker,Format Varies,No pets","Venue Info: Entrance Through Green Gate on the Left Hand Side of the Building.
The Format of the Meeting Alternates Between an Experience, Strength & Hope Main Chair and a Reading from the NA Literature.",South Devon,South West,England,Narcotics Anonymous
688d21ad-eaec-5cec-a2de-619931426a97,Share Meeting,18:00,1hr 30mins,CO10 2SP,52.037456,0.730166,The Salvation Army,1 Station Rd,,Saturday,False,False,False,True,Open to all,"Basic Text,Children Welcome,Share meeting",Venue Info: Please use rear entrance from Christopher Lane,South East Anglian,Eastern,England,Narcotics Anonymous
24886710-3a35-58b9-bfc2-924a1f605a6d,Didcot Stick And Share,19:45,"1hr ",OX11 8RQ,51.606109,-1.240476,Didcot Methodist Church,"The Broadway,Didcot",,Monday,False,True,False,True,Open to all,"Beginner/Newcomer,Candlelight,Speaker,Topic,Share meeting,Parking Available","Venue Info: Church opposite the Jobcentre on Broadway. Entrance to meeting round the back of the Church, off Mereland Road.Small carpark available.
Topic and Speaker meeting, alternating each week.",South Midlands,South Midlands,England,Narcotics Anonymous
7c6df1ca-1015-5407-af0a-6ec79b320eca,"Experience, Strengh & Hope",19:30,1hr 15mins,OX28 6LU,51.786727,-1.496822,Our Lady And Saint Hugh,3 Dene Rise,,Thursday,False,False,False,False,Open to addicts only,,"Venue Info: Please Come into the Building and Go Up the Stairs to Your Right.
Experience Strength & Hope Share.",South Midlands,South Midlands,England,Narcotics Anonymous
c9457ef9-13b0-5b83-bec2-250b7eec5d7a,Oxford Tuesday,19:30,1hr 30mins,OX2 6HT,51.760201,-1.261323,St Giles' Church Parish Rooms,"10 Woodstock Road,Oxford",,Tuesday,False,True,False,True,Open to all on request,"Speaker,No pets,Share meeting","The Format of the Meeting is an Experience, Strength & Hope Main Chair Every Week.",South Midlands,South Midlands,England,Narcotics Anonymous
5daf711f-1f69-52b2-a826-46a459456740,Doncaster NA - Alternating Main Shares & Ask-It-Basket,19:00,1hr 30mins,DN1 2EZ,53.523835,-1.127095,Aspire,41 Thorne Road,,Thursday,False,True,False,True,Open to all on request,"Children Welcome,Literature Study,Speaker,Format Varies,Share meeting,Parking Available,Pets Welcome","Venue Info: Door on the Side facing Christ Church Road, Labelled 41.Free Parking Available on Road and Behind the Building.
Meeting Format is Primarily an NA Literature Reading. 
Once a Month There will be an Experience, Strength & Hope Main Share.",South Yorkshire and North East Derbyshire,North East,England,Narcotics Anonymous
92f450b8-a94d-541a-93a9-fd0c5a3d11fb,Leigh Park Just For Today,19:30,"1hr ",PO9 4BU,50.869998,-1.001055,"Room C, Middle Park School","Dickinson's Building,Middle Park Way,Havant",,Monday,False,True,False,True,Open to all,"Beginner/Newcomer,Children Welcome,Literature Study,Speaker,No pets,Venue unavailable on public holidays,Share meeting,Timer,Book Study,Parking Available","Venue Info: The Meeting is Located in the Dickinson's Building, the Part of the Building we Use has a Pale Pink/Red Roof and Visible from the Roadside.It is a School so No Smoking or Vaping on Site. This Can be Done by the Gates before Entering the Premises.
The Format of the Meeting Alternates from an Experience, Strength & Hoper Chair and Reading of NA Literature.
Bus Routes: From Portsmouth. 23, 39 & 21
Travel Comment: Free Onsite Parking Available.",Southdown,South East,England,Narcotics Anonymous
3aa4d032-d3d9-59d4-9c55-127cba340cd7,Newcomers Meeting,19:30,1hr 30mins,PO5 4EY,50.795299,-1.086291,"Room 3, Somerstown Central Community Centre","Rivers Street,Southsea",,Tuesday,False,True,False,False,Open to addicts only,"Beginner/Newcomer,Speaker,No pets,Venue unavailable on public holidays,Share meeting,No children",,Southdown,South East,England,Narcotics Anonymous
196439ec-b459-534c-b0c8-fbd4f469f418,Shanklin Steps,19:00,1hr 15mins,PO37 6HU,50.6266238,-1.1910982,Ymca Winchester House,Sandown Rd,,Thursday,False,False,False,True,Open to all on request,"Basic Text,Children Welcome,Step,Share meeting,Parking Available,Pets Welcome","The Format of the Meeting is Reading a Step from the Basic Text and Sharing Back. 
Fellows Bringing Children, Please Can They be Supervised and Ideally Wearing Headphones.",Southdown,South East,England,Narcotics Anonymous
d108cfef-7659-5f20-b747-bf65088d63f7,Just For Today,18:15,1hr 30mins,NE11 9SS,54.950617,-1.641025,"Jo's Cafe, Dunston Activity Centre","Ellison Road,Dunston,Gateshead",,Tuesday,False,True,False,True,Open to all,"Beginner/Newcomer,Just For Today Book Study,Literature Study,Speaker,Venue unavailable on public holidays,Share meeting,Parking Available","Venue Info: Ask at reception for directions to Jo's Cafe (no need to mention NA and no need to sign-in)
Bus Routes: 49, 49A, 90, 96, X30, X31, X71",Tyne and Northumbria,North East,England,Narcotics Anonymous
7aaf6428-60d1-5a9a-8c92-6707a772c2af,Roots Of Recovery,18:30,1hr 30mins,NE29 0AL,55.00998,-1.448622,Oaktrees,"60A Bedford Street,North Shields",,Wednesday,False,True,False,False,Open to addicts only,"Beginner/Newcomer,Format Varies",,Tyne and Northumbria,North East,England,Narcotics Anonymous
47814634-3758-5fc6-8ddd-720048f90675,Serenity Sunday,14:00,1hr 30mins,NE4 7JN,54.967194,-1.625848,George Street Social,45-51 George St,,Sunday,False,False,False,True,Open to all on request,"Beginner/Newcomer,Speaker,Share meeting",,Tyne and Northumbria,North East,England,Narcotics Anonymous
66c48942-fb0e-5ab9-a40f-390c64f8b484,Steps & Traditions Meeting,19:00,1hr 30mins,NE4 9XD,54.984451,-1.660225,Fenham Library,"Fenham Hall Drive,Newcastle Upon Tyne",,Wednesday,False,True,False,True,Open to all,"Children Welcome,Literature Study,Step,Tradition,No pets,Share meeting","'Open meeting' third Wednesday of each month
1st Wednesday of each month focused on a Tradition (Tradition 1 in January, 2 in February, etc); Other weeks the meeting focuses on a Step",Tyne and Northumbria,North East,England,Narcotics Anonymous
cf240d5b-82de-5f48-ba7d-b083c3386f7a,Go With The Flow - Share Meeting,19:00,1hr 30mins,TN9 1SG,51.192593,0.272476,"Room 1 Downstairs, Christ Church United Reformed Church","High Street,Tonbridge",,Sunday,False,False,False,True,Open to all,"Step,Tradition,No pets","Venue Info: Entrance at rear of building, access from Sainsbury's car park.",West Kent,South East,England,Narcotics Anonymous
bffeae77-65d1-5985-893f-ae03646dd4f0,Inclusion LGBTQIA+,19:00,1hr 30mins,LS1 6JH,53.79774,-1.544515,"The Basement Meeting Room, Change Grow Live","34 Albion Place,Leeds",,Friday,False,False,False,True,Open to all on request,"Children Welcome,LGBT+,Literature Study,Speaker,Format Varies,Chit/MAC,Share meeting,Book Study","Venue Info: Access via stone staircase beside 34 Albion Place, behind black metal fencing, signposted the basement.
Our 'Meet and Greet' Service Member can be Found at Albion Place, Leeds up to 20 Minutes Before the Meeting with a Rainbow Umbrella, Please Approach to be Welcomed into our Fellowship. 
For any Disabled Access and Support whilst Visiting our Venue, Please Speak with any Service Member, We Recommend Attending our Online Meeting to Discuss any Mobility Support Required and Plan Ahead of your Visit.
Travel Comment: Leeds City Centre and City Bus Station5 - 10 Minutes Walk from all City Centre Public Transport Stations.Paid Car Parking is Available Across the City Centre Closest 5 Minutes Walk from Venue, Q Park Albion Street and NCP The Core Albion StreetDisabled Parking Available in Albion Street Free with Blue Card Scheme, Search by Post Code LS1 6HJOther Members Regularly use Victoria Leeds Multi-Storey LS2 7AS, Evening Charge (5pm to 6am) £5. Located 10 Minutes Walk from our Venue, Offers the Opportunity to Return to your Vehicle with Friends Safely after our Meeting.",West Riding,North East,England,Narcotics Anonymous
b86ae5cc-10b6-55cb-92b6-b1c2fae554b1,Women’S Meeting,17:00,"1hr ",LS28 7BE,53.795912,-1.662716,"In The Downstairs Room, Pudsey House","Market Place,Pudsey,Leeds",,Sunday,False,False,False,True,Open to all,"Speaker,Topic,Women","Venue Info: This venue is not in central Leeds.It is situated at Pudsey bus station.Buses 4 or 16 from Leeds City Centre.No disabled access.
Bus Routes: 4, 16",West Riding,North East,England,Narcotics Anonymous
8bac2f2b-c1ca-5936-967d-a272017a9deb,Horsham,19:45,1hr 30mins,RH12 1SL,51.062617,-0.333182,Friends Meeting House,Worthing Rd (Opp Sainsbury's),,Thursday,False,False,False,False,Open to addicts only,"Candlelight,Speaker,Share meeting",,West Sussex,South East,England,Narcotics Anonymous
5d739be3-cf19-5d50-979f-6ff1d9f3eb52,Shoreham Thursday,10:00,"1hr ",BN43 5WD,50.834201,-0.273532,Shoreham Baptist Church,1A Western Rd,,Thursday,False,True,False,True,Open to all on request,"Children Welcome,Just For Today Book Study,No pets,Share meeting,Parking Available",Travel Comment: A few minutes walk from Shoreham Train Stn,West Sussex,South East,England,Narcotics Anonymous
f0080db1-df3d-538c-b711-d6702e98697f,Huddersfield Tuesday Group,19:00,1hr 15mins,HD1 2BP,53.645108,-1.783831,Tbrp Huddersfield,"Union Bank, 3A Union Bank Yard, New St",,Tuesday,False,False,False,True,Open to all on request,"Basic Text,Just For Today Book Study,Living Clean Study,Questions & Answers","""Open to all"" first Tuesday of the month",West Yorkshire,North East,England,Narcotics Anonymous
22aff515-d67f-565e-b667-b28b5d52a96f,"Experience, Strength & Hope Meeting",19:00,1hr 30mins,BA1 5LJ,51.384381,-2.360562,St Michaels Without,Broad St,,Tuesday,False,False,False,True,Open to all,"Young People,Share meeting",Venue Info: Opposite Waitrose,Wiltshire and Bath,South Midlands,England,Narcotics Anonymous
1ca2dfb3-c9ee-5c13-b125-8a54b73d3832,Swindon Women’S Meeting,19:00,"1hr ",SN2 1AB,51.57175,-1.77726,"Barnies Hall, St Barnabas Parish Church","115A Cricklade Road,Gorsehill,Swindon",,Wednesday,False,True,False,True,Open to all,"Living Clean Study,Speaker,Format Varies,Women,Parking Available",,Wiltshire and Bath,South Midlands,England,Narcotics Anonymous
e2f41de7-00c9-56d8-b1bd-b3934c93421e,"*CLOSED-24DEC,31DEC* NA Group | Ballybot House, Newry",19:00,"1hr ",BT35 8GB,54.138698,-6.356133,Ballybot House,"28 Corn Market, Newry, Co. Down",,Tuesday,False,True,False,False,,,"2nd Floor, Room C.
This is a literature study group.
This meeting is wheelchair accessible.",,,Northern Ireland,Narcotics Anonymous
f52e05a0-28b5-5cf0-ad53-cf67da552242,*CLOSED-26DEC* Hill Street Thursday NA Group | Newry Cathedral,19:30,"1hr ",BT34 1AT,54.174585,-6.338506,Newry Cathedral,"38-40 Hill Street,Newry,Co. Armagh",,Thursday,False,True,False,False,,,This meeting is wheelchair accessible.,,,Northern Ireland,Narcotics Anonymous
153ff32c-b99e-59e0-bd70-e1c1358901e0,*OPEN-25DEC* Church Street NA Group | Newtownards,18:30,"1hr ",BT23 4AN,54.595393,-5.707481,St Mark's Parish Church,"Church St, Newtownards",,Thursday,False,False,False,False,,,"Speaker Meeting on the 1st Thursday of every month, every other Thursday is a literature meeting.",,,Northern Ireland,Narcotics Anonymous
476b3f20-1b1a-5de4-aaf2-c780eda96019,*OPEN-25DEC&1JAN* Down With Recovery | NA Group | JFT Meeting,12:00,"1hr ",BT30 6DN,54.32469,-5.713084,St. Patrick's Church,"St Patrick's Avenue,Downpatrick,Co. Down",,Wednesday,False,True,False,False,,,This meeting is wheelchair accessible.,,,Northern Ireland,Narcotics Anonymous
b8d89df9-18f2-5396-9aa9-bb415eeee56a,"*SPECIAL MEETING OPEN 25DEC,1JAN - All Addicts Welcome* Doran's Hill NA Group | Thomas Davis GFC, Newry",19:00,"1hr ",BT35 8PQ,54.16875,-6.353303,Thomas Davis GFC,"21 Dorans Hill, Newry",,Wednesday,False,False,False,False,,,This is a literature study group.,,,Northern Ireland,Narcotics Anonymous
374c6fc8-2c2f-5852-b731-b157bbabe334,"*CLOSED - 29DEC* NA Group | Houben Centre, Holy Cross Church",19:30,"1hr ",BT14 7GG,54.613142,-5.963853,"Houben Centre, Holy Cross Church (Downstairs In The Flax Room)","432 Crumlin Road, Belfast",,Sunday,False,False,False,False,,,,Antrim,Northern Ireland,Northern Ireland,Narcotics Anonymous
bad6ee92-2354-5295-8366-9e597c285313,"*CLOSED-24DEC,31DEC* Lisburn Men's NA Group | Lit. Meeting",19:00,"1hr ",BT28 1XP,54.513169,-6.044006,Bridge Community Centre,"50 Railway Street,Lisburn,Co. Antrim",,Tuesday,False,False,False,False,,,This meeting is meant to be attended by men only.,Antrim,Northern Ireland,Northern Ireland,Narcotics Anonymous
90aa2ef9-12bd-5855-8ff8-843baec8cc34,"*CLOSED-24DEC,31DEC* NA Group | Donegall Pass | Meditation & SPAD Meeting",12:00,1hr 15mins,BT7 1BL,54.590867,-5.928838,Community Centre,"25 Apsley Street,Belfast,Co. Antrim",,Tuesday,False,True,False,False,,,"15 minute silent meditation followed by the Spiritual Principle a Day reading and sharing.
This meeting gathers in a facility that is usually closed on holidays.
This is a literature study group.
This meeting is wheelchair accessible.
This meeting encourages its participants to engage in quiet meditation.",Antrim,Northern Ireland,Northern Ireland,Narcotics Anonymous
808fb3be-f375-503c-b1a4-90f1476f8f52,"*CLOSED-25DEC,01JAN* NA Group | Bridge Community Cntr, Lisburn | Basic Text / Speaker Meeting",19:00,"1hr ",BT28 1XP,54.513169,-6.044006,Bridge Community Centre,"50 Railway Street,Lisburn,Co. Antrim",,Wednesday,False,False,False,False,,,Speaker mtg 1st week / Basic Text Lit. mtg remaining weeks of the month.,Antrim,Northern Ireland,Northern Ireland,Narcotics Anonymous
4dbc942d-07d7-5899-9570-cdf29d753b59,"*CLOSED-25DEC,01JAN* NA Group | Sandy Row",11:00,"1hr ",BT12 5ER,54.591976,-5.936951,Sandy Row Community Centre,"63/75 Sandy Row, Belfast",,Wednesday,False,True,False,False,,,"In the committee room at the rear of building. Format alternates between Literature/Topic/Speaker meeting.
This meeting gathers in a facility that is usually closed on holidays.
This is a literature study group.
This meeting is wheelchair accessible.",Antrim,Northern Ireland,Northern Ireland,Narcotics Anonymous
9e3d7d03-b9ee-5522-8680-6ec42676b4ef,"*CLOSED-26DEC,02JAN* NA Group | Sandy Row | Women's Meeting",11:00,"1hr ",BT12 5ER,54.591976,-5.936951,Sandy Row Community Centre,"63/75 Sandy Row, Belfast",,Thursday,False,True,False,False,,,"In the committee room at the rear of building. Format alternates between Literature/Topic/Speaker meeting.
This meeting is meant to be attended by women only.
This meeting gathers in a facility that is usually closed on holidays.
This is a literature study group.
This meeting is wheelchair accessible.",Antrim,Northern Ireland,Northern Ireland,Narcotics Anonymous
3bd9a7cb-1a59-54ee-9794-70f431a73f05,*CLOSED-26DEC* NA Group | Mcquiston Church | It Works Meeting,12:30,"1hr ",BT5 5FE,54.590168,-5.897682,Mcquiston Memorial Presbyterian Church,"83 Castlereagh Rd, Belfast",,Thursday,False,True,False,False,,,"This meeting is focused on discussion of the Twelve Steps of NA.
This is a literature study group.
This meeting is wheelchair accessible.",Antrim,Northern Ireland,Northern Ireland,Narcotics Anonymous
7e0d5502-8f89-563d-9cea-d14379376721,*CLOSED-27DEC* Lisburn Men's NA Group | Lit. Meeting,19:00,"1hr ",BT28 1XP,54.513169,-6.044006,Bridge Community Centre,"50 Railway Street,Lisburn,Co. Antrim",,Friday,False,False,False,False,,,This meeting is meant to be attended by men only.,Antrim,Northern Ireland,Northern Ireland,Narcotics Anonymous
69b7a487-ae15-53c1-9cc6-68160da22e46,"*CLOSED-28DEC* NA Group | Bridge Community Cntr, Lisburn | SPAD Meeting",10:00,"1hr ",BT28 1XP,54.513169,-6.044006,Bridge Community Centre,"50 Railway Street,Lisburn,Co. Antrim",,Saturday,False,False,False,False,,,This is a literature study group.,Antrim,Northern Ireland,Northern Ireland,Narcotics Anonymous
c04bcf7c-5fb8-5a1d-afba-917e0bd098aa,*CLOSED-30DEC* Lisburn NA Group | JFT Meeting,19:00,"1hr ",BT28 1XP,54.513169,-6.044006,Bridge Community Centre,"50 Railway Street,Lisburn,Co. Antrim",,Monday,False,False,False,False,,,"This is a relatively new meeting, that has been started within the past 6 months.",Antrim,Northern Ireland,Northern Ireland,Narcotics Anonymous
c861a2d7-19de-5798-8875-a3a478da1fc7,"*OPEN-17,24,31DEC* NA Group | Fitzroy (**This Meeting Does NOT Operate On The 1St Tue Of Every Month)",18:45,"1hr ",BT7 1HU,54.585415,-5.928944,,"119 Fitzroy Avenue, Belfast",,Tuesday,False,False,False,False,,,Does NOT operate on 1st Tuesday of every month.,Antrim,Northern Ireland,Northern Ireland,Narcotics Anonymous
ba539e9b-d210-5d35-85de-5212c4bc14e8,"*OPEN-20,27DEC,3JAN* NA Group | Fitzroy",12:00,"1hr ",BT7 1HU,54.585415,-5.928944,,"119 Fitzroy Avenue, Belfast",,Friday,False,False,False,False,,,,Antrim,Northern Ireland,Northern Ireland,Narcotics Anonymous
bec2d503-1f6b-55b5-ba82-c16d7c6db436,"*OPEN-21,28DEC,4JAN* NA Group | Fitzroy | JFT Meeting",17:00,"1hr ",BT7 1HU,54.585415,-5.928944,,"119 Fitzroy Avenue, Belfast",,Saturday,False,False,False,False,,,,Antrim,Northern Ireland,Northern Ireland,Narcotics Anonymous
9f00d899-6c8b-54e2-a159-0f1bd9a23598,*OPEN-25DEC ONLY* NA Group | Fitzroy | 25 DEC ONLY,11:00,"1hr ",BT7 1HU,54.585415,-5.928944,,"119 Fitzroy Avenue, Belfast",,Wednesday,False,False,False,False,,,,Antrim,Northern Ireland,Northern Ireland,Narcotics Anonymous
e30444d6-c8e1-542f-9b8b-c978f19b3579,"*OPEN-25DEC,1JAN*Oldpark Road NA Group | Sacred Heart Parish Centre",19:00,"1hr ",BT14 7DP,54.613674,-5.950111,Sacred Heart Church,"1B Glenview Street,Belfast,Antrim",,Wednesday,False,False,False,False,,,"This is a relatively new meeting, that has been started within the past 6 months.",Antrim,Northern Ireland,Northern Ireland,Narcotics Anonymous
78809377-e585-55df-8b16-08236adaf052,*OPEN-7JAN* NA Group | Fitzroy (**This Meeting Operates On The 1St Tue Of Every Month ONLY),19:00,"1hr ",BT7 1HL,54.585936,-5.931022,Fitzroy Presbyterian Church,"77 University Street, Belfast",,Tuesday,False,False,False,True,,,ONLY operates on 1st Tuesday of every month - OPEN to non-addicts.,Antrim,Northern Ireland,Northern Ireland,Narcotics Anonymous
5c6c0d98-b4ba-5fe6-895c-d68e3f16902b,"*CLOSED-25DEC* NA Group | The Mill, Coalisland | JFT Meeting",19:30,"1hr ",BT71 4LP,54.539783,-6.700863,Coalisland Cornmill,"Lineside, Coalisland",,Wednesday,False,True,False,False,,,"Top floor.
This is a literature study group.
This meeting is wheelchair accessible.",Tyrone,Northern Ireland,Northern Ireland,Narcotics Anonymous
28fb72db-e4f2-5779-9f53-85ccdb57f51d,"*CLOSED-26DEC,02JAN* Out Of The Ashes | NA Group | Omagh",19:30,"1hr ",BT79 0NS,54.589973,-7.270642,,"The Asha Centre For Addictions, Omagh",,Thursday,False,False,False,False,,,"This is a relatively new meeting, that has been started within the past 6 months.",Tyrone,Northern Ireland,Northern Ireland,Narcotics Anonymous
f1a95da2-c917-5d93-bd37-ca2fda804fa2,"*OPEN -21DEC,28DEC,04JAN* NA Group | The Mill, Coalisland | SPAD Meeting",11:00,"1hr ",BT71 4LP,54.539783,-6.700863,Coalisland Cornmill,"Lineside, Coalisland",,Saturday,False,True,False,False,,,"Top Floor.
This is a literature study group.
This meeting is wheelchair accessible.",Tyrone,Northern Ireland,Northern Ireland,Narcotics Anonymous
48ff38ad-f597-5492-80b1-af3b3b037d12,"*OPEN-23DEC,30DEC* NA Group | The Mill, Coalisland | Speaker Meeting",19:30,"1hr ",BT71 4LP,54.539783,-6.700863,Coalisland Cornmill,"Lineside, Coalisland",,Monday,False,True,False,False,,,"Top floor.
This is a relatively new meeting, that has been started within the past 6 months.
This meeting is wheelchair accessible.",Tyrone,Northern Ireland,Northern Ireland,Narcotics Anonymous
416050d9-5afa-545e-9f50-e2fd16ec4ecb,,20:00,"1hr ",F42 YT51,53.6285773,-8.1937731,St. Michael's Family Life Center,"Abbey Street, Roscommon Town",,Tuesday,False,False,False,False,,,St Comans Club.,,,Republic of Ireland,Narcotics Anonymous
b44cd5fc-5017-5ee4-ad3f-44951f2dc3fb,Abbeyfeale NA Meeting,20:00,1hr 30mins,V94 F7D9,52.3870384,-9.2912652,Parish Office,"Convent Street,Abbeyfeale,Co. Limerick",,Monday,False,False,False,False,,,,,,Republic of Ireland,Narcotics Anonymous
4d23edb6-6720-5f56-92a9-861471235e59,Aiseiri,20:00,"1hr ",Y35 AH70,52.3214815,-6.449516,Aiséiri,"Rosslare Road,Roxborough,Wexford",,Friday,False,False,False,False,,,,,,Republic of Ireland,Narcotics Anonymous
2cd07513-7ce0-5f79-86fc-badb028a679c,Alive And Free,19:30,1hr 30mins,F91 N778,54.2763721,-8.4714502,Sligo Northside Community Centre,"Holborn Hill, Rathquarter, Sligo",,Wednesday,False,False,False,False,,,CLOSED Dec 25th and Jan 1st.,,,Republic of Ireland,Narcotics Anonymous
763e1925-10db-52d4-925d-db28af194b84,Arklow Group,18:30,"1hr ",Y14 RV04,52.7975257,-6.1663672,CBS School,"Coolgreaney Road,,Arklow,Co. Wicklow",,Thursday,False,False,False,False,,,,,,Republic of Ireland,Narcotics Anonymous
5d0a811f-de74-5df0-a79a-77cc51cfd556,Ballybunion Recovery By The Sea,19:00,"1hr ",V31 RT61,52.5172099,-9.6753927,St Josephs Secondary School,"Doon Road,Ballybunion,Co. Kerry",,Sunday,False,False,False,False,,,"At the back of the school in prefab building.
This meeting is focused on discussion of the Twelve Steps of NA.",,,Republic of Ireland,Narcotics Anonymous
d80d2b0b-fcd9-5b41-ab70-23e5c0e77e78,Ballybunion Recovery By The Sea,20:00,"1hr ",V31 RT61,52.5172099,-9.6753927,St Josephs Secondary School,"Doon Road,Ballybunion,Co. Kerry",,Friday,False,False,False,False,,,"At the back of the school in prefab building.
This meeting is focused on discussion of the Twelve Steps of NA.",,,Republic of Ireland,Narcotics Anonymous
e24521cd-17ff-5aa6-a93e-f289eecfa7c6,Carrick On Suir N.A.,18:00,"1hr ",E32 EE08,52.3465979,-7.416797,River Rescue Building,"North Quay, Carrick On Suir",,Saturday,False,False,False,False,,,,,,Republic of Ireland,Narcotics Anonymous
949fbb2f-d0fc-5f16-b84b-0cb843091e49,"CDP, Athy",20:30,"1hr ",R14 NN97,52.9956136,-6.9923195,Community Family Resource Centre,"Woodstock Street, Athy",,Sunday,False,False,False,False,,,,,,Republic of Ireland,Narcotics Anonymous
99824a69-fa7a-52ae-9017-ccbd90227e42,"CDP, Athy",20:00,"1hr ",R14 NN97,52.9956136,-6.9923195,Community Family Resource Centre,"Woodstock Street, Athy",,Wednesday,False,False,False,False,,,,,,Republic of Ireland,Narcotics Anonymous
71286c74-1dd4-5256-9d7e-1feccd68b5d5,Drogheda Women's Meeting,18:00,"1hr ",A92 RF2P,53.7148545,-6.3492071,The Stables,"Batchelors Lane,Drogheda,Co. Louth",,Saturday,False,False,False,False,,,This meeting is meant to be attended by women only.,,,Republic of Ireland,Narcotics Anonymous
894b64c9-c37e-5f4c-9ce3-30724cb8d17a,Experience Strength And Hope,20:00,1hr 30mins,X91 FH04,52.2574052,-7.1104502,Sacristy St. John's Church Parnell Street,Waterford City,,Friday,False,False,False,False,,,,,,Republic of Ireland,Narcotics Anonymous
1710fafa-17e7-5b46-bef6-feaa62e8192f,Experience Strength Hope Meeting,13:00,"1hr ",X91 FH04,52.2574052,-7.1104502,Sacristy St. John's Church Parnell Street,Waterford City,,Saturday,False,False,False,False,,,,,,Republic of Ireland,Narcotics Anonymous
2e8db7fa-9daf-549a-a47e-d58abca70c06,Fethard,20:30,1hr 15mins,E91 X2W9,52.4675518,-7.6925855,Fr. Tirry Centre,"Barrack Street,Fethard,Co. Tipperary",,Wednesday,False,False,False,False,,,Near Centra.,,,Republic of Ireland,Narcotics Anonymous
748df702-b100-567a-bfcc-aa28708b29d1,Fethard,10:30,"1hr ",E91 X2W9,52.4675518,-7.6925855,Fr. Tirry Centre,"Barrack Street,Fethard,Co. Tipperary",,Saturday,False,False,False,False,,,Near Centra.,,,Republic of Ireland,Narcotics Anonymous
458ffbbb-4bda-594d-b2bc-47eebe062a4d,For The Newcomer - 1St Tuesday Of Month Is Step Meeting,20:00,"1hr ",R93 AE39,52.8360131,-6.9116874,Parish Community Centre,"Brownshill Rd, Askea",,Tuesday,False,False,False,False,,,,,,Republic of Ireland,Narcotics Anonymous
9dac9938-b2d0-591e-8977-2c528a8a25bf,Hugs Not Drugs,20:30,"1hr ",R95 XH7K,52.653887,-7.2467376,"Back Of St Johns Church, (Opp. Mc Donaghs Shopping Centre)","Dublin Rd, Kilkenny",,Sunday,False,False,False,False,,,,,,Republic of Ireland,Narcotics Anonymous
b672a9a4-a743-5364-a338-cd2bf091e837,Hugs Not Drugs,20:30,"1hr ",R95 XH7K,52.653887,-7.2467376,Back Of St Johns Church  (Opp. Mcdonaghs Shopping Centre),"Dublin Rd, Kilkenny",,Tuesday,False,False,False,False,,,This meeting is focused on discussion of the Twelve Steps of NA.,,,Republic of Ireland,Narcotics Anonymous
53808c33-3e5f-5688-810d-0e6ca0f5de63,Hugs Not Drugs,20:30,"1hr ",R95 XH7K,52.653887,-7.2467376,Back Of St. John’S Church  (Opp. Mcdonaghs Shopping Centre),"Dublin Rd, Kilkenny",,Thursday,False,False,False,False,,,,,,Republic of Ireland,Narcotics Anonymous
cbef28e7-3bcb-5d62-aada-5f3fc0d9d9a3,JFT Meeting Castlebar,20:00,"1hr ",F23 FX99,53.858661,-9.3007996,Parish Centre,"Upper Chapel Street, Garryduff, Castlebar",,Monday,False,False,False,False,,,,,,Republic of Ireland,Narcotics Anonymous
26f6a28b-6360-59a9-9d00-22b4fea43023,Just For Today Meeting,19:00,"1hr ",X91 WKR8,52.2557603,-7.1124533,Maranatha Christian Community Church,"1B Poleberry Link Road, Waterford",,Thursday,False,False,False,False,,,,,,Republic of Ireland,Narcotics Anonymous
9e686da3-568b-5a04-a937-9389aa27b319,Keep It Simple Group,20:30,"1hr ",R93 FF08,52.8365127,-6.939221,Sacred Heart Hall,"Chaff Street, Graiguecullen",,Wednesday,False,False,False,False,,,,,,Republic of Ireland,Narcotics Anonymous
5ce4f93a-73ec-5a7a-bd4f-41b425a916f0,Keep It Simple Group,20:30,"1hr ",R93 FF08,52.8365127,-6.939221,Sacred Heart Hall,"Chaff Sreet, Graiguecullen",,Friday,False,False,False,False,,,,,,Republic of Ireland,Narcotics Anonymous
30fbda4b-6d98-5829-a0fe-23686f57e1e9,Keep It Simple Group Step Meeting,12:00,"1hr ",R93 FF08,52.8365127,-6.939221,Sacred Heart Hall,"Chaff Street, Graiguecullen",,Sunday,False,False,False,False,,,This meeting is focused on discussion of the Twelve Steps of NA.,,,Republic of Ireland,Narcotics Anonymous
d2d723e2-acd5-5533-8a14-18b50d3950ce,Kildare Town NA,20:30,"1hr ",R51 D803,53.1560634,-6.9128814,Teach Dara Resource Centre,"Academy Street, Kildare Town",,Monday,False,False,False,False,,,STARTING January 27th.,,,Republic of Ireland,Narcotics Anonymous
02b8b653-2466-500b-b7e3-95d1b955f2d0,Limerick JFT Meeting,10:30,"1hr ",V94 YYK1,52.6583419,-8.624919,Total Families Support Limerick,"Father Russell Square, 291 Hyde Road",,Tuesday,False,False,False,False,,,"Experience Strength and Hope.
This meeting is meant to be attended by men only.",,,Republic of Ireland,Narcotics Anonymous
8d771811-290b-5732-87ad-d34a8fd93418,Limerick NA Meeting,20:30,"1hr ",V94 YYK1,52.6583419,-8.624919,Total Families Support Limerick,291 Hyde Road,,Thursday,False,False,False,False,,,Father Russell Square.,,,Republic of Ireland,Narcotics Anonymous
c4446e41-dc28-5c83-b192-da7191e8a22e,Limerick NA Meeting,10:30,"1hr ",V94 YYK1,52.6583419,-8.624919,Total Families Support Limerick,291 Hyde Road,,Friday,False,False,False,False,,,Father Russell Square.,,,Republic of Ireland,Narcotics Anonymous
293fe1e9-bc7d-5def-8b6d-e56b47490637,Limerick NA Meeting,20:30,"1hr ",V94 YYK1,52.6583419,-8.624919,Total Families Support Limerick,291 Hyde Road,,Friday,False,False,False,False,,,Father Russell Square.,,,Republic of Ireland,Narcotics Anonymous
0f8961c9-884c-5417-881f-d764b603b734,Limerick NA Meeting,18:00,"1hr ",V94 YYK1,52.6583419,-8.624919,Total Families Support Limerick,291 Hyde Road,,Saturday,False,False,False,False,,,Father Russell Square.,,,Republic of Ireland,Narcotics Anonymous
fc40efed-c809-54ca-aaf0-55e993918bd3,Limerick NA Mens Meeting,20:30,"1hr ",V94 YYK1,52.6583419,-8.624919,Total Families Support Limerick,"Father Russell Square, 291 Hyde Road",,Tuesday,False,False,False,False,,,"Experience Strength and Hope.
This meeting is meant to be attended by men only.",,,Republic of Ireland,Narcotics Anonymous
fb0286ab-7bf1-5c99-ad5b-2c1e66c696fa,Living Clean Group Dundalk,20:30,"1hr ",A91 PTT2,54.0068709,-6.418042,Redeemer Family Resource Centre,"Beechmount Drive, Cox's Demesne, Dundalk",,Tuesday,False,False,False,False,,,,,,Republic of Ireland,Narcotics Anonymous
f1b786d2-7485-54e2-81fa-c2dcb28e8264,Living Clean Revision Meeting,11:30,"1hr ",A91 R9H0,53.9900682,-6.3827546,Muirhevna Mor Community Centre,"83 Sliabh Foy Park, Dundalk",,Sunday,False,False,False,False,,,,,,Republic of Ireland,Narcotics Anonymous
35cc735e-94ef-552d-a4fa-0c03e8f43795,Mullingar - Step Meeting,11:00,"1hr ",N91 FY96,53.5273985,-7.3406067,1428 Club (Beside Gillerans Pub),"2 Harbour Street, Mullingar",,Saturday,False,False,False,False,,,This meeting is focused on discussion of the Twelve Steps of NA.,,,Republic of Ireland,Narcotics Anonymous
1f545697-a1ef-590e-9bda-e4fb45ea1f75,NA Belmullet,20:00,"1hr ",F26 VX22,54.2165315,-9.9805541,Wheelchair Centre,"1 College Park, Belmullet",,Friday,False,False,False,False,,,,,,Republic of Ireland,Narcotics Anonymous
e568090e-2a73-5612-938b-17f9f5e36c53,NA Carlow,20:30,"1hr ",,52.8375902,-6.9287941,Carlow Cathedral Parish Centre,"College Street, Carlow",,Saturday,False,False,False,False,,,STARTING January 25th.,,,Republic of Ireland,Narcotics Anonymous
127a746d-1298-5288-80ac-99ac73d72b24,NA Drogheda Sunday Lunchtime,13:00,"1hr ",A92 F6CN,53.712982,-6.3420139,"Friends Of Cuan Mhuire,  Teach Mhuire","Dublin Road, Drogheda",,Sunday,False,False,False,False,,,,,,Republic of Ireland,Narcotics Anonymous
b44f9208-03ff-5389-8c0b-437c7242dce4,"NA Group | Muff, Co. Donegal",19:30,1hr 30mins,F93 E032,55.0723678,-7.2678945,St. Mary's Community Hall,"Saint Mary's Hall, Muff",,Sunday,False,False,False,False,,,"This is a relatively new meeting, that has been started within the past 6 months.",,,Republic of Ireland,Narcotics Anonymous
2c93326c-35e6-5541-b5a7-f9766e0cd54f,NA Meeting,20:00,"1hr ",R93 W447,52.8013623,-6.7322471,Teach Brid,"Templeowen,Tullow,Co. Carlow",,Tuesday,False,False,False,False,,,,,,Republic of Ireland,Narcotics Anonymous
3a9b011e-e84f-5c5b-a524-4512d2dbf356,NA Meeting,20:00,"1hr ",N37 W7P3,53.4315566,-7.9429328,St. Kieran's Community Centre,"Tormey Villas,Athlone,Co. Westmeath",,Wednesday,False,False,False,False,,,,,,Republic of Ireland,Narcotics Anonymous
860c7b54-f5bf-57df-b04b-efc1c84c9900,NA Meeting,20:30,"1hr ",N37 W7P3,53.4315566,-7.9429328,St. Kieran's Community Centre,"Tormey Villas,Athlone,Co. Westmeath",,Friday,False,False,False,False,,,,,,Republic of Ireland,Narcotics Anonymous
c5877322-ee82-5eaa-92ba-f35080851850,NA Meeting,20:15,"1hr ",F31 KT57,53.6231604,-9.2230011,Credit Untion House,"Main Street,Ballinrobe,Co. Mayo",,Tuesday,False,True,False,False,,,"This meeting is focused on discussion of the Twelve Steps of NA.
This is a literature study group.
This meeting is wheelchair accessible.",,,Republic of Ireland,Narcotics Anonymous
bd8851e6-78d0-5699-b67e-99f1c9eaa28c,NA Meeting,20:00,"1hr ",F26 X310,54.1141382,-9.1588591,Community Centre,"Teeling Street,Ballina,Co. Mayo",,Wednesday,False,False,False,False,,,Temporarily in a bigger room for social distancing.,,,Republic of Ireland,Narcotics Anonymous
f9f03bea-3eaf-5376-a152-a21203cf6b52,NA Meeting,20:30,1hr 30mins,F26 V967,53.9816117,-9.114084,Hope House,"Lower Main Street,Foxford,Co. Mayo",,Saturday,False,False,False,False,,,,,,Republic of Ireland,Narcotics Anonymous
c82a39c4-3890-5c2e-be19-0c000098cff2,NA Meeting,19:30,"1hr ",F91 YY63,54.2662462,-8.4727442,MCR Community Center,"Mail Coach Road, Sligo",,Monday,False,False,False,False,,,CLOSED Dec 23rd and Dec 30th.,,,Republic of Ireland,Narcotics Anonymous
a7193104-f889-56e4-8b4f-597e6989cd6d,NA Meeting,19:45,"1hr ",F91 YX64,54.2682182,-8.4745354,Market Yard,"Caltragh,Sligo Town,Sligo",,Tuesday,False,False,False,False,,,next door to foley & mc gowans funeral home above Sligo pipe band room.,,,Republic of Ireland,Narcotics Anonymous
eb97c64e-6a64-50b7-9c97-59573f93320a,NA Meeting,17:30,"1hr ",F91 EY8K,54.269643,-8.4756758,Sligo Presbyterian Church,"Church Street, Sligo",,Saturday,False,False,False,False,,,,,,Republic of Ireland,Narcotics Anonymous
58c86941-e6b4-5257-acc3-983601c66a04,NA Meeting - Mullingar,18:00,"1hr ",N91 FY96,53.5273985,-7.3406067,1428 Club - (Beside Gillerans Pub),"2 Harbour Street, Mullingar",,Sunday,False,False,False,False,,,,,,Republic of Ireland,Narcotics Anonymous
66c9fb70-0229-59fd-8905-acbff317cf64,NA Meeting - Mullingar,20:00,"1hr ",N91 FY96,53.5273985,-7.3406067,1428 Club (Beside Gillerans Pub),"2 Harbour Street, Mullingar",,Thursday,False,False,False,False,,,,,,Republic of Ireland,Narcotics Anonymous
ec9e65ab-0e2a-5557-b910-1d726cc5e0dc,NA Sligo,19:30,"1hr ",F91 HR58,54.2724881,-8.4705496,Sligo Family Resource Center,"49 The Mall, Sligo",,Friday,False,False,False,False,,,,,,Republic of Ireland,Narcotics Anonymous
5af50b6c-9067-5bf0-ad2b-c9c425e2cd9f,NA Srah Tullamore,19:00,1hr 30mins,R35 X2N5,53.2873784,-7.5158273,Cornerstone Slieve Bloom Church,"Business Park, 3 Sragh Ave., Srah, Tullamore",,Monday,False,False,False,False,,,,,,Republic of Ireland,Narcotics Anonymous
def13b58-8eb9-5095-96d5-d669f0557927,NA The Shambles New Ross,11:00,"1hr ",Y34 TX83,52.3954336,-6.9438771,The Shambles (FDYS) Youth Cafe,"Mary Street, New Ross",,Sunday,False,False,False,False,,,,,,Republic of Ireland,Narcotics Anonymous
743bd1db-36ae-5b18-90c0-78b7328948b4,NA Tullamore,19:30,"1hr ",R35 XT26,53.272304,-7.4906743,The Tanyard Resource Centre,"Tanyard Lane, Tullamore",,Tuesday,False,False,False,False,,,,,,Republic of Ireland,Narcotics Anonymous
7a19ea49-8d50-57a9-8367-a2bca5b01046,NA Tullamore,19:30,"1hr ",R35 XT26,53.272304,-7.4906743,The Tanyard Resource Centre,"Tanyard Lane, Tullamore",,Friday,False,False,False,False,,,,,,Republic of Ireland,Narcotics Anonymous
1c1546a0-012a-5b5e-a8d1-4c75eee3e2a4,NA Waterford,18:00,"1hr ",X91 FH04,52.2574052,-7.1104502,Sacristy St. John's Church Parnell Street,Waterford City,,Monday,False,False,False,False,,,,,,Republic of Ireland,Narcotics Anonymous
42a29191-15c2-55d8-9c44-b66c34d07fcd,Naas NA Meeting,20:00,"1hr ",W91 FNV9,53.2304799,-6.6475242,Monread Community Centre,"Maudlins Avenue, Naas",,Thursday,False,False,False,False,,,,,,Republic of Ireland,Narcotics Anonymous
10997f14-fcbc-5743-aec6-29701652c5c9,Nenagh NA Meeting,20:00,"1hr ",E45 PK68,52.8633419,-8.1971031,New Institute,"Friar Street, Nenagh",,Monday,False,False,False,False,,,,,,Republic of Ireland,Narcotics Anonymous
472d1d01-3e82-5c9b-a29a-11df19a58394,Newbridge NA Group,20:00,"1hr ",W12 R622,53.1811721,-6.7994942,Newbridge Parish Centre,"Station Road,Newbridge,Co. Kildare",,Wednesday,False,False,False,False,,,,,,Republic of Ireland,Narcotics Anonymous
1fe2d277-f112-520c-9799-cf6bb273b77b,Newcastle West NA Meeting,20:00,1hr 15mins,,52.4530309,-9.0640564,Newcastle West Community Center,"Castle Demense, Newcastle West, FW3 P69",,Sunday,False,False,False,False,,,,,,Republic of Ireland,Narcotics Anonymous
6eff36db-df18-52cc-af3a-f35158e23ab5,On Life's Terms Group - Kinsale,20:00,"1hr ",P17 VH22,51.7064375,-8.524875,The Well,"Market Lane, Kinsale",,Wednesday,False,False,False,False,,,"Kinsale Youth Community Centre - Blue building, yellow door.",,,Republic of Ireland,Narcotics Anonymous
b00a39d4-d14e-5ff3-b110-998d43c5aa9f,Recovering With Love Group,18:00,"1hr ",V94 N564,52.6568614,-8.6274114,Saint Saviours Community Centre,"Fairview Court, Limerick",,Sunday,False,False,False,False,,,,,,Republic of Ireland,Narcotics Anonymous
4d52f329-469b-56a7-92e1-ce4ed51f7e0a,Recovering With Love Group,19:30,"1hr ",V94 N564,52.6568614,-8.6274114,Saint Saviours Community Centre,"Fairview Court, Lord Edward Street, Limerick",,Monday,False,False,False,False,,,,,,Republic of Ireland,Narcotics Anonymous
5d9d9a35-4c04-5d69-a522-c81055233a79,Recovering With Love Group,19:00,"1hr ",V94 KX9V,52.6484316,-8.6328117,Or Lady Of Lourdes Community Center,"Childers Road, Limerick",,Tuesday,False,False,False,False,,,,,,Republic of Ireland,Narcotics Anonymous
a2121470-0e19-5182-8227-9336e7b82cbb,Recovering With Love Group,19:30,"1hr ",V94 N564,52.6568614,-8.6274114,Saint Saviours Community Centre,"Fairview Court, Lord Edward Street, Limerick",,Wednesday,False,False,False,False,,,,,,Republic of Ireland,Narcotics Anonymous
3ee7ba3b-c140-5659-a91f-f8be0240d824,Roscrea N.A (R.N.A),20:30,"1hr ",E53 PK82,52.9516266,-7.7993566,Saint Cronan's Parish Centre,"Abbey Street, Roscrea",,Friday,False,False,False,False,,,"Parish office under the belfry.
This meeting is held by candlelight.",,,Republic of Ireland,Narcotics Anonymous
48b0d3ea-0246-56d8-b1a3-730b2b6e1d10,Skibereen NA Meeting,20:00,1hr 30mins,P81 Y433,51.5499648,-9.2654786,HSE Building,"49 North Street, Skibbereen",,Friday,False,False,False,False,,,"This meeting is held by candlelight.
This meeting encourages its participants to engage in quiet meditation.",,,Republic of Ireland,Narcotics Anonymous
e08cb52c-da33-5efd-9393-45bca9f78e05,Sligo Womens Meeting,13:00,"1hr ",F91 DVY4,54.2720774,-8.4749346,Yeats Society Sligo (In The Cafe),"Hyde Bridge, Lower O' Connell Street, Sligo",,Wednesday,False,False,False,False,,,CLOSED Dec 25th and Jan 1st.,,,Republic of Ireland,Narcotics Anonymous
0e72f8ae-d057-5d3a-8235-efd2662f3b66,Step To Freedom Group Portlaoise,20:00,1hr 15mins,R32 R624,53.0268457,-7.3220703,"Hollies Room, Clonminam Business Park","Knockmay, Portlaoise",,Monday,False,False,False,False,,,,,,Republic of Ireland,Narcotics Anonymous
19920da1-165d-5f14-96dc-877e03bb83d4,Step To Freedom Group Portlaoise,19:00,1hr 15mins,R32 R624,53.0268457,-7.3220703,"Hollies Room, Clonminam Business Park","Knockmay, Portlaoise",,Saturday,False,False,False,False,,,,,,Republic of Ireland,Narcotics Anonymous
f1b9df72-20e4-57ce-aa02-b6ebbf1f80b9,Steps To Living,20:00,1hr 15mins,C15 X0A3,53.6515946,-6.6853484,St Marys Church -,"Fair Green, Navan",,Monday,False,False,False,False,,,Down steps to left of front of church.,,,Republic of Ireland,Narcotics Anonymous
ec760c77-0ae5-59bd-a531-7305c2cd7492,Steps To Living,20:00,1hr 15mins,C15 X0A3,53.6515946,-6.6853484,St Marys Church -,"Fair Green, Navan",,Friday,False,False,False,False,,,Down steps to left of front of church.,,,Republic of Ireland,Narcotics Anonymous
e8f1fd81-ef56-5916-a2da-5e921234c8b2,Steps To Living (Please Note New Time),20:00,"1hr ",C15 X0A3,53.6515946,-6.6853484,St Marys Church -,"Fair Green, Navan",,Wednesday,False,False,False,False,,,Down steps to left of front of church.,,,Republic of Ireland,Narcotics Anonymous
35acd5d5-0c85-594f-b368-6f8f9db4bffc,Summerhill Speaker Meeting,19:30,"1hr ",Y35 KC58,52.3348683,-6.4681407,Summerhill Mental Health Centre,"Summerhill Heights, Wexford",,Monday,False,False,False,False,,,,,,Republic of Ireland,Narcotics Anonymous
56747669-419a-56a4-a2f7-e068401c71a6,The Alternative Group,19:00,"1hr ",F91 RC2N,54.265082,-8.464513,,"11 Devins Dr., Sligo",,Thursday,False,False,False,False,,,,,,Republic of Ireland,Narcotics Anonymous
baad0deb-06f6-5519-aab5-54868b245117,The Living Clean Group Dundalk,20:00,"1hr ",,53.990058,-6.3828407,Muirhevna Mor Community Centre,"83 Sliabh Foy Park, Dundalk",,Wednesday,False,False,False,False,,,,,,Republic of Ireland,Narcotics Anonymous
ab94d0c8-c833-5d2a-9ac8-70f2e3697c1b,The Living Clean Group Dundalk,20:00,"1hr ",,53.990058,-6.3828407,Muirhevna Mor Community Centre,"83 Sliabh Foy Park, Dundalk",,Friday,False,False,False,False,,,,,,Republic of Ireland,Narcotics Anonymous
ecb2fb20-af84-5e9f-a40e-0499a235b912,The Spirit Of Giving NA,20:00,"1hr ",Y21 KN81,52.5035968,-6.5727056,Legion Of Mary Hall,"Convent Road, Enniscorthy, Wexford",,Tuesday,False,False,False,False,,,,,,Republic of Ireland,Narcotics Anonymous
4112122a-48e9-585d-bd4e-bf4b1bdc24bd,The Truth Will Set You Free Drogheda,20:00,"1hr ",A92 RF2P,53.7148545,-6.3492071,The Stables,"Batchelors Lane,Drogheda,Co. Louth",,Tuesday,False,False,False,False,,,,,,Republic of Ireland,Narcotics Anonymous
d3fb3ef8-0f7f-5ef6-b8c6-422f2594581a,The Truth Will Set You Free Drogheda,15:00,"1hr ",A92 RF2P,53.7148545,-6.3492071,The Stables,"Batchelors Lane,Drogheda,Co. Louth",,Saturday,False,False,False,False,,,,,,Republic of Ireland,Narcotics Anonymous
ce82ca89-a01c-582b-8769-8154dfbcd33f,Tipperary Town NA Meeting,20:00,1hr 30mins,E34 K156,52.475141,-8.1592624,Tipperary Community Services Center,"St. Michael Street, Tipperary",,Wednesday,False,False,False,False,,,Entrance in the back.,,,Republic of Ireland,Narcotics Anonymous
21945d97-71f5-50cf-9014-1a509d07c7a9,Topic Meeting,20:00,"1hr ",Y34 TX83,52.3954336,-6.9438771,The Shambles (FDYS) Youth Cafe,"Mary Street, New Ross",,Tuesday,False,False,False,False,,,,,,Republic of Ireland,Narcotics Anonymous
7c85d86f-7b3e-5c3c-84fb-817caf0044ae,Waterford Clean And Serene,19:00,"1hr ",X91 F516,52.2360953,-7.1394572,Waterford City Rugby Club,"Carriag An Aird, Waterford",,Saturday,False,False,False,False,,,Six Cross Roads.,,,Republic of Ireland,Narcotics Anonymous
bfd59183-2fc8-5983-90c5-a421a759b961,Waterford Step Meeting,20:00,1hr 30mins,X91 FH04,52.2574052,-7.1104502,Sacristy St. John's Church Parnell Street,Waterford City,,Tuesday,False,False,False,False,,,,,,Republic of Ireland,Narcotics Anonymous
2324d96f-b32a-5f37-9290-8922b9f83683,Waterford Topic Meeting,19:00,"1hr ",X91 V5NH,52.2490396,-7.1346027,12A Francis Court,"Larchville, Waterford City",,Wednesday,False,False,False,False,,,DO NOT PARK CARS IN ESTATE. Parking outside of estate.,,,Republic of Ireland,Narcotics Anonymous
06cec31f-8b39-5c92-97a5-332c2289f323,We Do Recover,19:00,"1hr ",Y21 KN81,52.5035968,-6.5727056,Legion Of Mary Hall,"Convent Road, Enniscorthy, Wexford",,Saturday,False,False,False,False,,,This meeting is focused on discussion of the Twelve Steps of NA.,,,Republic of Ireland,Narcotics Anonymous
5ff5453f-847d-532d-a286-199db3815246,We Do Recover - Cavan,19:00,"1hr ",H12 H049,53.9930664,-7.359341,Teach Oscail Resource Project,"31 Church Street, Cavan Town",,Tuesday,False,True,False,False,,,This meeting is wheelchair accessible.,,,Republic of Ireland,Narcotics Anonymous
0060d554-6d2c-5005-944a-d8eccaa65be9,We Do Recover Group  Drogheda,19:00,"1hr ",A92 XY89,53.713003,-6.344852,"Red Door Project, St Marys Convent","Dublin Road, Drogheda",,Sunday,False,False,False,False,,,,,,Republic of Ireland,Narcotics Anonymous
ab59f02e-5fd6-53e0-9e3e-80ad94f209e8,We Do Recover Group Drogheda,20:00,"1hr ",A92 XY89,53.713003,-6.344852,"Red Door Project, St Marys Convent","Dublin Road, Drogheda",,Monday,False,False,False,False,,,,,,Republic of Ireland,Narcotics Anonymous
11f7384c-a858-5590-9663-d8b9ddecd429,Westport Meeting,20:30,"1hr ",F28 H971,53.7988713,-9.5187295,,"Mill Street, Westport",,Friday,False,False,False,False,,,,,,Republic of Ireland,Narcotics Anonymous
c6c2b26b-3d34-506b-a112-376b1bad425e,Carrigaline Meditation Meeting,10:30,1hr 30mins,P43 ED27,51.8159358,-8.3905478,Church Parish Door At The Back Of The Church,"10 Cork Road, Carrigaline",,Sunday,False,False,False,False,,,,Cork,Republic of Ireland,Republic of Ireland,Narcotics Anonymous
1379d541-4d75-5a9d-9f61-0e8dd61c73d7,Churchfield Group,12:00,"1hr ",T23 YR66,51.90743,-8.4905184,Churchfield Community Trust CLG,"107 - 109 Knockfree Avenue, Cork",,Sunday,False,False,False,False,,,,Cork,Republic of Ireland,Republic of Ireland,Narcotics Anonymous
d2a3c433-8770-5d93-b189-6962502a7226,Churchfield Group,19:00,"1hr ",T23 YR66,51.90743,-8.4905184,Churchfield Community Trust CLG,"107 - 109 Knockfree Avenue, Cork",,Wednesday,False,False,False,False,,,,Cork,Republic of Ireland,Republic of Ireland,Narcotics Anonymous
ce4e7636-5e33-5d21-8c3a-0895ec8160d9,Churchfield Group,19:00,"1hr ",T23 YR66,51.90743,-8.4905184,Churchfield Community Trust CLG,"107 - 109 Knockfree Avenue, Cork",,Friday,False,False,False,False,,,This meeting is focused on discussion of the Twelve Steps of NA.,Cork,Republic of Ireland,Republic of Ireland,Narcotics Anonymous
a1e8adfc-ad3d-569b-bbd0-6a64b9e4fca9,Churchfield Group,19:00,"1hr ",T23 YR66,51.90743,-8.4905184,Churchfield Community Trust CLG,"107 - 109 Knockfree Avenue, Cork",,Saturday,False,False,False,False,,,,Cork,Republic of Ireland,Republic of Ireland,Narcotics Anonymous
3e9c59a7-f14b-5fc5-b922-1ac494ef2bd2,Leap Into Recovery,20:00,"1hr ",P81 Y192,51.570988,-9.1505846,Myross Wood House,"Ardagh, Leap",,Monday,False,False,False,False,,,When you arrive at the house walk around the side and through the arch into a courtyard.Turn left and the door is in the left corner of the courtyard.,Cork,Republic of Ireland,Republic of Ireland,Narcotics Anonymous
1ac240ea-f2fb-5b92-b373-23372a97eee9,Mallow Meeting,19:30,1hr 30mins,P51 KWK8,52.138938,-8.6423335,Social Services Center,"New Road, Mallow",,Tuesday,False,False,False,False,,,,Cork,Republic of Ireland,Republic of Ireland,Narcotics Anonymous
08390b63-b927-555f-9fa6-925bc53f960e,Mallow Meeting,19:30,"1hr ",P51 KWK8,52.138938,-8.6423335,Social Services Center,"New Road,, Mallow",,Thursday,False,False,False,True,,,Near the swimming pool.,Cork,Republic of Ireland,Republic of Ireland,Narcotics Anonymous
d99f6249-dcff-5347-967a-ae1b233b9fc5,Mallow NA Meeting,19:30,1hr 30mins,P51 KWK8,52.138938,-8.6423335,Mallow Social Services,"New Road, Mallow",,Saturday,False,False,False,False,,,Meals on Wheels.,Cork,Republic of Ireland,Republic of Ireland,Narcotics Anonymous
5eededc5-a3ef-5993-a78c-61706f0be0ed,Newcomer's Meeting,20:00,"1hr ",T12 HK4A,51.8935678,-8.4679975,South Parish Community Center,"Sawmill Street, Cork",,Tuesday,False,True,False,False,,,This meeting is wheelchair accessible.,Cork,Republic of Ireland,Republic of Ireland,Narcotics Anonymous
d43762a0-fa1b-58dd-9fe1-7841911ba844,Popes Quay NA Meeting,15:00,1hr 15mins,T23 R239,51.9012197,-8.4738212,Dominican Center,"Popes Quay, Cork",,Saturday,False,False,False,False,,,,Cork,Republic of Ireland,Republic of Ireland,Narcotics Anonymous
5316c51e-fd8c-50d0-a4e0-f7e026655f7b,Strength And Hope,20:00,"1hr ",T12 XW8R,51.8920536,-8.4686156,Quaker House,"Summerhill South,Cork City,Cork",,Monday,False,False,False,False,,,,Cork,Republic of Ireland,Republic of Ireland,Narcotics Anonymous
0ee24146-95f4-5cc7-8964-4030915aade6,Strength And Hope,20:00,"1hr ",T12 XW8R,51.8920536,-8.4686156,Quaker House,"Summerhill South,Cork City,Cork",,Wednesday,False,False,False,False,,,,Cork,Republic of Ireland,Republic of Ireland,Narcotics Anonymous
559cf2fe-bc46-5414-ac41-0a35c4ea2bef,We Do Recover,20:00,"1hr ",T12 CX32,51.894202,-8.4692779,South Parish,"Community Centre,Rutland Street,Cork City",,Sunday,False,True,False,False,,,This meeting is wheelchair accessible.,Cork,Republic of Ireland,Republic of Ireland,Narcotics Anonymous
59a1327a-4044-55e7-b701-7a224b1bc46a,We Do Recover,20:00,"1hr ",T12 CX32,51.894202,-8.4692779,South Parish,"Community Centre,Rutland Street,Cork City",,Friday,False,True,False,False,,,This meeting is wheelchair accessible.,Cork,Republic of Ireland,Republic of Ireland,Narcotics Anonymous
31092d50-e96f-53e3-bd41-cffb60da505e,Womens Group,18:00,"1hr ",T12 ET7E,51.8897705,-8.4458148,Ballinlough Community Centre,"Ballinlough Road,Cork City,Cork",,Friday,False,False,False,False,,,"Main entrance, centre to the right.",Cork,Republic of Ireland,Republic of Ireland,Narcotics Anonymous
3d214d8f-0cf9-5a48-b82d-b4e9c54aeb92,*CLOSED-27DEC* Hope For The Future | NA Group | Step Working Guide Study Meeting,19:00,1hr 45mins,F92 DK2H,54.9491094,-7.735604,Carlin House,"3 Rosemount Court, Rosemount Lane, Letterkenny",,Friday,False,True,False,False,,,"**There is an error with most widely used SatNav. It will misdirect to a dead end. Please use the Map button, to navigate to the Donegal County Library HQ on Rosemount Lane. The meeting venue is in this estate:.
This meeting is wheelchair accessible.",Donegal,Republic of Ireland,Republic of Ireland,Narcotics Anonymous
2ac186f2-8131-5fd1-bfc7-41c06e9ac1cc,*CLOSED-28DEC* Hope For The Future | NA Group | JFT Meeting,11:30,"1hr ",F92 DK2H,54.9491094,-7.735604,Carlin House,"3 Rosemount Court, Rosemount Lane, Letterkenny",,Saturday,False,True,False,False,,,"**There is an error with most widely used SatNav. It will misdirect to a dead end. Please use the Map button, to navigate to the Donegal County Library HQ on Rosemount Lane. The meeting venue is in this estate:.
This meeting is wheelchair accessible.",Donegal,Republic of Ireland,Republic of Ireland,Narcotics Anonymous
77e8ed5f-57ee-574a-a0c1-01d357d83a50,"*OPEN AS USUAL DEC&JAN* Experience, Strength & Hope NA Group | Letterkenny Pastoral Centre | Speaker Meeting",20:00,1hr 30mins,F92 HP66,54.9521117,-7.7392139,Raphoe Pastoral Centre,"Monastery Ave.,Cathedral Square,Letterkenny,Co. Donegal",,Wednesday,False,False,False,False,,,,Donegal,Republic of Ireland,Republic of Ireland,Narcotics Anonymous
c2d0a4bc-2578-51a4-95b1-c449405bcccc,"*OPEN AS USUAL DEC&JAN* Experience, Strength & Hope NA Group | Letterkenny Pastoral Centre | Traditions Meeting",18:00,1hr 30mins,F92 HP66,54.9521117,-7.7392139,Raphoe Pastoral Centre,"Monastery Ave.,Cathedral Square,Letterkenny,Co. Donegal",,Monday,False,False,False,False,,,,Donegal,Republic of Ireland,Republic of Ireland,Narcotics Anonymous
f4b942bb-7d17-5ee8-ba13-04d18af33270,Ballyfermot Group,19:00,"1hr ",D10 K319,53.3428833,-6.3462941,Ballyfermot Resource Centre,"Ballyfermot Rd, D 10",,Tuesday,False,False,False,False,,,,Dublin,Republic of Ireland,Republic of Ireland,Narcotics Anonymous
580944fd-2041-5a88-ba01-ab6d60649a33,Ballyfermot Group,19:00,"1hr ",D10 K319,53.3428833,-6.3462941,Ballyfermot Resource Centre,"Ballyfermot Rd., D 10",,Thursday,False,False,False,False,,,,Dublin,Republic of Ireland,Republic of Ireland,Narcotics Anonymous
783eaeb2-39ce-5fd5-8c5f-4294591c0e08,Ballymun,19:00,"1hr ",D11 X2EP,53.3976351,-6.2659245,Horizon Centre,"Balcurris Rd, Ballymun, D 11",,Tuesday,False,False,False,False,,,"NEW MEETING.
This meeting is focused on discussion of the Twelve Steps of NA.",Dublin,Republic of Ireland,Republic of Ireland,Narcotics Anonymous
a4867f51-8df9-5dec-ba26-f95bc44bdc7f,Ballymun Step Meeting,19:30,1hr 15mins,D11 X2EP,53.3976351,-6.2659245,Horizon Centre,"Balcurris Rd, Ballymun, D 11",,Thursday,False,False,False,False,,,This meeting is focused on discussion of the Twelve Steps of NA.,Dublin,Republic of Ireland,Republic of Ireland,Narcotics Anonymous
37f370f3-12fd-5f4b-bb40-9f99b82bf767,Ballyogan,19:00,"1hr ",D18 TY20,53.2571296,-6.1890903,Ballyogan Parish Hall,"Ballyogan, Dublin 18",,Sunday,False,True,False,False,,,This meeting is wheelchair accessible.,Dublin,Republic of Ireland,Republic of Ireland,Narcotics Anonymous
2986418c-61f1-5af0-831b-fb17ed280b09,Blanchardstown Kellystown,19:00,"1hr ",D15 WTX8,53.3831711,-6.4100179,Lohunda  Lodge,"Clonsilla Village,Clonsilla,Dublin 15",,Monday,False,False,False,False,,,,Dublin,Republic of Ireland,Republic of Ireland,Narcotics Anonymous
6aaa5c6e-cee1-51b1-b455-46c07ff275c4,Chrysalis Community Project,19:30,"1hr ",D07 WA46,53.3530799,-6.2845792,,"33 Manor St, Dublin 7",,Wednesday,False,False,False,False,,,,Dublin,Republic of Ireland,Republic of Ireland,Narcotics Anonymous
8762d58f-78ce-52d4-bc86-55beb5d7d1bc,City Clinic,12:30,"1hr ",D01 A336,53.3529375,-6.2482745,City Clinic,"108/109 Amiens St., Dublin 1",,Thursday,False,False,False,False,,,,Dublin,Republic of Ireland,Republic of Ireland,Narcotics Anonymous
b0e7ba4e-3235-5d2c-bbc6-3be106c8e8aa,Clonsilla,19:00,"1hr ",D15 AT28,53.3826975,-6.4102942,Clonsilla Community Hall (Behind Host Chinese),"Weavers Row, Clonsilla Rd., Dublin 15",,Thursday,False,False,False,False,,,,Dublin,Republic of Ireland,Republic of Ireland,Narcotics Anonymous
a44e65a0-7ce9-5eb2-b028-c683acde3984,Darndale Group,19:30,"1hr ",D17 HC93,53.4015198,-6.1939026,The Dales Centre,"Unit 3/4 Rear Of Village Centre, D 17",,Wednesday,False,False,False,False,,,,Dublin,Republic of Ireland,Republic of Ireland,Narcotics Anonymous
928bcfaf-fff3-5c61-956c-e6158d332516,Darndale Group,19:00,"1hr ",D17 HC93,53.4015198,-6.1939026,The Dales Centre,"Unit 3/4 Rear Of Village Centre, D 17",,Friday,False,False,False,False,,,,Dublin,Republic of Ireland,Republic of Ireland,Narcotics Anonymous
fc2ec1e4-c020-5aea-a780-df7f39e585a6,Drimnagh,19:30,"1hr ",D12 EDN2,53.3351604,-6.3181006,John Bosco Youth Cntr,"Davitt Rd, Dublin 12",,Wednesday,False,False,False,False,,,,Dublin,Republic of Ireland,Republic of Ireland,Narcotics Anonymous
5714f235-6dca-5517-a551-1d55607d90f3,Drimnagh,19:30,"1hr ",D12 EDN2,53.3351604,-6.3181006,John Bosco Youth Cntr,"Davitt Rd, Dublin 12",,Friday,False,False,False,False,,,,Dublin,Republic of Ireland,Republic of Ireland,Narcotics Anonymous
cab10b75-44ad-5326-bf2f-3a14d078e30e,Dublin Christian Mission,19:00,"1hr ",D07 A2Y7,53.3460188,-6.2721731,Dublin Christian Mission,"5 Chancery Place,Dublin City,Dublin 7",,Friday,False,False,False,False,,,,Dublin,Republic of Ireland,Republic of Ireland,Narcotics Anonymous
eec916d5-aebf-565a-8c17-068776aa38b1,From The Street To The Seat Group,12:30,"1hr ",D22 K2H3,53.3440904,-6.3950814,Beside Rowlagh Church,"Liscarne Close, Rowlagh, Clondalkin, Dublin 22",,Sunday,False,False,False,False,,,,Dublin,Republic of Ireland,Republic of Ireland,Narcotics Anonymous
24313ca2-636e-51cb-9a9c-4d541b823201,From The Street To The Seat Group,19:00,"1hr ",D22 K2H3,53.3440904,-6.3950814,Beside Rowlagh Church,"Liscarne Close, Rowlagh, Clondalkin, D 22",,Wednesday,False,False,False,False,,,,Dublin,Republic of Ireland,Republic of Ireland,Narcotics Anonymous
2d41a444-6183-57a4-a55d-39d8779572ab,From The Street To The Seat Group,19:00,"1hr ",D22 K2H3,53.3440904,-6.3950814,Beside Rowlagh Church,"Liscarne Close. Rowlagh, Clondalkin, D 22",,Friday,False,False,False,False,,,,Dublin,Republic of Ireland,Republic of Ireland,Narcotics Anonymous
f85a43be-9479-527e-9790-986811ea9a5a,From The Street To The Seat Group,19:00,"1hr ",D22 K2H3,53.3440904,-6.3950814,Beside Rowlagh Church,"Liscarne Close, Rowlagh, Clondalkin, D 22",,Saturday,False,False,False,False,,,,Dublin,Republic of Ireland,Republic of Ireland,Narcotics Anonymous
78b38833-df0f-5757-a7ed-c2b22dabb484,Frontline To Freedom Group,13:00,"1hr ",D01 KC83,53.3510322,-6.2549478,Teach Mhuire,"38-39 Lower Gardiner Street,Dublin City",,Tuesday,False,False,False,False,,,,Dublin,Republic of Ireland,Republic of Ireland,Narcotics Anonymous
69d940da-8d82-56f4-9c43-c292b3b572de,Frontline To Freedom Group,13:00,"1hr ",D01 KC83,53.3510322,-6.2549478,Teach Mhuire,"38-39 Lower Gardiner Street,Dublin City",,Saturday,False,False,False,False,,,,Dublin,Republic of Ireland,Republic of Ireland,Narcotics Anonymous
72dc1a39-29db-5144-a931-3d579477a222,Glin Sports Centre,12:00,"1hr ",D17 DX05,53.4002005,-6.206292,,"Brookhaven, Glin Road, Dublin 17",,Sunday,False,False,False,False,,,,Dublin,Republic of Ireland,Republic of Ireland,Narcotics Anonymous
46bf961e-7a3d-5fc3-9a74-2dcfd3d15106,Irish Service Office - NA Shop,13:00,"3hr ",D08 V6V4,53.338192,-6.2706902,14B Upper Kevin Street,Dublin 8,,Saturday,False,False,False,False,,,,Dublin,Republic of Ireland,Republic of Ireland,Narcotics Anonymous
687f95a2-5ccc-5704-8dc6-b195123cb6f1,Keeping The Lights On Group,19:45,1hr 15mins,A94 YX77,53.286132,-6.1922582,John Of God Hospital,"Stilllorgan Rd, Blackrock",,Friday,False,True,False,False,,,This meeting is wheelchair accessible.,Dublin,Republic of Ireland,Republic of Ireland,Narcotics Anonymous
e5846197-226f-5d63-b23b-6c69c3685782,Knocklyon Group,20:00,"1hr ",D16 YV04,53.282062,-6.3212135,Rutland Centre -,"Knocklyon Rd.,, Dublin 16",,Monday,False,False,False,False,,,NO PARKING on centre grounds - Please park in SuperValu.,Dublin,Republic of Ireland,Republic of Ireland,Narcotics Anonymous
4c2ab22d-dec3-5b0a-a1cb-d4b8f18739db,Light Of Hope Group,19:00,"1hr ",D24 A275,53.2760035,-6.3795164,CARP Buiding,"Killinarden Heights, Dublin 24",,Monday,False,False,False,True,,,This meeting gathers in a facility that is usually closed on holidays.,Dublin,Republic of Ireland,Republic of Ireland,Narcotics Anonymous
caefc4a5-6b0f-59f1-943d-4cd3154f0987,Light Of Hope Group,14:00,"1hr ",D24 A275,53.2760035,-6.3795164,CARP Building,"Killinarden Heights, Dublin 24",,Saturday,False,False,False,True,,,This meeting gathers in a facility that is usually closed on holidays.,Dublin,Republic of Ireland,Republic of Ireland,Narcotics Anonymous
e4e04a91-80b1-5846-86b5-297388ba5812,Live In Hope,13:00,"1hr ",K67 T6T7,53.4534744,-6.2431029,Community Centre,"River Valley,Swords,Co. Dublin",,Saturday,False,False,False,False,,,,Dublin,Republic of Ireland,Republic of Ireland,Narcotics Anonymous
4edcc879-5bc3-5e67-89a3-1ca0b3badd1a,Lynks Project,19:00,"1hr ",D08 HR84,53.3361189,-6.3263933,,"Hesed Hse, 74 Tyrconnell Rd, Dublin 8",,Thursday,False,False,False,False,,,Down the lane at rear of building.,Dublin,Republic of Ireland,Republic of Ireland,Narcotics Anonymous
4ec3fabe-1889-5f02-a8b0-9e70608ec932,Malahide NA,19:00,"1hr ",K36 EE72,53.4505029,-6.1545458,33-35 Main Street,"Above Paperweight Shop, Malahide",,Tuesday,False,False,False,False,,,,Dublin,Republic of Ireland,Republic of Ireland,Narcotics Anonymous
5f654a2f-53e9-5798-80db-8cfd38db200d,Meditation Meeting,18:00,"1hr ",D08 AY98,53.3317252,-6.2714235,Saint Kevins Community Centre,"Bloomfield Avenue, Portobello, Dublin 8",,Wednesday,False,False,False,False,,,,Dublin,Republic of Ireland,Republic of Ireland,Narcotics Anonymous
7abf088d-122b-5e04-980d-a34e3fe4e32a,Men's Group,18:30,"1hr ",D02 T258,53.3401524,-6.2659527,Carmelite Community Centre,"Aungier Street,Dublin City,Dublin 2",,Friday,False,False,False,False,,,This meeting is meant to be attended by men only.,Dublin,Republic of Ireland,Republic of Ireland,Narcotics Anonymous
3322a84b-814d-58f1-8420-ed1a57e94bbc,NA Crumlin,19:00,"1hr ",D12 YK28,53.3310787,-6.2952589,Casadh,"45 Crumlin Road, Dublin 12",,Tuesday,False,False,False,False,,,,Dublin,Republic of Ireland,Republic of Ireland,Narcotics Anonymous
3c275530-eb4b-5786-acd9-db75bb4194b3,NA Gardiner Street,19:00,"1hr ",D01 RK07,53.3580104,-6.259565,St Francis Xavier Church,"Gardiner St, Dublin 1",,Sunday,False,False,False,False,,,,Dublin,Republic of Ireland,Republic of Ireland,Narcotics Anonymous
f29fa293-23c8-5bfd-bd14-e210e16dd979,"NA Gardiner Street - Steps 1, 2 & 3",18:00,"1hr ",D01 RK07,53.3580104,-6.259565,St Francis Xavier Church,"Gardiner St, Dublin 1",,Saturday,False,False,False,False,,,,Dublin,Republic of Ireland,Republic of Ireland,Narcotics Anonymous
0bc45576-597f-5617-b7a7-95566617183f,NA Sandyford,20:30,"1hr ",D18 XY47,53.2752149,-6.2062343,"DLR Cat, Unit 8 Leopardstown Office Park","Burton Hall Road, Sandyford",,Tuesday,False,True,False,False,,,This meeting is wheelchair accessible.,Dublin,Republic of Ireland,Republic of Ireland,Narcotics Anonymous
1174fe79-df4a-5ba3-b716-034fe8b5c458,North Dublin Community Care,19:00,"1hr ",K67 KF72,53.471012,-6.231854,,"68 Applewood Main Street, Applewood Village, Swords",,Wednesday,False,False,False,False,,,,Dublin,Republic of Ireland,Republic of Ireland,Narcotics Anonymous
2cbda591-bcdb-53c4-bd3a-be1b36c1fca3,One Addict Helping Another,13:00,"1hr ",D01 V2A0,53.3546123,-6.2639752,Abbey Presbyterian Church,"Parnell Square North,Dublin City,Dublin 1",,Monday,False,False,False,False,,,This meeting gathers in a facility that is usually closed on holidays.,Dublin,Republic of Ireland,Republic of Ireland,Narcotics Anonymous
590f4571-4a6e-52e1-96ad-c0142d96f733,One Addict Helping Another,13:00,"1hr ",D01 V2A0,53.3546123,-6.2639752,Abbey Presbyterian Church,"Parnell Square North,Dublin City,Dublin 1",,Friday,False,False,False,False,,,,Dublin,Republic of Ireland,Republic of Ireland,Narcotics Anonymous
b3ba23e0-e804-5a25-90da-a30c902e0503,One Addict Helping Another,13:30,"1hr ",D01 V2A0,53.3546123,-6.2639752,Abbey Presbyterian Church,"Parnell Square North,Dublin City,Dublin 1",,Saturday,False,False,False,False,,,,Dublin,Republic of Ireland,Republic of Ireland,Narcotics Anonymous
324107d8-7a0b-52c5-9adc-36024ef3ff45,Portrane Community Cntr,19:00,"1hr ",K36 F598,53.4898287,-6.1432449,Donabate,"3 Portrane Rd., Ballalease North, Donabate",,Friday,False,False,False,False,,,,Dublin,Republic of Ireland,Republic of Ireland,Narcotics Anonymous
97223164-9b11-5471-95ab-b2c6578f653f,Seville Place NA,19:30,"1hr ",D01 WF89,53.3529889,-6.2446121,St Joseph O' Connells Boys GAA Club,"31A Seville Place, Dublin 1",,Monday,False,False,False,False,,,,Dublin,Republic of Ireland,Republic of Ireland,Narcotics Anonymous
249b0e25-2094-5392-a8ab-820a3639856d,Soilse,13:00,"1hr ",D01 ER89,53.3507923,-6.2710347,,"7 Henrietta Place, Dublin 1",,Sunday,False,False,False,False,,,,Dublin,Republic of Ireland,Republic of Ireland,Narcotics Anonymous
90abe2e5-c6a8-5270-8684-32c9355c925a,Soilse,20:00,"1hr ",D01 ER89,53.3507923,-6.2710347,,"7 Henrietta Place, Dublin 1",,Tuesday,False,False,False,False,,,,Dublin,Republic of Ireland,Republic of Ireland,Narcotics Anonymous
bd0e5518-93fc-5cdf-8ae3-68084f7eb9bb,Soilse,20:00,"1hr ",D01 ER89,53.3507923,-6.2710347,,"7 Henrietta Place, Dublin 1",,Thursday,False,False,False,False,,,,Dublin,Republic of Ireland,Republic of Ireland,Narcotics Anonymous
96f78f62-adca-5c8e-b746-14ac144bc010,Spellman Centre Rignsend,20:00,"1hr ",D04 PW10,53.3399454,-6.224126,,"17 Irishtown Rd., Ringsend",,Wednesday,False,False,False,False,,,,Dublin,Republic of Ireland,Republic of Ireland,Narcotics Anonymous
84410f62-7f74-59e8-9188-ed6cc9fb47d2,St. Andrew’S Community Cntr,20:00,"1hr ",D08 H51F,53.3356221,-6.293796,St. Andrew's Resource Centre,"469 South Circular Road,Rialto,Dublin 8",,Monday,False,False,False,False,,,,Dublin,Republic of Ireland,Republic of Ireland,Narcotics Anonymous
febe6ba9-d694-5c26-8e99-d9369f853daf,St. Andrew’S Community Cntr,19:00,"1hr ",D08 H51F,53.3356221,-6.293796,St. Andrew's Resource Centre,"469 South Circular Road,Rialto,Dublin 8",,Saturday,False,False,False,False,,,,Dublin,Republic of Ireland,Republic of Ireland,Narcotics Anonymous
dde7560b-1b5b-5ce3-ab6c-40ff99d4cafa,Tallaght Basic Text Study Group - Starts January 7Th 2025,19:15,"1hr ",D24 X59C,53.2756205,-6.4029024,Kiltalown House,"Elm Drive, Jobstown, Tallaght",,Tuesday,False,False,False,False,,,"Basic Texts available. If you can, bring your own.",Dublin,Republic of Ireland,Republic of Ireland,Narcotics Anonymous
3753aad3-a667-5e31-aa7b-835771699340,The Freedom Group Step Meeting,19:30,"1hr ",D02 HP49,53.3324998,-6.2587863,Back Of Presbyterian Church,"Adelaide Road, St Kevins, Dublin 2",,Saturday,False,False,False,False,,,This meeting is focused on discussion of the Twelve Steps of NA.,Dublin,Republic of Ireland,Republic of Ireland,Narcotics Anonymous
caf23112-327c-5655-bd6e-d64120c48fa1,The Glin - How It Works And Why,19:30,"1hr ",D17 DX05,53.4002005,-6.206292,"The Glin Sports Centre, Brookhaven","Glin Rd, D 17",,Monday,False,False,False,False,,,This meeting gathers in a facility that is usually closed on holidays.,Dublin,Republic of Ireland,Republic of Ireland,Narcotics Anonymous
2906c4d2-e4fd-58a8-9099-60d2085a04e7,The New Beginnings Group,13:00,"1hr ",D02 T258,53.3401524,-6.2659527,Carmelite Community Centre,"Aungier Street,Dublin City,Dublin 2",,Wednesday,False,False,False,False,,,,Dublin,Republic of Ireland,Republic of Ireland,Narcotics Anonymous
ce2cdfa5-8278-5000-856a-37b33d6c374e,Together We Can,20:00,"1hr ",D24 YX60,53.2951311,-6.3423372,St Aengus Centre (Behind Macari's Chip Shop),"Castletymon Green, Tymon North, Tallaght",,Tuesday,False,False,False,False,,,,Dublin,Republic of Ireland,Republic of Ireland,Narcotics Anonymous
4a0326e0-4e22-5d6f-a4c6-debaf2006bae,Together We Can Group Step Meeting,20:00,"1hr ",D24 YX60,53.2951311,-6.3423372,St Aengus Centre (Behind Macari's Chip Shop),"Castletymon Green, Tymon North, Tallaght",,Thursday,False,False,False,False,,,,Dublin,Republic of Ireland,Republic of Ireland,Narcotics Anonymous
e46f6ebc-2c5b-5087-a245-e4bea649d8ca,Together We Can Group Tallaght,18:00,"1hr ",D24 VX68,53.2786345,-6.4020674,St Thomas Church,"(At 27 Bus Terminus), Jobstown, Tallaght",,Sunday,False,False,False,False,,,,Dublin,Republic of Ireland,Republic of Ireland,Narcotics Anonymous
7cda4cbc-744f-5e4d-95df-55a73e587a05,TRP,19:00,"1hr ",D24 X59C,53.2756205,-6.4029024,Kiltalown House,"Elm Drive, Jobstown, Tallaght",,Wednesday,False,False,False,False,,,,Dublin,Republic of Ireland,Republic of Ireland,Narcotics Anonymous
41d787c6-6262-5052-bfd4-72847ab1fa95,Womens Group,19:00,"1hr ",D24 A275,53.2760035,-6.3795164,CARP,"Killinarden Heights, D 24",,Friday,False,False,False,False,,,This meeting is meant to be attended by women only.,Dublin,Republic of Ireland,Republic of Ireland,Narcotics Anonymous
1ea2b3e1-7ae3-5053-858e-e28dc30b75f9,"Augustine St., Galway",19:30,"1hr ",H91 H992,53.2723509,-9.0512706,,"4 St. Augustine Street,Youth Service,Galway City,Co. Galway",,Thursday,False,False,False,False,,,,Galway,Republic of Ireland,Republic of Ireland,Narcotics Anonymous
f47388e4-5587-580c-9154-3802b675b3d2,"Augustine St., Galway",19:00,"1hr ",H91 H992,53.2723509,-9.0512706,,"4 St. Augustine Street,Youth Service,Galway City,Co. Galway",,Friday,False,False,False,False,,,,Galway,Republic of Ireland,Republic of Ireland,Narcotics Anonymous
c97969df-df79-5ba2-842c-6153c3009a5b,Meditation/Step 11 Meeting,19:00,"1hr ",H91 EW9W,53.2610718,-9.0769923,Galilee House,"Monksfield, Salthill",,Sunday,False,False,False,False,,,"Meditation/Step 11 meeting.
This meeting is focused on discussion of the Twelve Steps of NA.
This meeting encourages its participants to engage in quiet meditation.",Galway,Republic of Ireland,Republic of Ireland,Narcotics Anonymous
32482674-f633-5818-b7e1-4aea694875b7,"NA Cuan Mhuire, Athenry",20:00,"1hr ",H65 YW98,53.36664,-8.8368727,Cuan Mhuire,"Coolarne, Turloughmore, Athenry",,Friday,False,False,False,False,,,,Galway,Republic of Ireland,Republic of Ireland,Narcotics Anonymous
b01a8c80-5765-5aa4-900e-6473002ef3d8,NA Meeting,20:00,"1hr ",H91 RW08,53.2855713,-9.0004023,SCCUL Enterprise Centre,"Castlepark Road, Ballybane",,Monday,False,False,False,False,,,,Galway,Republic of Ireland,Republic of Ireland,Narcotics Anonymous
b9530c2e-712f-5702-aa4f-65c51cfe03bb,NA Meeting,20:00,"1hr ",H54 EY24,53.5115266,-8.8544883,Harmony Hall,"Church View, Tuam",,Monday,False,False,False,False,,,"Meeting on ground floor at side of building. Enter from car park.
This meeting is focused on discussion of the Twelve Steps of NA.",Galway,Republic of Ireland,Republic of Ireland,Narcotics Anonymous
04cd083e-d214-5be6-b7e1-f4e34c3d14db,NA Meeting,20:00,"1hr ",H91 RW08,53.2855713,-9.0004023,SCCUL Enterprise Centre,"Castlepark Road, Ballybane",,Tuesday,False,False,False,False,,,,Galway,Republic of Ireland,Republic of Ireland,Narcotics Anonymous
23805e6b-8669-56df-bcce-e8b00730fa88,NA Meeting,13:00,"1hr ",H91 RW08,53.2855713,-9.0004023,SCCUL Enterprise Centre,"Castlepark Road, Ballybane",,Wednesday,False,False,False,False,,,EXTRA MEETING - CHRISTMAS DAY ONLY.,Galway,Republic of Ireland,Republic of Ireland,Narcotics Anonymous
087d90b8-baa3-59e0-a485-00c63c61ecb1,NA Meeting,20:00,"1hr ",H91 RW08,53.2855713,-9.0004023,SCCUL Enterprise Centre,"Castlepark Road, Ballybane",,Wednesday,False,False,False,False,,,NOTE Time Change. OPEN CHRISTMAS DAY.,Galway,Republic of Ireland,Republic of Ireland,Narcotics Anonymous
bacd91e9-ec73-51de-8260-872f6992724d,NA Meeting,20:00,"1hr ",H54 EY24,53.5115266,-8.8544883,Harmony Hall,"Church View, Tuam",,Friday,False,False,False,False,,,"Meeting on ground floor at side of building. Enter from car park.
This meeting is focused on discussion of the Twelve Steps of NA.",Galway,Republic of Ireland,Republic of Ireland,Narcotics Anonymous
dbb1a853-7c2d-5257-983b-b3d2da6bd701,NA Meeting,14:00,"1hr ",H91 Y2TT,53.2632288,-9.118271,Knocknacarra Church,Monalee Heights,,Saturday,False,False,False,False,,,,Galway,Republic of Ireland,Republic of Ireland,Narcotics Anonymous
9dfffef4-dd6c-5fe3-b345-3d073d9c04e5,NA Meeting,19:00,"1hr ",H91 RW08,53.2855713,-9.0004023,SCCUL Enterprise Centre,"Castlepark Road, Ballybane",,Saturday,False,False,False,False,,,,Galway,Republic of Ireland,Republic of Ireland,Narcotics Anonymous
4b3e5406-da4f-5901-b074-db36fedd2f14,Listowel NA,20:15,"1hr ",V31 EC62,52.4504338,-9.4710214,Family Resource Centre,"John B. Keane Road,Listowel,Co. Kerry",,Tuesday,False,False,False,False,,,,Kerry,Republic of Ireland,Republic of Ireland,Narcotics Anonymous
446b9a3c-8b40-5843-a04e-62e2de40ba33,Tralee NA Meeting,11:00,1hr 30mins,V92 K88V,52.2685395,-9.7035941,St. Johns Parish Center,"Lower Castle Street, Tralee",,Sunday,False,False,False,False,,,,Kerry,Republic of Ireland,Republic of Ireland,Narcotics Anonymous
436e7264-8f30-51d3-8d84-9965354396d0,Tralee NA Meeting,20:00,1hr 30mins,V92 K88V,52.2685395,-9.7035941,St. Johns Parish Center,"Lower Castle Street, Tralee",,Monday,False,False,False,False,,,This meeting is focused on discussion of the Twelve Steps of NA.,Kerry,Republic of Ireland,Republic of Ireland,Narcotics Anonymous
0e3e93a1-4129-54d4-ad54-34cdea8a3a44,Tralee NA Meeting,20:00,1hr 30mins,V92 K88V,52.2685395,-9.7035941,St. Johns Parish Center,"Lower Castle Street, Tralee",,Wednesday,False,False,False,False,,,,Kerry,Republic of Ireland,Republic of Ireland,Narcotics Anonymous
43869dbd-c0ea-5444-82d1-01d0cc567a09,Tralee NA Meeting,20:00,1hr 30mins,V92 K88V,52.2685395,-9.7035941,St. Johns Parish Center,"Lower Castle Street, Tralee",,Thursday,False,False,False,False,,,,Kerry,Republic of Ireland,Republic of Ireland,Narcotics Anonymous
45eb1c65-5602-520b-84fe-1c1dd31299df,Tralee NA Meeting,20:00,1hr 30mins,V92 K88V,52.2685395,-9.7035941,St. Johns Parish Center,"Lower Castle Street, Tralee",,Saturday,False,False,False,False,,,,Kerry,Republic of Ireland,Republic of Ireland,Narcotics Anonymous
f56e8953-6b90-53f9-8bec-441f6ef10947,Safe Harbour Group,18:00,"1hr ",A63 C927,53.1449788,-6.0661138,Hillside Evangelical Church,"Hillside Road, Greystones",,Sunday,False,False,False,False,,,,Wicklow,Republic of Ireland,Republic of Ireland,Narcotics Anonymous
efdace2b-fceb-5d2a-b7ce-6cd45fcb3d1d,G-Women's Meeting,11:30,"1hr ",DD1 4EH,56.458384,-2.973038,Meadowside St Pauls Church,"118 Nethergate, Use Side Entrance",,Saturday,False,True,False,True,Open to all on request,"Beginner/Newcomer,Speaker,Share meeting","Venue Info: Side Door
A Women's Meeting With a Experience Strength & Hope Share by an NA Member.",,,Scotland,Narcotics Anonymous
49eb86e4-65af-5bcb-8665-6eb7e5c2e196,NENA Friday Afternoon,14:30,1hr 15mins,EH5 2JQ,55.975667,-3.232737,St Margaret Mary's Church Hall,"Boswall Parkway,Edinburgh",,Friday,False,True,False,True,Open to all,"Children Welcome,Speaker,No pets,Share meeting","The Meeting Format is an Experience, Strength & Hope Share Every Week.
Fellows With Children, Please Can they be Supervised and Wearing Headphones.",,,Scotland,Narcotics Anonymous
cf3d788f-9cf0-5e7a-81e0-3369687aa333,Tuesday Scottish Borders,20:00,1hr 30mins,TD1 3HS,55.610066,-2.802619,St Peters Church,"Parsonage Road,Galashiels",,Tuesday,False,False,False,True,Open to all,"Children Welcome,Speaker,No pets,Share meeting","The Meeting Format is an Experience, Strength & Hope Chair Every Week.
Fellows With Children, Please Can they be Supervised and Wearing Headphones.",Borders and East Lothian,Scotland,Scotland,Narcotics Anonymous
699ec0f4-7d50-5b9c-bb60-705efbad83a7,The Primary Purpose,19:00,1hr 30mins,KY12 7JE,56.071603,-3.456653,Holy Trinity Dunfermline - Scottish Episcopal Church,"East Port Street,Dunfermline",,Tuesday,False,False,False,False,Open to addicts only,"Candlelight,Share meeting,Parking Available,Pets Welcome","Venue Info: Entry door is at the side of the venue (Blue Door) on Viewfield Terrace. Doors open 18:30.
The Format of the Meeting 
Week 1 - Experience, Strength & Hope Share
Week 2 - Topic Share
Week 3 - Experience, Strength & Hope Share
Week 4 - Literature/Step Share
Travel Comment: Bus/Train Station are Both Well Located to Venue and are a 10 Minute Walk away.",Fife,East of Scotland,Scotland,Narcotics Anonymous
c6a4ccf7-7eda-569b-84e1-5ab8e37b98fc,Together We Can,19:00,"1hr ",KY12 7JE,56.071603,-3.456653,"Church Hall, Holy Trinity Episcopal Church","East Port Street,Dunfermline",,Saturday,False,False,False,False,Open to addicts only,"Beginner/Newcomer,Children Welcome,Literature Study,Speaker,Share meeting,Parking Available,Pets Welcome","Venue Info: Door Entry is on Viewfield Terrace.
The Format of the Meeting is Reading the NA Literature and Sharing Back. 
Occasionally There is an Experience, Strength & Hope Share.
Travel Comment: 5 Minutes Walk from Dunfermline Bus Station.10 Minutes Walk from Dunfermline City Train Station.",Fife,East of Scotland,Scotland,Narcotics Anonymous
0268be90-dbaa-5db3-9fed-bbb3c2fe1161,Coming Back To Life,11:00,"1hr ",G20 8LE,55.8849,-4.286609,Shakespeare Street Youth Club,"95 Shakespeare Street,Glasgow",,Wednesday,False,True,False,True,Open to all,"Speaker,Format Varies,Share meeting","Venue Info: Fully accessible including toilet
Bus Routes: 60,60a,17
Travel Comment: Near Maryhill Shopping centre, just off Maryhill Road",Glasgow North West,Glasgow,Scotland,Narcotics Anonymous
cfc513b5-cfbc-594e-b131-2035be78d70c,A New Way To Live,19:30,"1hr ",EH48 1TR,55.901636,-3.645418,Recovery Service - West Lothian,"19B South Bridge Street,Bathgate",,Thursday,False,False,False,True,Open to all,"Just For Today Book Study,Speaker,Format Varies,Share meeting,Book Study","Venue Info: Down from the Council OfficeGo into the building, up the stairs, and the room is on the left hand side.",West Lothian,Scotland,Scotland,Narcotics Anonymous
5fe509f3-0544-562c-84fd-fd72cde5fa8c,One Step At A Time,19:00,"1hr ",EH48 1TR,55.901636,-3.645418,CGL,"19B North Bridge Street,Bathgate",,Sunday,False,False,False,False,Open to addicts only,Children Welcome,,West Lothian,Scotland,Scotland,Narcotics Anonymous
44dd87cd-a065-524c-b4a6-d45ce04a5d5e,Ammanford NA,19:30,"1hr ",SA18 3QN,51.782095,-4.018946,"Hobby Room, Derwen Newdd","Ammanford Road,Tycroes,Ammanford",,Tuesday,False,True,False,True,Open to all,"Speaker,Share meeting,Pets Welcome",Venue Info: Entrance at side of building,,,Wales,Narcotics Anonymous
37375ecb-0531-50ae-be0b-87f98e84ca50,St Davids,20:00,1hr 30mins,SA62 6SJ,51.881047,-5.266449,Tabernacle Presbyterian Church Of Wales,"4 Goat Street,St Davids",,Tuesday,False,True,False,False,Open to addicts only,"Beginner/Newcomer,Basic Text,Just For Today Book Study,Young People",Venue Info: Door on the right hand side of the church.,,,Wales,Narcotics Anonymous
b56651ca-9b56-54d9-9039-12c687208490,OA Meeting,13:00,,TS6 6PY,54.5795051,-1.1719954,Middlesbrough,"Redcar Rd E,South Bank,Middlesbrough,TSA 6PH",,Monday,False,False,False,False,,"AA 12/12, Big Book","Contact: Amanda-Leigh +44 7341 860879
Meeting Comment: Abstinent members of OA are hosting this meeting every Monday; anyone is welcome, and visitors can be considered. Wk 1: main speaker; Wk 2: reading/sharing BB; Wk 3: reading/sharing OA 12/12; Wk 4: mediation/daily reader.
Language: English
Integroup Number: 09563
Integroup Name: North of England IG",Durham and Cleveland,North East,England,Overeaters Anonymous
aa111adb-d2d2-5de0-83fe-6fb562d6bbc9,OA Meeting,18:00,,SW1X 0BD,51.496596,-0.1622,St Columba's Church Of Scotland,Pont St,,Tuesday,False,False,False,False,,"Newcomer, Speaker","Contact: Harry +44 7341 894094
Meeting Comment: Anyone with compulsive food behaviours is welcome at our weekly meeting. Newcomers and anyone returning from a relapse are encouraged to attend. Takes place in the room on right after entrance. No meeting on Dec 24th or 31st.
Language: English",London Chelsea,London (North),England,Overeaters Anonymous
e3f0e12f-bec2-5656-b9e7-8330ce972e7b,OA Meeting,10:30,,M25 1AY,53.532918,-2.284226,Prestwich Library,"Longfield Centre,Bury New Rd,Upstairs,Wilton Room,Manchester (Prestwich)",,Sunday,False,False,False,False,,OA Steps and/or Traditions Study,"Contact: Lesley +44 7751 074020
Meeting Comment: The 1.5-hour meeting, all welcome, includes literature study and support & fellowship with other compulsive eaters.
Language: English
Integroup Number: 09563
Integroup Name: North of England IG",Manchester,North West,England,Overeaters Anonymous
847d369b-38ea-504d-b658-ce411a3c7bbb,OA Meeting,14:30,,SG2 0DJ,51.908713,-0.170004,The Living Room,"8-10 The Glebe,Chells Way,,Stevenage",,Sunday,False,False,False,False,,OA Steps and/or Traditions Study,"Contact: Nita +44 7762 113446
Meeting Comment: In the Chell's shopping parade, in the right-hand corner if you are in the front car park.
Language: English
Integroup Number: 09961
Integroup Name: OA Great Britain NSB
Integroup Phone: +447717324614",North Herts and North Beds,Eastern,England,Overeaters Anonymous
bda15d31-121a-51b3-8a86-eb498504c861,OA Meeting,14:00,,PL4 8ER,50.375779,-4.137222,Sherwell United Church,"North Hill,St Judes,Plymouth",,Saturday,False,False,False,True,,"Literature, Speaker","Contact: Bea B-J +44 7500 110579
Language: English
Integroup Number: 09961
Integroup Name: OA Great Britain NSB
Integroup Phone: +447717324614",Plymouth,South West,England,Overeaters Anonymous
8b31d52b-19fa-574b-bc30-ed6b3280d107,OA Meeting,17:00,,PL4 6LF,50.383197,-4.13466,"Quaker House, Mutley Plain-Hybrid Meeting","74 Mutley Plain,Ground Floor,Room 1,Plymouth Devon",,Saturday,False,False,False,True,,,"Contact: Mel +44 7712 537687
Meeting Comment: Hybrid face-to-face/virtual meeting. Weekly online with every other week in-person. Alternative Contact: Julie 07745 424447.
Language: English
Integroup Number: 09961
Integroup Name: OA Great Britain NSB
Integroup Phone: +447717324614",Plymouth,South West,England,Overeaters Anonymous
2010a427-2cf1-50a1-a540-e9b131ffd9de,OA Meeting,16:00,,ST15 0EQ,52.896956,-2.152786,Walton Community Centre,"Whitemill Ln,The Classroom,Stone",,Saturday,False,False,False,True,,,"Contact: Catherine +44 1785 811050
Meeting Comment: First and Third Saturday of the month ONLY.  Additional contact #: 07812 481966
Language: English
Integroup Number: 09564
Integroup Name: Heart of England IG",Potteries and District,Midlands,England,Overeaters Anonymous
269c7460-bc11-5cf0-b76a-7d742b664821,OA Meeting,19:30,,HR4 9BX,52.054571,-2.718462,Friends Meeting House,21 King St,,Thursday,False,False,False,True,,Literature,"Contact: Judy +44 7840 903063
Meeting Comment: The meeting has returned to face to face with a duration of 1hr.
Language: English
Integroup Number: 09564
Integroup Name: Heart of England IG",Welsh Borders,Wales and Borders,England,Overeaters Anonymous
1c30035d-cfea-584b-b108-c77d03e35002,OA Meeting,19:00,,DT4 0AR,50.612797,-2.462989,Westham Methodist Church,"Milton Rd,Milton Hall,Weymouth",,Thursday,False,False,False,True,,,"Contact: For information see notes. 
Meeting Comment: For information please email: oaweymouth@gmail.com
Language: English
Integroup Number: 09961
Integroup Name: OA Great Britain NSB
Integroup Phone: +447717324614",West Dorset,South West,England,Overeaters Anonymous
8558f201-1c56-599d-bca0-acfbdc2759e0,OA Meeting,19:00,,V94 NF8N,52.6576512,-8.6344881,Social Services Centre,"Henry Str,Limerick City,Opposite The Old Stand Pub,Limerick,,Ireland",,Wednesday,False,False,False,False,,,"Contact: Mandy R +353 86 833 2679
Meeting Comment: Enter by the door on the far right of the building. Knock on the window if the door is closed. Or, call the contact.
Language: English
Integroup Number: 09238
Integroup Name: Spirit of Hope IG
Integroup Phone: +353834339341",,,Republic of Ireland,Overeaters Anonymous
39bd10ac-34cd-5aeb-bd2d-22ebf198505e,OA Meeting,11:00,,W91 E1RT,53.2181892,-6.6638499,Naas Library- Hybrid Meeting,"North Main Str,Normally Rm 1,NAAS Kildare,,Ireland",,Saturday,False,False,False,False,,"Big Book, OA Steps and/or Traditions Study","Contact: Noeleen +353 87 465 2098
Meeting Comment: Our weekly OA Naas meeting continues every Saturday at 11 am in Naas Library. You are very welcome to join us either online or in person.
Language: English
Integroup Number: 09238
Integroup Name: Spirit of Hope IG
Integroup Phone: +353834339341",,,Republic of Ireland,Overeaters Anonymous
b68921c4-13ea-51f2-8e5a-004ab5a75f4d,OA Meeting,19:15,,,52.2543417,-7.1142845,Edmund Rice Youth And Community Complex,"Manor Str,Floor 3,Waterford City,Ireland",,Tuesday,False,False,False,False,,,"Contact: Denise +353 87 628 8031
Language: English
Integroup Number: 09561
Integroup Name: Cork IG
Integroup Phone: +353863526467",,,Republic of Ireland,Overeaters Anonymous
1692a5c8-a38f-563c-850d-4d444e1e048a,OA Meeting,20:00,,Y35 H9T4,52.3347264,-6.4629963,"Community Mental Health Centre,","22 Carrigeen Str,Summerhill,Wexford,,Ireland",,Monday,False,False,False,False,,,"Contact: Pamela +353 86 076 1042
Language: English
Integroup Number: 09238
Integroup Name: Spirit of Hope IG
Integroup Phone: +353834339341",,,Republic of Ireland,Overeaters Anonymous
6a6497bb-9cc5-593a-85de-a3d52770f577,OA Meeting,19:00,,P36 WF63,51.9486679,-7.843188,Nagle House,"South Abbey,,Youghal,,Ireland",,Tuesday,False,False,False,False,,Literature,"Contact: Richard +353 86 352 6467
Meeting Comment: Next to CRY Radio.
Language: English
Integroup Number: 09561
Integroup Name: Cork IG
Integroup Phone: +353863526467",,,Republic of Ireland,Overeaters Anonymous
e2f6e079-7116-57fd-9332-83f21a665e0d,OA Meeting,20:00,,P43 TK70,51.8148503,-8.387194,Carrigaline Community Center,"Church Road,Carrigaline,Co. Cork",,Thursday,False,False,False,False,,Big Book,"Contact: Overeaters Anonymous +353 86 352 6467
Language: English
Integroup Number: 09561
Integroup Name: Cork IG
Integroup Phone: +353863526467",Cork,Republic of Ireland,Republic of Ireland,Overeaters Anonymous
02e92974-3452-564d-a7bf-8584d7db2268,OA Meeting,11:00,,,51.9178687,-8.1716241,Our Lady Of Lourdes Hospital,"Doctors Rm Midleton,Entrance From Car Park At The Back Of Hospital,Co Cork Midleton,Ireland",,Sunday,False,False,False,False,,,"Contact: Aileen +353 87 247 4355
Language: English",Cork,Republic of Ireland,Republic of Ireland,Overeaters Anonymous
ec7ee453-7065-58f2-9ccb-f0cfc2976d96,OA Meeting,20:00,,,51.9178687,-8.1716241,Our Lady Of Lourdes Hospital Midleton,"Old Library,Top Floor First Building,Co Cork Midleton,Ireland",,Wednesday,False,False,False,False,,OA Steps and/or Traditions Study,"Contact: Aileen +353 87 247 4355
Language: English
Integroup Number: 09561
Integroup Name: Cork IG
Integroup Phone: +353863526467",Cork,Republic of Ireland,Republic of Ireland,Overeaters Anonymous
71370029-c7c0-525f-bda6-491150dbfcd5,OA Meeting,11:00,,T23 C3FW,51.9138188,-8.4313279,Newbury House,"Old Youghal Rd,Mayfield,Cork,,Ireland",,Sunday,False,False,False,False,,OA Steps and/or Traditions Study,"Contact: Deborah +353 85 754 4333
Meeting Comment: Meetings are operating face to face.
Language: English
Integroup Number: 09561
Integroup Name: Cork IG
Integroup Phone: +353863526467",Cork,Republic of Ireland,Republic of Ireland,Overeaters Anonymous
a6600e42-1ee9-55ff-bed4-029cd4958745,OA Meeting,14:30,,T12 D376,51.8984365,-8.4788251,St. Francis Hall,"Liberty St,,Cork,,Ireland",,Saturday,False,False,False,False,,Varies,"Contact: Doreen +353 86 352 6467
Meeting Comment: Face to face meeting in Cork City centre. Newcomers welcome.
Language: English
Integroup Number: 09561
Integroup Name: Cork IG
Integroup Phone: +353863526467",Cork,Republic of Ireland,Republic of Ireland,Overeaters Anonymous
116d8bd1-44e1-55b3-8da3-a11410e9f582,OA Meeting,11:00,,T23 R239,51.9012197,-8.4738212,The Dominican Centre,"Popes Quay,,Cork City,,Ireland",,Sunday,False,False,False,False,,,"Contact: Phil +353 87 704 5512
Language: English
Integroup Number: 09561
Integroup Name: Cork IG
Integroup Phone: +353863526467",Cork,Republic of Ireland,Republic of Ireland,Overeaters Anonymous
17f0135b-54cc-55b8-8a3f-ac03131afb98,OA Meeting,18:15,,T12 V6P4,51.8904992,-8.4918668,Horgan‘S Buildings,"Magazine Rd,,Cork City,,Ireland",,Monday,False,False,False,False,,,"Contact: OA Hope +353 86 352 6467
Meeting Comment: Off Western Road
Language: English",Cork,Republic of Ireland,Republic of Ireland,Overeaters Anonymous
90e00506-f178-5b70-abf3-56d595f4dcf5,OA Meeting,19:30,,,51.9138205,-8.4313404,Newbury House,"Old Youghal Rd,,Cork City,Ireland",,Monday,False,False,False,False,,,"Contact: Karen +353 87 938 1701
Language: English",Cork,Republic of Ireland,Republic of Ireland,Overeaters Anonymous
422f5a23-ae06-5127-b444-acc04379ae03,OA Meeting,18:30,,T23 C3FW,51.9138188,-8.4313279,Newbury House,"Old Youghal Rd,,Cork City,,Ireland",,Wednesday,False,False,False,False,,,"Contact: Karen +353 87 938 1701
Meeting Comment: Mayfield- Meeting is meeting face-to-face.
Language: English",Cork,Republic of Ireland,Republic of Ireland,Overeaters Anonymous
8ce43216-6a1a-57d5-b432-e26d047e0d61,OA Meeting,18:30,,T23 C3FW,51.9138188,-8.4313279,Newbury House,"Old Youghal Rd,Mayfield,Cork City,,Ireland",,Thursday,False,False,False,False,,,"Contact: Deborah +353 85 754 4333
Meeting Comment: Mayfield Meetings are going ahead face to face.
Language: English",Cork,Republic of Ireland,Republic of Ireland,Overeaters Anonymous
f6039947-8cf0-54fa-a499-b37ef40badc6,OA Meeting,13:15,,T12 HH99,51.8986205,-8.4785505,St Francis Church,"Liberty St,Our Ladys Room,Cork City,,Ireland",,Friday,False,False,False,False,,,"Contact: OA Hope +353 86 325 6467
Meeting Comment: Door to the left of church entrance.
Language: English
Integroup Number: 09561
Integroup Name: Cork IG
Integroup Phone: +353863526467",Cork,Republic of Ireland,Republic of Ireland,Overeaters Anonymous
ab6ee42b-f732-5999-9d6a-7fcb9c94bacc,OA Meeting,16:00,,T12 HH99,51.8986205,-8.4785505,St Francis Church,"Liberty Str,,Cork City,,Ireland",,Saturday,False,False,False,False,,,"Contact: OA Hope +353 86 352 6467
Meeting Comment: The door to the left of the main church entrance.
Language: English
Integroup Number: 09561
Integroup Name: Cork IG
Integroup Phone: +353863526467",Cork,Republic of Ireland,Republic of Ireland,Overeaters Anonymous
2a6de9e7-3da0-5214-81c4-d0a1e0745b0c,OA Meeting,20:00,,D15 AXF3,53.3847051,-6.3766257,St Brigid’S Centre,"Church Ave,Behind St Brigid’S Church,Dublin,,Ireland",,Tuesday,False,False,False,False,,Big Book,"Contact: Eamonn +353 87 269 3543
Language: English
Integroup Number: 09238
Integroup Name: Spirit of Hope IG
Integroup Phone: +353834339341",Dublin,Republic of Ireland,Republic of Ireland,Overeaters Anonymous
1d90c44c-273e-5087-ac56-58ced6664de2,OA Meeting,11:30,,D24 YY0H,53.2762621,-6.3410316,Firhouse Community & Leisure Club,"Ballycullen Dr,,Dublin (Tallaght Firhouse),,Ireland",,Tuesday,False,False,False,False,,,"Contact: Barbara +353 86 151 6461
Meeting Comment: Near the Scout Den
Language: English
Integroup Number: 09238
Integroup Name: Spirit of Hope IG
Integroup Phone: +353834339341",Dublin,Republic of Ireland,Republic of Ireland,Overeaters Anonymous
9e11a3ec-8292-555b-b6d0-6be1ceaffd12,OA Meeting,19:30,,,53.2767172,-9.0544273,Galway Rowing Club,"Waterside Wood Quay,,Galway,Ireland",,Wednesday,False,False,False,True,,,"Contact: Mary +353 86 400 6292
Language: English
Integroup Number: 09238
Integroup Name: Spirit of Hope IG
Integroup Phone: +353834339341",Galway,Republic of Ireland,Republic of Ireland,Overeaters Anonymous
86457c18-6400-5bfe-ae45-647a85629164,OA Meeting,14:30,,DD3 6XY,56.467859,-2.996085,St Mary's Friary,"24-28 Lawside Rd,Front Entrance To Left Of Top Entrance.,Dundee,,Scotland",,Sunday,False,False,False,True,,,"Contact: R +44 7421 126229
Meeting Comment: No meeting 12 & 26 January 2025. Immediately entering the top entrance to the friary from Lawside road, turnleft, and look for open doorway up a short ramp. Spiritual recovery through steps - suggested of course. Email: dundeeoa@gmail.com.
Language: English
Integroup Number: 09639
Integroup Name: Alba IG
Integroup Phone: +447505706441",Dundee and Area,East of Scotland,Scotland,Overeaters Anonymous
4455b481-bba6-5ea9-aab7-9afe65c9cfd9,OA Meeting,19:00,,G20 7YE,55.876922,-4.270968,Community Central Hall,292-316 Maryhill Rd,,Monday,False,False,False,True,,,"Contact: Tommy +44 7790 505121
Meeting Comment: You're very welcome to come along to our face-to-face 'Just For Today' meeting at Maryhill Community Central Halls in Glasgow.
Language: English
Integroup Number: 09639
Integroup Name: Alba IG
Integroup Phone: +447505706441",Glasgow North West,Glasgow,Scotland,Overeaters Anonymous
1eb6a5cb-f266-5c0d-a3e6-df87fb3d8d58,OA Meeting,19:00,,G72 9DA,55.795175,-4.095502,St Joseph's Rc Church Hall,"Glasgow Rd,,Blantyre,,Scotland",,Tuesday,False,False,False,True,,"Literature, Speaker","Contact: Craig +44 7920 463973
Language: English",Lanarkshire,Scotland,Scotland,Overeaters Anonymous
8aaf4a57-6db9-5892-8f65-cffebdbdcfda,OA Meeting,19:00,,PA3 1NT,55.849182,-4.453474,The Tannahill Centre,76 Blackstoune Rd,,Thursday,False,False,False,True,,Varies,"Contact: Robert +44 7366 236836
Meeting Comment: Meeting varies week by week
Language: English",Paisley and District,South West Scotland,Scotland,Overeaters Anonymous
e6d00b92-a74d-55e7-9f39-999eab33d496,OA Meeting,19:00,,CF33 4LB,51.520986,-3.705013,North Cornelly Methodist Church,5 Heol Fach,,Monday,False,False,False,False,,Literature,"Contact: Helen +44 7798 747860
Meeting Comment: The meeting is open to anyone who wishes to stop eating compulsively.
Language: English
Integroup Number: 09673
Integroup Name: Red Dragon (North Wales) IG
Integroup Phone: +447734082691",Swansea and District,Wales and Borders,Wales,Overeaters Anonymous
